customer,state,gender,education,customer_lifetime_value,income,monthly_premium_auto,number_of_open_complaints,policy_type,vehicle_class,total_claim_amount
RB50392,Washington,F,Master,7715,0,1000,0,Personal Auto,Four-Door Car,3
QZ44356,Arizona,F,Bachelor,697954,0,94,0,Personal Auto,Four-Door Car,1131
AI49188,Nevada,F,Bachelor,1288743,48767,108,0,Personal Auto,Two-Door Car,566
WW63253,California,M,Bachelor,764586,0,106,0,Corporate Auto,SUV,530
GA49547,Washington,M,High School or Below,536308,36357,68,0,Personal Auto,Four-Door Car,17
OC83172,Oregon,F,Bachelor,825630,62902,69,0,Personal Auto,Two-Door Car,159
XZ87318,Oregon,F,College,538090,55350,67,0,Corporate Auto,Four-Door Car,322
CF85061,Arizona,M,Master,721610,0,101,0,Corporate Auto,Four-Door Car,363
DY87989,Oregon,M,Bachelor,2412750,14072,71,0,Corporate Auto,Four-Door Car,511
BQ94931,Oregon,F,College,738818,28812,93,0,Special Auto,Four-Door Car,426
SX51350,California,M,College,473899,0,67,0,Personal Auto,Four-Door Car,482
VQ65197,California,F,College,819720,0,110,0,Personal Auto,SUV,528
DP39365,California,F,Master,879880,77026,110,2,Corporate Auto,Four-Door Car,472
SJ95423,Arizona,F,High School or Below,881902,99845,110,1,Corporate Auto,SUV,528
IL66569,California,F,College,538443,83689,70,2,Corporate Auto,Four-Door Car,307
BW63560,Oregon,F,Bachelor,746314,24599,64,1,Corporate Auto,Four-Door Car,43
FV94802,Nevada,F,High School or Below,256687,25049,67,0,Personal Auto,Two-Door Car,454
OE15005,California,F,College,394524,28855,101,0,Personal Auto,SUV,647
WC83389,Oregon,F,College,571033,51148,72,0,Personal Auto,Four-Door Car,309
FL50705,California,F,High School or Below,816262,66140,101,0,Corporate Auto,Four-Door Car,485
ZK25313,Oregon,F,High School or Below,287205,57749,74,0,Personal Auto,Two-Door Car,355
QK46697,Washington,M,Bachelor,617711,61040,79,1,Personal Auto,Two-Door Car,20
YH23384,Arizona,F,Bachelor,2412750,14072,71,0,Personal Auto,Four-Door Car,511
TZ98966,Nevada,F,Bachelor,245019,0,73,3,Corporate Auto,Four-Door Car,554
HM55802,California,F,Bachelor,239211,17870,61,0,Corporate Auto,Four-Door Car,439
FS42516,Oregon,F,College,580207,97541,72,0,Personal Auto,Four-Door Car,389
US89481,California,F,Bachelor,394637,0,111,0,Personal Auto,Four-Door Car,799
HS14476,Washington,M,College,916206,29723,80,0,Personal Auto,Four-Door Car,21
GE62437,Arizona,F,College,1290256,86584,111,2,Personal Auto,Four-Door Car,533
EJ77678,Oregon,F,Master,323536,75690,80,1,Personal Auto,Four-Door Car,384
SV85652,Arizona,F,College,245458,23158,63,1,Personal Auto,Four-Door Car,322
UL64533,Nevada,F,High School or Below,1897546,65999,237,0,Corporate Auto,Luxury,616
PF41800,California,F,Bachelor,471532,0,65,0,Personal Auto,Four-Door Car,308
HD95276,Washington,F,College,473787,0,130,0,Personal Auto,SUV,24
SK67821,Oregon,F,Bachelor,493292,37260,62,0,Corporate Auto,Four-Door Car,15
YV55495,Arizona,F,High School or Below,574423,68987,71,0,Personal Auto,Four-Door Car,204
KY38074,California,F,Bachelor,1389174,42305,117,0,Personal Auto,Four-Door Car,562
DM79012,Oregon,F,Master,738098,65706,91,0,Personal Auto,Four-Door Car,437
CM61827,Oregon,F,Bachelor,309003,0,90,0,Personal Auto,Two-Door Car,648
WC35801,Arizona,F,High School or Below,252163,53243,66,2,Personal Auto,Four-Door Car,157
QG25316,Nevada,F,High School or Below,265206,0,70,1,Corporate Auto,Two-Door Car,484
MB98372,Oregon,F,College,277104,50071,71,0,Corporate Auto,Two-Door Car,19
IL19217,California,F,Bachelor,393901,60021,99,0,Personal Auto,Four-Door Car,883
SR38658,Arizona,F,High School or Below,1223188,43244,103,0,Personal Auto,Luxury,494
YD87931,Washington,M,Doctor,495166,46896,35354,1,Personal Auto,Four-Door Car,32
HG65722,Oregon,F,Doctor,1281910,10105,172,3,Personal Auto,SUV,1
BU27331,Arizona,F,Bachelor,446851,0,73,3,Personal Auto,Four-Door Car,579
XM45289,Oregon,F,High School or Below,551434,23218,71,0,Personal Auto,Two-Door Car,448
KP34198,California,F,Bachelor,334388,0,92,0,Corporate Auto,Four-Door Car,530
SH90947,Arizona,F,High School or Below,229448,0,62,0,Personal Auto,Four-Door Car,313
WE95729,Oregon,F,College,3670743,24804,104,0,Personal Auto,SUV,594
PY51963,California,F,Bachelor,3347335,33190,106,0,Corporate Auto,SUV,509
RB69909,Nevada,F,High School or Below,798343,36014,69,3,Special Auto,Four-Door Car,174
NW21079,Washington,F,Master,487938,67163,61,2,Personal Auto,Two-Door Car,33
FR46645,California,F,Bachelor,429400,16701,113,0,Personal Auto,Four-Door Car,832
SY17488,Arizona,F,College,716440,46623,91,0,Corporate Auto,Four-Door Car,437
AP67935,California,F,College,761952,64749,64,0,Special Auto,Four-Door Car,303
FS37417,Arizona,F,High School or Below,395800,0,101,0,Personal Auto,SUV,485
ML29312,Oregon,F,High School or Below,449949,16969,124,2,Personal Auto,SUV,705
UB61619,Oregon,F,Master,405957,11621,108,0,Personal Auto,Four-Door Car,518
CD86811,Arizona,F,Bachelor,445811,17622,65,1,Personal Auto,Four-Door Car,312
RU83859,California,F,Bachelor,811033,11489,105,0,Personal Auto,Two-Door Car,504
FG63582,Oregon,F,Bachelor,333976,0,94,0,Personal Auto,Two-Door Car,863
NN71951,California,F,High School or Below,2426102,66525,100,0,Personal Auto,SUV,104
WB37082,Arizona,F,Bachelor,661397,0,63,0,Personal Auto,Four-Door Car,676
SM52139,Washington,F,College,293069,33663,73,0,Personal Auto,Four-Door Car,350
FL82372,Oregon,F,College,867219,22547,112,0,Corporate Auto,SUV,538
DP45816,Arizona,F,High School or Below,1163867,61486,97,0,Personal Auto,Two-Door Car,465
GW33762,Oregon,F,Bachelor,684615,0,95,0,Personal Auto,Two-Door Car,456
RZ33670,California,F,College,1172778,29879,102,0,Personal Auto,Four-Door Car,500
PY70169,Oregon,F,High School or Below,2264383,93011,113,0,Personal Auto,SUV,281
MO91628,Oregon,F,Master,261447,65186,65,0,Personal Auto,Two-Door Car,5
HW87852,Oregon,F,Master,245175,26840,64,2,Personal Auto,Four-Door Car,307
HB20453,Oregon,F,Bachelor,678127,0,104,1,Personal Auto,Luxury,982
BN87372,Oregon,F,Bachelor,497480,75644,65,3,Personal Auto,Two-Door Car,468
YX23800,Oregon,F,Bachelor,859160,38984,73,0,Personal Auto,Four-Door Car,350
DZ87709,Oregon,F,High School or Below,559216,71811,71,0,Personal Auto,Four-Door Car,29
XW13033,Nevada,F,College,800947,20961,67,0,Personal Auto,Four-Door Car,322
SP81997,Washington,F,Master,7715,41275,96,0,Personal Auto,Four-Door Car,41
OM82309,California,F,Bachelor,5816655,61321,186,1,Personal Auto,Luxury,428
ZU35962,California,F,College,802523,0,77,0,Personal Auto,Two-Door Car,26
VH85817,California,F,High School or Below,578018,51066,74,0,Personal Auto,Four-Door Car,788
DT85712,California,F,Doctor,411854,34378,102,0,Personal Auto,SUV,490
YJ88573,Nevada,F,Master,252307,43072,63,0,Personal Auto,Four-Door Car,302
SQ19467,Oregon,F,College,655422,25222,90,0,Personal Auto,Four-Door Car,476
YB66933,Washington,F,Bachelor,538275,77552,68,1,Corporate Auto,Four-Door Car,45
ET79815,California,F,College,592673,23091,96,5,Personal Auto,Four-Door Car,461
QC35222,California,F,Bachelor,268347,48269,69,3,Corporate Auto,Four-Door Car,282
CJ15590,Oregon,F,Bachelor,269518,32720,67,0,Personal Auto,Four-Door Car,322
OI48267,California,F,College,604703,20396,76,1,Personal Auto,Four-Door Car,365
JY67916,Oregon,F,College,1317101,21513,119,1,Personal Auto,Two-Door Car,680
OW15518,Washington,F,College,1595002,0,87,1,Personal Auto,Two-Door Car,46
CZ33664,Oregon,F,Bachelor,252765,80744,63,0,Corporate Auto,Four-Door Car,12
WK30175,Oregon,F,Bachelor,267210,52822,67,0,Corporate Auto,Two-Door Car,351
ON44465,California,F,High School or Below,531329,0,77,1,Personal Auto,Four-Door Car,863
TV87155,Oregon,F,Bachelor,2094619,69738,74,1,Personal Auto,Four-Door Car,492
KH48895,Arizona,F,Master,837535,17780,109,0,Personal Auto,SUV,133
NZ30757,California,F,Bachelor,480166,18107,62,0,Personal Auto,Four-Door Car,298
RI22468,Arizona,F,Bachelor,574594,57740,74,3,Personal Auto,Four-Door Car,270
FZ30935,Oregon,F,College,606612,32627,76,0,Personal Auto,Two-Door Car,380
UG93476,California,F,College,800231,0,107,0,Personal Auto,SUV,514
AB96670,California,F,College,239392,0,70,0,Personal Auto,Four-Door Car,425
XK64261,Oregon,F,Bachelor,476282,65795,62,1,Corporate Auto,Two-Door Car,49
EV68375,California,F,College,433039,60475,107,0,Personal Auto,Four-Door Car,514
UN51653,California,F,High School or Below,940273,0,130,0,Personal Auto,SUV,936
TO96662,Oregon,F,Bachelor,696669,41837,88,0,Personal Auto,Four-Door Car,142
MR52087,California,F,Bachelor,769406,32303,65,0,Personal Auto,Four-Door Car,45
DE75225,Oregon,F,High School or Below,871756,0,117,1,Personal Auto,SUV,562
EP80820,California,F,Bachelor,592875,40531,74,0,Personal Auto,Two-Door Car,31
GU99037,Oregon,F,College,245298,79898,62,1,Corporate Auto,Four-Door Car,272
WI57118,California,F,College,670157,56398,85,0,Personal Auto,Four-Door Car,408
GP39118,Washington,M,High School or Below,499655,71600,63,0,Personal Auto,Two-Door Car,46
MQ14219,Arizona,F,College,849270,27804,109,0,Personal Auto,SUV,785
KN20603,Oregon,F,Bachelor,771349,45506,66,2,Personal Auto,Four-Door Car,317
SG20925,Washington,F,Master,518580,99428,6464,1,Personal Auto,Four-Door Car,48
JI70886,California,F,High School or Below,729007,0,102,1,Corporate Auto,SUV,490
VF72557,Oregon,F,High School or Below,477294,20993,133,0,Personal Auto,SUV,638
OX28638,Arizona,F,High School or Below,680649,37839,86,0,Personal Auto,Two-Door Car,466
SK55033,California,F,Bachelor,246978,92711,62,0,Personal Auto,Two-Door Car,368
OO88645,California,F,College,310392,74665,78,2,Corporate Auto,Four-Door Car,237
FM14335,Washington,F,College,1048492,61108,89,0,Personal Auto,Four-Door Car,49
CW82151,California,F,Bachelor,890274,46833,112,0,Personal Auto,Luxury,64
DY22043,Oregon,F,High School or Below,549945,88768,68,0,Personal Auto,Two-Door Car,326
SH36774,California,F,High School or Below,1502360,28262,192,0,Personal Auto,Luxury,922
EM43724,Nevada,F,Bachelor,250911,33555,63,0,Personal Auto,Four-Door Car,102
FH85960,Oregon,F,College,3122175,42780,113,1,Personal Auto,Four-Door Car,542
XA55993,Oregon,F,Master,313350,58850,78,0,Personal Auto,Four-Door Car,144
GO36627,Arizona,F,College,383745,21880,97,0,Special Auto,Four-Door Car,424
QH48047,Oregon,F,College,1179050,25251,66,0,Personal Auto,Four-Door Car,317
HS28694,Washington,F,High School or Below,282986,25317,71,0,Personal Auto,Two-Door Car,50
UH65059,Arizona,F,High School or Below,430581,24188,109,0,Personal Auto,Luxury,523
FV21968,Nevada,F,Bachelor,597398,41611,74,0,Special Auto,Four-Door Car,114
QA87025,Oregon,F,Bachelor,567044,28406,72,1,Personal Auto,Four-Door Car,193
TQ13499,Arizona,F,College,473175,69833,118,0,Personal Auto,Four-Door Car,829
BU44523,Arizona,F,High School or Below,802638,0,74,0,Corporate Auto,Four-Door Car,533
MS41162,Arizona,F,High School or Below,402296,0,117,0,Personal Auto,SUV,975
PU25891,Oregon,F,High School or Below,961831,80536,119,0,Special Auto,Luxury,54
LH92841,Washington,F,Bachelor,725595,88891,89,0,Personal Auto,Four-Door Car,51
SX26335,Oregon,F,College,955293,97732,79,0,Personal Auto,Four-Door Car,290
AZ95587,Arizona,F,Bachelor,1038855,61222,89,0,Special Auto,Four-Door Car,393
DS81757,Oregon,M,College,247012,0,74,0,Personal Auto,Two-Door Car,721
OJ94107,Arizona,M,Master,561907,50335,140,0,Personal Auto,SUV,457
LP84436,California,F,High School or Below,904712,0,127,0,Personal Auto,Luxury,1088
FF22360,Washington,F,Doctor,268731,82210,68,4,Personal Auto,Four-Door Car,52
LM19287,Oregon,F,High School or Below,373150,0,96,0,Personal Auto,Four-Door Car,461
ZU18643,Nevada,M,Bachelor,366077,64495,92,0,Corporate Auto,Four-Door Car,252
AZ82578,California,F,College,792883,0,72,0,Corporate Auto,Four-Door Car,346
XC67861,Arizona,F,Bachelor,501175,28859,67,3,Corporate Auto,Two-Door Car,322
YC43143,Arizona,F,High School or Below,798826,77330,99,0,Personal Auto,Four-Door Car,99
EK59571,Oregon,M,College,388546,0,105,0,Corporate Auto,Four-Door Car,504
PA38372,Washington,F,High School or Below,935774,33060,117,0,Personal Auto,Four-Door Car,57
RO18530,Washington,M,Master,254069,42557,65,0,Personal Auto,Four-Door Car,58
PD27940,Arizona,M,High School or Below,488516,26372,126,0,Personal Auto,SUV,605
BS77946,Arizona,F,Bachelor,975331,17514,127,0,Personal Auto,SUV,8
YM50253,California,F,Bachelor,294615,89270,74,0,Personal Auto,Four-Door Car,317
NR15332,California,M,High School or Below,258111,29757,65,0,Personal Auto,Four-Door Car,312
RC62865,Oregon,M,College,351739,51814,92,0,Personal Auto,Four-Door Car,56
CC15295,Oregon,F,Bachelor,974335,24028,82,0,Personal Auto,Four-Door Car,394
KA61892,Arizona,M,College,387365,28142,105,0,Personal Auto,Luxury,702
OS94884,Arizona,F,Bachelor,764928,52705,64,1,Personal Auto,Two-Door Car,129
ND87334,California,M,High School or Below,228760,0,63,0,Corporate Auto,Two-Door Car,679
OY51402,Washington,F,High School or Below,825576,54040,103,0,Personal Auto,SUV,60
YL74911,California,F,College,871492,0,118,0,Personal Auto,SUV,566
GK92563,Washington,F,Doctor,681923,22492,85,0,Personal Auto,Two-Door Car,62
HL53154,California,M,Bachelor,741620,0,77,2,Personal Auto,Four-Door Car,554
RI78966,Oregon,M,Master,777116,21876,68,0,Personal Auto,Four-Door Car,465
IC13702,California,F,Bachelor,696834,0,69,1,Personal Auto,Four-Door Car,497
BE10809,California,F,High School or Below,425028,0,61,1,Personal Auto,Four-Door Car,293
HT87217,Oregon,F,High School or Below,1977657,70699,82,0,Personal Auto,Four-Door Car,257
TH95618,California,F,High School or Below,2134347,0,74,1,Personal Auto,Four-Door Car,355
TS19868,California,M,College,241314,27501,63,0,Personal Auto,Four-Door Car,542
LP45550,Oregon,F,Doctor,1536385,15897,101,0,Personal Auto,Four-Door Car,303
QR87004,Nevada,F,College,845696,25141,73,1,Personal Auto,Four-Door Car,25
OE75747,Nevada,F,College,218964,0,61,3,Personal Auto,Four-Door Car,293
DX91392,California,M,High School or Below,578018,51066,74,0,Personal Auto,Four-Door Car,788
AB72731,California,F,Bachelor,463998,28358,117,0,Personal Auto,Luxury,84
GX84338,Washington,F,Doctor,382443,62530,95,0,Personal Auto,Four-Door Car,62
IS12901,Arizona,F,Bachelor,596812,90972,74,0,Personal Auto,Two-Door Car,233
BN90616,Washington,F,Bachelor,859034,63110,72,0,Personal Auto,Four-Door Car,68
HH90090,California,F,Bachelor,407663,29549,104,0,Personal Auto,Luxury,710
IU25463,California,F,Bachelor,1225260,0,115,1,Personal Auto,Four-Door Car,552
KC11055,Nevada,F,Bachelor,1693627,39411,217,2,Personal Auto,Luxury,1123
PD33979,Oregon,M,High School or Below,489244,21709,62,0,Personal Auto,Four-Door Car,408
NK71023,Nevada,M,Bachelor,994230,67890,85,0,Personal Auto,Four-Door Car,408
AB13432,California,M,Bachelor,373584,0,110,0,Personal Auto,SUV,792
OZ97704,California,F,High School or Below,1311752,84311,111,4,Personal Auto,SUV,533
UF46533,California,F,College,457452,99316,114,0,Corporate Auto,SUV,754
XP47431,Arizona,F,Bachelor,547006,54507,138,0,Personal Auto,SUV,703
GK73582,California,F,Bachelor,297885,64586,76,0,Personal Auto,Four-Door Car,207
RV98763,Oregon,M,College,641097,61709,82,2,Personal Auto,Four-Door Car,275
II62831,California,M,Master,447902,94656,111,1,Special Auto,SUV,460
XK33449,California,F,High School or Below,238373,0,69,0,Special Auto,Two-Door Car,497
TR85083,California,M,Bachelor,276449,61085,70,1,Personal Auto,Two-Door Car,336
EO95328,Oregon,F,Bachelor,792011,89284,67,3,Personal Auto,Two-Door Car,322
EN21086,Arizona,F,High School or Below,688910,0,63,0,Personal Auto,Four-Door Car,302
YL83902,Washington,F,Bachelor,327419,31686,81,0,Personal Auto,Four-Door Car,431
AZ62651,Oregon,M,High School or Below,995171,56855,255,0,Corporate Auto,Luxury,1836
ZW25874,Oregon,M,Bachelor,252156,53703,67,2,Special Auto,Four-Door Car,68
EH41854,Washington,F,High School or Below,2370611,0,96,1,Personal Auto,Two-Door Car,844
MW70227,California,M,College,604703,20396,76,1,Personal Auto,Four-Door Car,365
SL22297,California,F,Master,1114030,27679,150,0,Personal Auto,SUV,722
RV14138,Nevada,F,Bachelor,433406,23904,123,3,Personal Auto,SUV,590
UO62808,Arizona,F,High School or Below,279975,65351,69,0,Corporate Auto,Four-Door Car,481
ZX64745,California,M,College,792314,0,113,0,Personal Auto,SUV,1124
FL34139,California,M,High School or Below,368811,0,63,3,Personal Auto,Four-Door Car,670
TS11219,California,M,College,1206746,0,116,0,Personal Auto,SUV,1284
XX12304,California,F,College,292498,64459,72,0,Personal Auto,Four-Door Car,240
SD64087,California,M,College,1501409,32961,190,0,Corporate Auto,SUV,912
OY38576,Oregon,F,High School or Below,927723,71416,116,0,Corporate Auto,SUV,557
BG76355,Washington,F,Bachelor,627412,68964,78,0,Personal Auto,Four-Door Car,115
IP66913,California,M,High School or Below,388665,78108,98,0,Personal Auto,Two-Door Car,470
LE95702,California,M,College,438628,10621,67,0,Special Auto,Four-Door Car,322
KX54357,Washington,M,College,1136527,84910,95,0,Corporate Auto,Two-Door Car,383
EZ78112,California,F,High School or Below,561096,77493,70,0,Special Auto,Four-Door Car,308
XN16891,Arizona,M,College,291289,81097,74,0,Personal Auto,Four-Door Car,355
XK31350,Oregon,F,College,691573,96610,85,0,Corporate Auto,Four-Door Car,520
CC30924,Oregon,M,College,626266,30110,159,0,Corporate Auto,Luxury,466
IT78748,Oregon,F,High School or Below,650340,22081,84,0,Special Auto,Two-Door Car,452
KY33386,Washington,F,High School or Below,800740,0,112,0,Personal Auto,Luxury,538
CO44221,California,M,College,292992,98473,72,0,Personal Auto,Four-Door Car,346
LK60013,Oregon,F,Bachelor,596955,97431,74,0,Personal Auto,Four-Door Car,355
DE21533,California,M,Bachelor,547316,93870,69,0,Personal Auto,Four-Door Car,331
YS94121,Nevada,M,High School or Below,564540,50366,72,0,Personal Auto,Four-Door Car,429
UK68427,Washington,M,High School or Below,636926,34498,83,0,Personal Auto,Two-Door Car,398
TE49565,Oregon,F,College,1183377,16552,103,0,Personal Auto,SUV,494
RA88421,Oregon,F,College,612111,26787,77,0,Personal Auto,Four-Door Car,370
KQ51983,Nevada,M,College,515937,0,74,0,Personal Auto,Two-Door Car,832
CD88896,Nevada,F,High School or Below,251459,43860,65,0,Corporate Auto,Four-Door Car,156
YV22553,Arizona,M,High School or Below,866861,21474,114,2,Corporate Auto,SUV,373
WU14435,California,M,Bachelor,496097,18174,66,0,Corporate Auto,Four-Door Car,396
XV84099,Arizona,F,Bachelor,550414,0,73,0,Corporate Auto,Four-Door Car,350
RI24911,Arizona,M,College,750746,60920,64,0,Personal Auto,Two-Door Car,231
KO26461,Arizona,M,High School or Below,3226985,41520,90,0,Personal Auto,Four-Door Car,290
HI14283,Oregon,F,Bachelor,565703,0,152,0,Personal Auto,SUV,730
PT50227,Arizona,M,High School or Below,506176,0,68,0,Personal Auto,Two-Door Car,326
BH36570,California,M,Bachelor,591278,72208,73,0,Personal Auto,Two-Door Car,350
TX17484,California,F,Bachelor,1518228,53863,63,0,Personal Auto,Four-Door Car,106
CT41158,Washington,M,College,1074703,66446,136,0,Corporate Auto,SUV,639
AO87348,Washington,M,College,205062,0,61,0,Personal Auto,Four-Door Car,293
DE55857,Washington,F,Bachelor,246544,64997,63,1,Personal Auto,Four-Door Car,383
LF66923,Nevada,F,High School or Below,534312,64460,66,0,Corporate Auto,Two-Door Car,317
CN24514,Arizona,F,College,811983,46618,67,0,Personal Auto,Four-Door Car,99
UW32074,Oregon,F,College,460527,0,64,0,Corporate Auto,Four-Door Car,307
HP36979,California,M,College,640879,49988,84,5,Personal Auto,Two-Door Car,567
PP40919,California,F,College,237653,0,91,5,Personal Auto,Two-Door Car,437
RO73268,California,M,Bachelor,321107,16269,86,0,Corporate Auto,Two-Door Car,413
HO61691,Arizona,F,Bachelor,509452,72006,64,0,Personal Auto,Four-Door Car,307
BS13062,Arizona,F,High School or Below,2575528,0,81,2,Personal Auto,Four-Door Car,389
FO35655,Oregon,M,Bachelor,867223,0,245,0,Corporate Auto,Luxury,2345
HR10526,California,M,Master,804473,44320,67,0,Personal Auto,Four-Door Car,322
IA63417,Arizona,F,High School or Below,400152,19782,108,0,Personal Auto,Two-Door Car,773
BH35016,Nevada,F,Bachelor,1670612,63933,70,0,Personal Auto,Two-Door Car,425
PK52952,Arizona,M,Doctor,854441,28224,109,0,Personal Auto,SUV,523
OD76309,Washington,F,College,780531,21073,106,1,Personal Auto,SUV,509
IL28481,Oregon,M,Bachelor,611276,63243,77,0,Personal Auto,Four-Door Car,364
GY55092,Nevada,M,High School or Below,477294,20993,133,0,Personal Auto,SUV,638
UF33451,Oregon,F,Bachelor,1097910,94827,135,0,Personal Auto,SUV,355
CF15558,California,F,Master,500426,39161,63,1,Personal Auto,Two-Door Car,284
JM62924,Washington,M,Bachelor,1322304,37534,84,2,Personal Auto,Four-Door Car,403
EM66435,Oregon,F,Bachelor,262332,80210,65,0,Corporate Auto,Four-Door Car,21
QX45933,California,M,Bachelor,1784020,0,62,0,Personal Auto,Four-Door Car,385
JI71369,California,F,College,510611,30110,64,0,Personal Auto,Four-Door Car,140
JU93290,Arizona,F,College,1793060,21708,68,0,Personal Auto,Four-Door Car,326
GU66096,Arizona,M,High School or Below,545734,94731,67,0,Personal Auto,Four-Door Car,322
UC33108,California,M,Bachelor,656364,32375,83,0,Personal Auto,Four-Door Car,398
LW93867,Oregon,M,College,481253,16531,63,0,Corporate Auto,Four-Door Car,103
OU78470,Arizona,F,Master,2932804,32006,94,0,Corporate Auto,Four-Door Car,57
XW90265,Arizona,F,Bachelor,577352,81676,72,0,Personal Auto,Two-Door Car,463
HS67749,California,M,College,684712,71038,86,0,Corporate Auto,Four-Door Car,205
VZ51506,Arizona,F,High School or Below,359531,0,103,0,Corporate Auto,Luxury,742
UI64281,Nevada,F,Master,2285561,20832,65,0,Personal Auto,Two-Door Car,56
AE98193,Washington,M,High School or Below,785941,0,113,0,Personal Auto,SUV,814
AZ74055,Oregon,M,High School or Below,411558,52405,103,0,Personal Auto,Four-Door Car,494
XS76911,Arizona,F,High School or Below,502964,0,133,0,Personal Auto,Luxury,796
AY40674,Washington,F,Bachelor,482142,26583,1005,4,Personal Auto,SUV,614
NA12740,Oregon,M,Master,500431,25486,65,0,Special Auto,Two-Door Car,72
UA84837,Arizona,M,College,863005,24065,111,0,Corporate Auto,Four-Door Car,533
DJ51510,Arizona,F,High School or Below,932209,70435,116,0,Personal Auto,Four-Door Car,68
VM58985,California,M,College,1672756,0,76,2,Personal Auto,Two-Door Car,403
OH60605,Oregon,F,High School or Below,365253,39679,92,0,Personal Auto,Two-Door Car,641
UO98052,Nevada,M,College,615860,0,89,0,Personal Auto,Four-Door Car,342
NC53424,California,M,Bachelor,437608,0,69,4,Personal Auto,Two-Door Car,331
LQ13873,Nevada,M,High School or Below,556946,53565,71,1,Personal Auto,Four-Door Car,341
LA97014,Washington,M,Bachelor,257651,37574,66,1,Personal Auto,Two-Door Car,412
NB79936,Washington,M,Bachelor,834698,48259,108,0,Personal Auto,Two-Door Car,74
NT89061,Arizona,F,High School or Below,632392,78532,78,0,Personal Auto,Four-Door Car,374
AF10970,Arizona,F,Bachelor,597314,96163,73,0,Corporate Auto,Four-Door Car,350
ZG48513,California,M,Bachelor,470668,0,72,0,Personal Auto,Four-Door Car,346
JQ59145,California,M,High School or Below,809341,0,114,1,Personal Auto,Luxury,722
FE84989,Washington,M,College,503574,72672,63,0,Personal Auto,Four-Door Car,259
JT52858,Oregon,F,Bachelor,902787,99002,112,1,Personal Auto,Four-Door Car,538
MC62068,California,M,High School or Below,728888,79494,91,0,Personal Auto,Four-Door Car,396
EU27538,Oregon,M,Master,1804248,35704,225,0,Personal Auto,Luxury,358
RH42306,Arizona,F,Bachelor,499206,0,71,0,Corporate Auto,Four-Door Car,653
US23612,Oregon,F,High School or Below,910227,26049,118,0,Personal Auto,Two-Door Car,121
WV76014,Arizona,M,Doctor,254041,70125,64,0,Special Auto,Four-Door Car,93
RK96223,California,M,College,1294189,52369,110,1,Personal Auto,SUV,528
MF82000,Washington,F,Bachelor,236535,0,66,2,Special Auto,Four-Door Car,160
FM46980,Arizona,M,College,572077,41770,72,0,Personal Auto,Four-Door Car,476
SY56792,Oregon,M,High School or Below,703553,0,101,0,Corporate Auto,Four-Door Car,727
RF61565,California,M,College,263698,31911,67,0,Personal Auto,Four-Door Car,322
IM94808,Nevada,M,Bachelor,539583,70051,68,0,Corporate Auto,Four-Door Car,42
VI14730,Oregon,M,High School or Below,838263,19683,117,1,Personal Auto,Luxury,562
YR34119,Washington,F,College,3116175,30916,112,0,Personal Auto,SUV,200
RR77985,Oregon,F,Bachelor,288774,0,80,0,Personal Auto,Four-Door Car,677
QD28391,Washington,M,College,742585,84302,62,0,Personal Auto,Four-Door Car,77
WV17090,California,M,Bachelor,2558573,0,116,0,Corporate Auto,SUV,831
TM23514,Oregon,M,College,1027261,60145,132,0,Personal Auto,SUV,580
MQ68407,Oregon,F,Bachelor,437636,63774,111,0,Personal Auto,Four-Door Car,60
GJ59592,California,F,Bachelor,531890,25134,67,0,Corporate Auto,Four-Door Car,322
FY56083,Oregon,M,Bachelor,471976,37057,61,1,Personal Auto,Four-Door Car,48
UA94723,Oregon,F,High School or Below,442803,58577,110,0,Personal Auto,SUV,304
FW91032,California,M,High School or Below,587918,85857,73,0,Corporate Auto,Four-Door Car,101
DE34457,Oregon,F,Doctor,941691,70602,116,0,Personal Auto,SUV,481
HD32044,Oregon,F,Master,828816,33816,106,2,Corporate Auto,Four-Door Car,509
HH30454,Oregon,M,Bachelor,3265484,0,153,0,Personal Auto,SUV,1102
AH84063,Oregon,F,College,471945,89642,121,4,Corporate Auto,SUV,86
QA17596,California,F,Bachelor,390347,60068,98,0,Personal Auto,Two-Door Car,470
XI41052,California,F,Bachelor,545726,50044,139,0,Personal Auto,SUV,667
DI30528,California,F,Master,272536,36650,69,1,Personal Auto,Four-Door Car,57
SC66359,Arizona,F,College,443397,50653,110,0,Corporate Auto,SUV,263
EN61670,Arizona,F,Doctor,533246,68931,66,0,Personal Auto,Four-Door Car,310
DQ10761,Oregon,M,Bachelor,231510,0,73,1,Corporate Auto,Four-Door Car,350
BQ51587,California,F,College,541195,0,73,0,Personal Auto,Four-Door Car,365
JE21522,California,M,Bachelor,958733,39266,80,0,Personal Auto,Four-Door Car,384
WS47147,California,M,College,2210351,0,102,0,Personal Auto,SUV,490
ZA64638,Nevada,F,High School or Below,976495,0,98,1,Personal Auto,Four-Door Car,706
EW38459,Nevada,F,Bachelor,256715,40864,65,0,Corporate Auto,Four-Door Car,10
QW87316,Oregon,F,College,265062,39035,68,0,Personal Auto,Four-Door Car,245
IC43478,California,M,Bachelor,1126436,34923,98,0,Personal Auto,Two-Door Car,639
TE34064,California,M,High School or Below,216852,0,63,0,Personal Auto,Four-Door Car,454
WU60905,California,F,High School or Below,861067,0,111,0,Corporate Auto,SUV,533
YM18992,California,F,College,283465,24506,71,0,Personal Auto,Two-Door Car,511
PD55753,Oregon,M,High School or Below,893014,0,82,0,Personal Auto,Four-Door Car,555
KU56006,Arizona,F,College,553639,52220,70,1,Personal Auto,Four-Door Car,336
MJ69973,Arizona,M,High School or Below,284085,0,74,0,Personal Auto,Two-Door Car,402
TW43626,California,M,College,808288,53554,67,0,Personal Auto,Four-Door Car,327
XX84133,California,M,Bachelor,525473,34476,67,1,Corporate Auto,Four-Door Car,5
ZW84453,Arizona,F,Bachelor,511624,0,70,0,Personal Auto,Four-Door Car,131
HO29524,California,M,College,303465,68205,76,0,Personal Auto,Two-Door Car,99
VE89726,California,F,High School or Below,802490,0,119,1,Personal Auto,SUV,857
GE87503,California,M,High School or Below,1821114,53690,154,0,Personal Auto,SUV,739
PX90263,Oregon,M,High School or Below,512156,0,72,0,Personal Auto,Four-Door Car,518
NI17718,California,F,High School or Below,215018,0,61,0,Personal Auto,Four-Door Car,293
FY32213,California,F,High School or Below,559539,74454,71,0,Personal Auto,Four-Door Car,341
RZ13254,Nevada,F,Bachelor,756282,0,73,0,Personal Auto,Four-Door Car,350
GN45013,Oregon,M,High School or Below,538585,29664,71,0,Personal Auto,Four-Door Car,341
NM39588,Washington,F,Doctor,267806,72450,66,0,Corporate Auto,Four-Door Car,84
KU84464,Nevada,F,Bachelor,942257,47272,79,3,Personal Auto,Four-Door Car,65
YH43527,Oregon,F,College,360586,21585,92,0,Corporate Auto,Four-Door Car,442
RO30676,California,F,College,776259,23827,106,2,Personal Auto,Four-Door Car,38
QL59704,Arizona,F,College,2344490,69906,74,2,Corporate Auto,Four-Door Car,203
QH19450,California,F,High School or Below,255818,0,72,0,Corporate Auto,Four-Door Car,346
SA54664,Washington,M,Master,265438,73196,66,1,Personal Auto,Four-Door Car,86
CI38330,Washington,M,Bachelor,254979,72217,6464,0,Personal Auto,Four-Door Car,91
WB38524,California,M,High School or Below,296959,46131,74,0,Personal Auto,Two-Door Car,355
CE56187,Oregon,F,Master,436312,54514,109,3,Personal Auto,SUV,286
JL19416,California,F,High School or Below,588431,0,161,0,Personal Auto,SUV,1159
JZ61422,Nevada,F,College,527219,96668,66,0,Personal Auto,Four-Door Car,317
LA13377,California,M,Doctor,550990,78879,69,1,Personal Auto,Four-Door Car,467
NC99948,Nevada,M,College,1631368,0,69,0,Personal Auto,Four-Door Car,331
QD34785,Arizona,F,Bachelor,567805,0,76,0,Personal Auto,Four-Door Car,365
RO26085,California,F,Bachelor,1210121,0,112,0,Personal Auto,Luxury,1252
ES57969,Oregon,M,Bachelor,245357,29735,69,0,Personal Auto,Four-Door Car,331
JK55587,California,M,High School or Below,507566,23082,65,0,Special Auto,Four-Door Car,312
RN97635,Arizona,M,Bachelor,321498,53984,80,0,Corporate Auto,Four-Door Car,421
BI76326,California,F,College,1227534,52135,156,0,Personal Auto,SUV,431
JA34909,California,F,College,272221,17576,71,0,Corporate Auto,Four-Door Car,399
OJ90342,Oregon,F,Bachelor,245744,29486,62,0,Personal Auto,Four-Door Car,8
CM88932,Oregon,F,Master,355485,58557,88,0,Corporate Auto,Four-Door Car,56
JJ97525,California,M,Bachelor,492955,25632,63,0,Personal Auto,Two-Door Car,351
XV21647,California,F,High School or Below,803645,0,112,0,Personal Auto,Luxury,806
MC83487,Arizona,M,Bachelor,427692,18768,68,3,Corporate Auto,Four-Door Car,647
BL90769,California,F,Bachelor,3347335,33190,106,0,Personal Auto,SUV,509
CR57148,Oregon,F,Master,596058,47945,74,0,Personal Auto,Two-Door Car,128
CP85232,Arizona,M,College,4479547,58778,126,0,Special Auto,SUV,302
YL74732,California,F,High School or Below,383212,15192,100,0,Personal Auto,SUV,480
FG16766,California,F,Bachelor,683793,51859,171,0,Personal Auto,SUV,1003
NV55438,Nevada,F,High School or Below,528527,23422,72,0,Personal Auto,Two-Door Car,518
RM10880,California,F,College,309651,21604,79,0,Corporate Auto,Four-Door Car,379
GL56175,Arizona,M,College,358971,79298,90,0,Personal Auto,Four-Door Car,244
UK52289,Arizona,F,Bachelor,258241,76731,64,0,Special Auto,Four-Door Car,201
OT85112,Washington,M,College,340392,38460,88,1,Personal Auto,Four-Door Car,92
BC62782,Arizona,F,College,1357568,48534,115,1,Personal Auto,SUV,552
TI19722,Washington,M,Doctor,343613,30817,88,0,Corporate Auto,Four-Door Car,92
JP30654,Oregon,F,College,2868583,48412,104,0,Personal Auto,SUV,707
UM45563,Washington,M,Bachelor,450268,68798,114,0,Personal Auto,SUV,93
EN60878,Oregon,M,Bachelor,618311,23712,85,0,Personal Auto,Four-Door Car,376
JF36291,California,M,College,387365,28142,105,0,Personal Auto,Luxury,702
BK59444,California,F,Master,1892933,72196,68,0,Personal Auto,Four-Door Car,152
MK70700,California,M,Master,555330,68197,69,0,Personal Auto,Four-Door Car,177
IW71076,California,M,Bachelor,501126,75248,63,0,Corporate Auto,Four-Door Car,104
AP98768,California,F,College,1044245,0,98,0,Personal Auto,Four-Door Car,942
OM24164,Nevada,M,Bachelor,219962,0,65,1,Personal Auto,Two-Door Car,468
HR85211,Washington,F,Master,512317,89879,63,0,Personal Auto,Two-Door Car,94
VC87846,Oregon,M,High School or Below,748431,46998,96,0,Corporate Auto,Four-Door Car,461
ZM92052,Oregon,M,Bachelor,261302,57099,67,0,Personal Auto,Two-Door Car,68
ON73702,Arizona,F,Bachelor,908064,33897,114,0,Corporate Auto,SUV,540
QQ90441,Nevada,F,High School or Below,1377098,59207,116,0,Personal Auto,Four-Door Car,557
HU35721,Oregon,M,High School or Below,287682,40171,73,0,Personal Auto,Four-Door Car,350
YP47665,Washington,M,Doctor,540891,80192,67,0,Personal Auto,Four-Door Car,95
FU99476,Washington,M,High School or Below,677031,74422,85,1,Personal Auto,Four-Door Car,95
AG85615,Oregon,M,College,2414388,0,87,0,Special Auto,Four-Door Car,626
OY74069,Arizona,F,College,353806,0,67,5,Personal Auto,Four-Door Car,322
DJ91267,Nevada,F,Bachelor,2909124,34226,244,0,Personal Auto,Luxury,494
KB72438,California,F,High School or Below,1983420,65989,123,1,Personal Auto,SUV,116
TR67616,Oregon,M,High School or Below,473137,30686,61,0,Corporate Auto,Four-Door Car,20
GF65731,California,F,Master,3553785,0,113,0,Personal Auto,Luxury,800
HB67642,Arizona,F,High School or Below,3461138,20090,109,0,Personal Auto,Luxury,523
DP84567,California,M,High School or Below,2021631,0,183,0,Personal Auto,Luxury,878
VV77534,Oregon,M,College,1397652,77094,176,0,Personal Auto,SUV,444
GL67540,California,F,College,590409,97413,73,0,Personal Auto,Four-Door Car,269
SV50502,Oregon,F,Master,559584,79189,69,0,Corporate Auto,Four-Door Car,331
UK59698,California,F,High School or Below,229430,0,62,0,Personal Auto,Two-Door Car,298
OA57352,Arizona,F,College,627391,18577,86,0,Personal Auto,Four-Door Car,413
ZF84449,Oregon,F,College,372673,0,112,1,Special Auto,Luxury,806
AX86150,Washington,M,High School or Below,265671,62777,67,0,Personal Auto,Two-Door Car,101
HG39060,Oregon,M,Bachelor,511068,0,74,0,Corporate Auto,Four-Door Car,533
EM29359,Nevada,M,College,712660,17483,183,0,Personal Auto,Luxury,1318
SF57173,Oregon,M,Master,460163,84394,114,0,Personal Auto,SUV,691
OT47603,Oregon,M,College,915524,0,127,0,Personal Auto,Luxury,805
SW31412,Oregon,F,College,1480806,41440,62,1,Personal Auto,Four-Door Car,298
JS36322,Arizona,M,High School or Below,890168,0,136,1,Personal Auto,Luxury,1091
RE81445,Oregon,F,College,573460,98132,71,0,Personal Auto,Two-Door Car,51
RM24280,Oregon,F,High School or Below,417770,0,112,0,Personal Auto,Four-Door Car,538
LC25393,California,M,Bachelor,2777629,88220,230,0,Personal Auto,Luxury,152
UX38930,Arizona,F,Master,1036435,58327,129,0,Personal Auto,SUV,347
HD95496,Oregon,M,Master,785190,25950,66,0,Personal Auto,Two-Door Car,272
RX24650,Oregon,M,High School or Below,477294,20993,133,0,Corporate Auto,SUV,638
DW19309,Oregon,M,High School or Below,1422650,65726,177,0,Corporate Auto,SUV,850
MT41386,Washington,M,Bachelor,287543,84768,72,0,Personal Auto,Two-Door Car,110
WZ40465,Washington,F,Bachelor,504130,36234,63,0,Personal Auto,Four-Door Car,114
DB42794,California,M,College,436293,58842,110,0,Personal Auto,Four-Door Car,528
JB50798,Oregon,F,Master,962452,25629,124,2,Corporate Auto,Luxury,595
IP69763,Washington,F,College,2191441,77311,181,0,Personal Auto,SUV,114
TE35785,California,M,Doctor,694842,0,196,2,Personal Auto,Luxury,1337
HX74855,Washington,M,High School or Below,247153,95697,61,0,Personal Auto,Two-Door Car,114
QN65180,Oregon,F,Bachelor,2190391,22254,79,0,Personal Auto,Four-Door Car,125
GE47180,Nevada,M,High School or Below,902882,65974,113,0,Personal Auto,Luxury,235
VQ38776,Oregon,F,College,530376,0,76,0,Personal Auto,Four-Door Car,395
BH86846,Washington,M,High School or Below,2070826,92079,65,1,Corporate Auto,Four-Door Car,115
IN17648,Nevada,M,High School or Below,512377,0,74,0,Personal Auto,Two-Door Car,773
DF95759,Oregon,M,College,949234,0,132,0,Personal Auto,SUV,634
QG45324,Oregon,F,High School or Below,820486,0,73,0,Personal Auto,Four-Door Car,350
MN61620,Arizona,F,College,987730,67752,131,4,Personal Auto,Luxury,169
YH86390,California,F,Bachelor,481501,25398,64,0,Corporate Auto,Four-Door Car,307
FY13480,California,M,High School or Below,627701,0,88,0,Personal Auto,Four-Door Car,634
YH61661,California,M,High School or Below,826064,33321,105,0,Special Auto,SUV,504
NL93182,Nevada,M,Bachelor,254945,0,78,0,Corporate Auto,Four-Door Car,846
LN31673,Washington,F,College,1131809,38923,99,2,Personal Auto,Four-Door Car,116
WE68644,Oregon,F,Bachelor,380392,20325,100,0,Personal Auto,Luxury,668
EZ30498,Oregon,M,Bachelor,863540,13129,117,0,Personal Auto,SUV,701
QY74517,Oregon,F,High School or Below,551056,0,73,0,Personal Auto,Four-Door Car,526
NM88660,Nevada,M,Master,358588,49080,91,0,Corporate Auto,Four-Door Car,25
MZ82036,Nevada,M,College,488925,42536,63,0,Personal Auto,Four-Door Car,375
ID20929,Oregon,M,Bachelor,275694,29926,74,0,Corporate Auto,Four-Door Car,418
EY50028,Nevada,M,Doctor,328955,0,86,0,Corporate Auto,Two-Door Car,398
TT82373,California,F,Bachelor,1093718,21450,138,0,Personal Auto,Luxury,939
OH64088,California,M,High School or Below,737557,33345,65,0,Corporate Auto,Four-Door Car,339
SK97780,California,F,Bachelor,1011078,15752,90,0,Corporate Auto,Two-Door Car,339
IO33050,Oregon,F,High School or Below,511941,40169,65,1,Personal Auto,Four-Door Car,303
XA55917,California,F,College,853383,26049,113,1,Personal Auto,SUV,619
JK32620,Nevada,M,College,222477,0,68,0,Personal Auto,Four-Door Car,326
RQ19236,Arizona,M,Doctor,804280,55411,100,0,Personal Auto,Luxury,260
QC47433,Oregon,M,College,255444,12459,70,0,Personal Auto,Four-Door Car,336
RA93608,Oregon,M,Bachelor,1807394,64620,76,1,Personal Auto,Two-Door Car,365
XH97711,California,M,Bachelor,243051,83140,61,0,Corporate Auto,Four-Door Car,179
AU96286,Oregon,F,Bachelor,316766,0,92,0,Corporate Auto,Four-Door Car,662
KC17170,Arizona,F,Bachelor,546560,54422,68,0,Corporate Auto,Four-Door Car,76
ZN47335,California,M,College,1035751,68309,131,0,Corporate Auto,SUV,307
EI46264,California,M,High School or Below,253781,56621,65,2,Personal Auto,Four-Door Car,84
EK87864,Arizona,F,College,282195,38977,70,0,Special Auto,Four-Door Car,139
GV45403,Arizona,M,Bachelor,775713,0,111,0,Corporate Auto,Two-Door Car,607
QK31192,Arizona,M,High School or Below,407913,0,114,0,Corporate Auto,Two-Door Car,631
LU89008,Arizona,F,College,595554,0,83,0,Personal Auto,Four-Door Car,628
NS10490,Oregon,F,Bachelor,1415861,83235,70,0,Personal Auto,Two-Door Car,336
KL98495,Nevada,M,College,848724,0,74,0,Personal Auto,Two-Door Car,427
IU96845,Arizona,M,College,628548,32390,80,0,Personal Auto,Four-Door Car,91
QL93655,Oregon,F,High School or Below,1147348,66538,95,0,Personal Auto,Two-Door Car,318
PF40592,Washington,F,College,494263,23285,65,0,Personal Auto,Two-Door Car,118
LZ34046,Oregon,M,Bachelor,2359468,76358,66,0,Personal Auto,Four-Door Car,86
JC80093,Washington,M,Master,257251,21104,66,0,Personal Auto,Four-Door Car,118
YE88490,Arizona,F,College,538090,55350,67,0,Personal Auto,Four-Door Car,322
YC80498,California,F,College,477055,12964,65,0,Personal Auto,Two-Door Car,363
AI85843,Arizona,F,Master,675665,33288,86,2,Personal Auto,Four-Door Car,222
XD66024,Arizona,F,College,593601,0,84,0,Personal Auto,Four-Door Car,980
FY51713,Arizona,F,Bachelor,357076,56168,88,0,Personal Auto,Four-Door Car,615
PH26378,California,M,College,601996,0,92,0,Personal Auto,Four-Door Car,662
WQ18638,Oregon,M,High School or Below,542686,23105,69,0,Personal Auto,Two-Door Car,331
KY14688,Oregon,F,Master,273031,36218,68,0,Personal Auto,Four-Door Car,145
TC97762,California,F,High School or Below,498268,52275,62,0,Corporate Auto,Four-Door Car,374
QC87108,Oregon,F,College,876927,49665,74,0,Personal Auto,Four-Door Car,355
CX12134,Nevada,M,High School or Below,422061,32471,110,0,Personal Auto,Two-Door Car,528
SM73248,Arizona,M,High School or Below,1153751,0,86,1,Corporate Auto,Two-Door Car,619
CK19789,California,F,Master,588718,62773,73,0,Personal Auto,Four-Door Car,81
UV12583,California,F,College,470058,76694,117,0,Personal Auto,SUV,562
JC11405,Oregon,M,High School or Below,1096396,55687,276,0,Personal Auto,Luxury,1325
KA89683,Arizona,F,High School or Below,252317,0,70,0,Personal Auto,Four-Door Car,504
BG85305,Nevada,M,Doctor,375780,36633,96,1,Personal Auto,Four-Door Car,461
UQ87917,Oregon,M,High School or Below,1294173,77060,106,0,Personal Auto,SUV,469
XN11823,Nevada,F,Bachelor,376447,92600,94,0,Corporate Auto,Two-Door Car,842
OS46571,California,M,High School or Below,688956,0,66,0,Personal Auto,Four-Door Car,475
PX17116,Nevada,M,College,362345,0,111,2,Corporate Auto,SUV,1172
RP19541,Arizona,M,College,758211,64801,64,0,Personal Auto,Four-Door Car,268
ZR25747,Oregon,F,College,827775,45257,103,0,Corporate Auto,Two-Door Car,494
NQ86532,California,M,High School or Below,257646,26854,66,0,Personal Auto,Four-Door Car,475
JY27336,Oregon,F,College,820539,85840,102,2,Corporate Auto,SUV,139
PB54378,Oregon,F,Doctor,1958247,26463,72,0,Corporate Auto,Four-Door Car,346
SV38190,Nevada,F,Bachelor,648153,30689,81,0,Personal Auto,Four-Door Car,467
CV24005,Oregon,M,High School or Below,259931,29590,66,0,Corporate Auto,Two-Door Car,468
EX28656,Oregon,F,College,983034,25965,253,0,Personal Auto,Luxury,1214
CF57022,Oregon,M,Bachelor,1044265,17269,139,0,Personal Auto,SUV,667
GM16780,Oregon,M,College,3605754,90330,137,3,Corporate Auto,Luxury,192
BX94438,California,F,High School or Below,847004,0,113,0,Corporate Auto,SUV,620
RM41745,California,F,High School or Below,827879,0,110,0,Personal Auto,Four-Door Car,1003
XR70252,California,F,High School or Below,478893,0,67,1,Personal Auto,Two-Door Car,322
YH92099,Arizona,F,Bachelor,308800,18558,80,0,Special Auto,Four-Door Car,384
SG81493,Arizona,M,Bachelor,444374,46384,113,0,Corporate Auto,Four-Door Car,252
ZX23819,Oregon,F,High School or Below,798409,0,72,0,Personal Auto,Two-Door Car,866
FJ54907,Oregon,F,College,718097,42303,180,0,Personal Auto,Luxury,1211
CU26127,California,F,Bachelor,1565603,71731,130,0,Corporate Auto,SUV,600
YH60476,Oregon,M,High School or Below,578018,51066,74,0,Corporate Auto,Four-Door Car,788
ZZ97035,California,M,College,2071494,0,203,0,Corporate Auto,Luxury,2028
GE82737,Nevada,F,Bachelor,533735,0,86,3,Personal Auto,Four-Door Car,619
KY21873,Arizona,M,College,505083,0,69,0,Personal Auto,Two-Door Car,73
UA51318,Arizona,F,High School or Below,511662,26173,68,1,Corporate Auto,Four-Door Car,450
BV55014,Oregon,M,Bachelor,726874,24445,63,0,Personal Auto,Two-Door Car,302
HX21307,Oregon,M,College,261661,72302,66,0,Personal Auto,Two-Door Car,317
LQ68252,Oregon,M,High School or Below,373844,27208,102,0,Personal Auto,SUV,490
CR92802,California,F,Master,272536,36650,69,1,Special Auto,Four-Door Car,57
SL35268,Arizona,M,College,545386,30855,68,0,Corporate Auto,Four-Door Car,259
RD62882,Arizona,F,Bachelor,684615,0,95,0,Personal Auto,Two-Door Car,456
JS42382,Oregon,M,Master,617291,99960,76,0,Corporate Auto,Four-Door Car,365
BT30554,Arizona,F,Bachelor,1034632,0,98,0,Personal Auto,Four-Door Car,470
VP57424,Nevada,F,Bachelor,699701,55873,88,0,Personal Auto,Four-Door Car,299
VU19243,Arizona,F,High School or Below,419626,18052,111,0,Personal Auto,Four-Door Car,699
TA82973,Oregon,F,High School or Below,785811,28937,104,2,Personal Auto,SUV,118
GK71720,Oregon,F,High School or Below,606434,0,86,0,Personal Auto,Four-Door Car,545
OQ61223,California,M,College,1749752,0,73,0,Personal Auto,Two-Door Car,350
LL62746,Oregon,M,Doctor,897065,12829,118,0,Personal Auto,SUV,328
JQ56711,Oregon,F,Master,592312,92163,73,0,Personal Auto,Two-Door Car,67
AW77988,Oregon,M,High School or Below,3585060,17588,192,0,Personal Auto,Luxury,1382
QP84605,Washington,F,Bachelor,870985,41546,111,0,Corporate Auto,Four-Door Car,121
MY97912,Arizona,M,College,1330934,0,127,0,Personal Auto,SUV,610
IB87349,California,M,High School or Below,452850,70340,113,0,Special Auto,Four-Door Car,542
AW73065,Oregon,F,High School or Below,279191,0,74,0,Personal Auto,Four-Door Car,533
BW80872,Washington,M,High School or Below,443441,34549,111,0,Personal Auto,Four-Door Car,126
PX70175,Arizona,M,College,799601,93459,99,0,Personal Auto,Four-Door Car,655
KF75098,Arizona,M,Bachelor,512974,86148,65,2,Personal Auto,Four-Door Car,312
IS50283,California,F,Bachelor,569718,27048,72,0,Corporate Auto,Four-Door Car,346
MY64920,Oregon,F,College,921713,73259,115,0,Personal Auto,SUV,673
KN34250,Oregon,F,College,1020893,35482,129,0,Corporate Auto,SUV,619
GN46207,Oregon,F,Master,417069,29462,107,1,Personal Auto,SUV,514
KL57176,Oregon,F,College,450541,67801,115,1,Personal Auto,SUV,24
MN94234,California,M,High School or Below,310757,0,94,4,Personal Auto,Two-Door Car,451
JY90595,Arizona,M,High School or Below,552866,16042,73,0,Personal Auto,Two-Door Car,350
HK26543,California,M,High School or Below,504587,28056,64,1,Personal Auto,Four-Door Car,307
PN86062,California,M,High School or Below,296272,16495,85,3,Corporate Auto,Four-Door Car,408
VW27730,California,F,Master,866596,41163,108,0,Corporate Auto,SUV,232
SH55671,Arizona,F,College,1141344,0,161,1,Personal Auto,Luxury,773
MO56878,California,M,Bachelor,1548843,33799,109,3,Corporate Auto,SUV,665
VO38365,Washington,F,College,886115,90125,110,0,Corporate Auto,SUV,129
SV35618,Oregon,F,Bachelor,593474,87747,147,1,Personal Auto,SUV,46
RX12347,Nevada,M,College,354323,35695,90,0,Personal Auto,Four-Door Car,432
FR55658,California,M,Master,349003,90985,87,0,Personal Auto,Four-Door Car,78
XS12556,California,F,College,368310,0,101,0,Corporate Auto,Luxury,564
ZU73588,California,M,College,598977,66839,154,0,Personal Auto,Luxury,739
WT43034,California,F,High School or Below,1250084,0,165,0,Personal Auto,SUV,792
VM13430,Oregon,F,Bachelor,860916,79090,107,0,Corporate Auto,SUV,289
TC78849,Oregon,M,Bachelor,249746,24825,64,0,Personal Auto,Two-Door Car,156
VC34764,California,M,College,701918,26806,63,0,Personal Auto,Four-Door Car,302
WO90953,Oregon,F,College,538793,56835,67,0,Personal Auto,Two-Door Car,327
IU47468,Oregon,F,Bachelor,616556,0,88,0,Special Auto,Two-Door Car,654
KO46064,California,M,Bachelor,273020,46135,69,0,Personal Auto,Four-Door Car,104
RB34917,Arizona,F,Bachelor,516212,0,73,0,Personal Auto,Four-Door Car,810
BI38192,Oregon,F,High School or Below,793706,22862,67,0,Personal Auto,Two-Door Car,322
PU18983,Oregon,F,High School or Below,860816,21450,110,2,Personal Auto,Luxury,528
SW79912,Oregon,M,Bachelor,263255,95854,65,0,Personal Auto,Two-Door Car,312
ES39217,Oregon,F,Bachelor,778500,44897,99,1,Personal Auto,Four-Door Car,581
KP72427,Washington,M,High School or Below,2163984,64455,108,0,Personal Auto,SUV,134
UA19178,Oregon,F,Master,498082,53265,62,0,Personal Auto,Four-Door Car,238
PR53785,Arizona,F,High School or Below,745724,0,198,1,Personal Auto,Luxury,1578
XF57481,Washington,M,Master,1064094,50450,90,0,Personal Auto,Two-Door Car,136
CN90378,California,F,High School or Below,686251,54780,88,3,Personal Auto,Four-Door Car,135
KI56154,Nevada,M,High School or Below,904898,0,119,0,Personal Auto,Luxury,571
UI55951,California,M,Bachelor,554803,67798,69,0,Personal Auto,Four-Door Car,331
FF28650,Oregon,M,Bachelor,831268,21442,118,0,Personal Auto,SUV,566
FS55302,California,M,Bachelor,238998,27615,62,1,Personal Auto,Four-Door Car,298
TN79487,California,M,Bachelor,445811,17622,65,1,Personal Auto,Four-Door Car,312
HG32616,Nevada,M,High School or Below,529574,50200,135,0,Personal Auto,Luxury,637
UK41984,Arizona,F,Doctor,383961,0,112,2,Personal Auto,SUV,538
LZ52266,California,F,High School or Below,373150,0,96,0,Personal Auto,Four-Door Car,461
PM27367,California,F,Master,277890,73570,70,1,Special Auto,Two-Door Car,76
ZK21724,Oregon,F,High School or Below,401654,0,111,0,Personal Auto,SUV,799
BH35482,Washington,M,Doctor,493095,70412,61,0,Corporate Auto,Two-Door Car,136
QE22757,Nevada,M,Doctor,249132,36631,62,0,Personal Auto,Four-Door Car,68
ON77649,Oregon,F,College,290888,35895,73,0,Personal Auto,Four-Door Car,313
RN82884,Arizona,F,College,428295,40864,109,1,Personal Auto,SUV,167
CQ75652,Oregon,M,College,834162,0,118,0,Personal Auto,Four-Door Car,566
FF58467,Arizona,F,Master,509078,93018,63,0,Personal Auto,Four-Door Car,135
BS83666,Oregon,M,Bachelor,736619,70014,62,0,Corporate Auto,Four-Door Car,18
WO29605,Oregon,F,College,243688,48875,61,0,Personal Auto,Two-Door Car,2
TL77607,California,M,Bachelor,885269,67969,74,0,Personal Auto,Four-Door Car,198
EZ50606,Oregon,F,High School or Below,2387548,0,108,0,Corporate Auto,SUV,612
OS39723,Oregon,F,Doctor,560050,68665,69,0,Personal Auto,Two-Door Car,331
FN69743,California,M,College,463655,26802,66,1,Corporate Auto,Two-Door Car,317
XW96958,Nevada,M,High School or Below,757335,0,110,0,Corporate Auto,Four-Door Car,1193
TU92578,California,M,College,1469664,45345,125,0,Personal Auto,SUV,600
TL43709,Washington,M,Bachelor,897214,89689,74,0,Personal Auto,Four-Door Car,137
YE68736,California,F,Bachelor,772484,32051,193,1,Personal Auto,SUV,926
OB96537,Oregon,M,Master,594667,81139,74,0,Special Auto,Four-Door Car,393
EU68825,Oregon,F,Master,800055,63834,100,1,Personal Auto,Luxury,215
CC31456,Arizona,M,Bachelor,645756,37548,81,0,Special Auto,Four-Door Car,161
DJ77787,Arizona,F,High School or Below,728144,0,69,3,Personal Auto,Four-Door Car,372
LN26837,California,M,High School or Below,259244,72421,65,0,Personal Auto,Four-Door Car,312
YI92916,Nevada,M,Master,467842,83102,116,0,Corporate Auto,Four-Door Car,444
NW54906,Oregon,M,College,1386993,28432,118,0,Personal Auto,SUV,612
ME77513,Nevada,F,Master,871778,83707,108,0,Corporate Auto,Four-Door Car,290
UK76891,California,F,College,523399,63259,65,0,Corporate Auto,Four-Door Car,317
SI26888,Nevada,F,High School or Below,476419,0,67,0,Personal Auto,Four-Door Car,406
YD74948,Oregon,F,College,247247,63860,62,0,Personal Auto,Four-Door Car,209
HB64268,Washington,M,Bachelor,281369,43836,73,0,Personal Auto,Four-Door Car,138
BW52697,California,F,College,550506,86132,68,0,Personal Auto,Two-Door Car,301
NL41409,Oregon,F,Bachelor,260621,28519,66,0,Personal Auto,Two-Door Car,456
OD69005,Arizona,F,High School or Below,1048194,39102,88,0,Personal Auto,Four-Door Car,152
ZZ91716,California,F,Bachelor,325677,0,89,0,Personal Auto,Four-Door Car,492
UK70255,California,F,College,3047578,97298,128,0,Personal Auto,Luxury,49
QT25383,Nevada,M,High School or Below,636490,41986,84,2,Personal Auto,Two-Door Car,430
AW18068,Arizona,M,High School or Below,946851,0,88,0,Personal Auto,Two-Door Car,634
NS45347,Oregon,F,College,563145,17291,73,0,Personal Auto,Four-Door Car,350
FV19421,California,M,Bachelor,778100,0,74,0,Personal Auto,Four-Door Car,246
XW89091,California,M,College,981653,37256,62,0,Personal Auto,Four-Door Car,129
YC11951,Oregon,M,High School or Below,751913,96306,95,1,Corporate Auto,Four-Door Car,185
UY18770,California,F,Bachelor,1017972,14290,271,0,Personal Auto,Luxury,1301
RA49085,California,F,College,277284,37038,71,1,Corporate Auto,Four-Door Car,9
BG84194,Oregon,M,College,403750,90760,103,2,Special Auto,SUV,133
PT64580,Washington,M,Master,419197,77048,103,0,Personal Auto,SUV,141
MR67738,Oregon,F,High School or Below,267687,54480,67,0,Personal Auto,Four-Door Car,322
DM95829,California,M,College,252396,16244,68,0,Personal Auto,Two-Door Car,623
DB75522,California,F,College,698840,22436,89,0,Special Auto,Four-Door Car,427
LM34525,Washington,F,College,874206,71592,72,0,Personal Auto,Four-Door Car,142
WW30771,Arizona,M,Master,267332,28728,67,0,Personal Auto,Four-Door Car,322
QP65569,Arizona,M,High School or Below,1215733,57449,103,0,Personal Auto,Four-Door Car,494
TN50051,California,F,Doctor,295776,83318,73,0,Personal Auto,Two-Door Car,211
UO86707,Washington,M,Bachelor,717391,75217,61,1,Personal Auto,Four-Door Car,147
JA41698,Nevada,M,Bachelor,309954,0,102,5,Corporate Auto,SUV,863
NX18774,Oregon,M,Bachelor,841568,55308,107,0,Corporate Auto,SUV,514
DA69469,Oregon,F,College,2684312,36068,97,0,Personal Auto,Two-Door Car,113
CN23147,Oregon,M,Bachelor,1305717,48804,112,1,Corporate Auto,Four-Door Car,538
RA68844,Oregon,M,College,959995,0,131,0,Personal Auto,SUV,943
GH42026,Oregon,M,Bachelor,853511,55790,111,0,Personal Auto,SUV,118
BD16530,Arizona,F,Bachelor,829348,70258,69,0,Personal Auto,Four-Door Car,225
JH91579,Oregon,F,Bachelor,684615,0,95,0,Personal Auto,Two-Door Car,456
WK23685,Oregon,F,Bachelor,663686,47274,83,1,Corporate Auto,Four-Door Car,182
GR62267,Washington,F,College,560908,44705,71,0,Personal Auto,Two-Door Car,148
PI78084,Arizona,M,High School or Below,507732,0,73,0,Personal Auto,Two-Door Car,526
GF97874,Washington,F,Master,527563,70446,65,0,Personal Auto,Four-Door Car,156
ZH19885,Washington,F,High School or Below,251459,43860,65,0,Personal Auto,Four-Door Car,156
UK25655,Oregon,F,Bachelor,343525,64348,86,0,Personal Auto,Two-Door Car,212
QR45101,Oregon,M,Bachelor,662461,0,62,0,Corporate Auto,Two-Door Car,298
EL93539,California,M,Master,575744,88997,72,0,Special Auto,Four-Door Car,174
EE99484,Washington,F,High School or Below,251459,43860,65,0,Corporate Auto,Four-Door Car,156
DP46882,California,F,High School or Below,288645,10312,78,0,Corporate Auto,Four-Door Car,486
WP41146,California,F,High School or Below,534144,0,72,1,Personal Auto,Four-Door Car,346
TK60799,Arizona,F,High School or Below,416002,96263,103,0,Personal Auto,SUV,2
DN29808,California,F,College,284625,28919,72,0,Corporate Auto,Four-Door Car,518
SS59521,Oregon,F,College,477026,0,68,1,Personal Auto,Two-Door Car,326
NG66579,Oregon,M,Bachelor,505962,41869,64,0,Personal Auto,Two-Door Car,262
TC14209,Arizona,F,High School or Below,909574,0,128,0,Personal Auto,SUV,922
ED50963,California,F,High School or Below,268886,32808,68,1,Personal Auto,Four-Door Car,542
GP40701,California,F,Bachelor,827764,79780,68,0,Personal Auto,Four-Door Car,326
CP98451,Oregon,F,College,905794,91025,112,0,Personal Auto,SUV,328
NX52648,California,F,High School or Below,380175,33043,95,0,Personal Auto,Two-Door Car,456
ZC32510,Arizona,M,High School or Below,933934,69442,118,3,Personal Auto,Four-Door Car,1266
NG27780,Oregon,M,College,252012,0,70,0,Corporate Auto,Four-Door Car,63
HN95240,Arizona,F,College,498410,0,70,0,Corporate Auto,Four-Door Car,336
EB59129,Oregon,F,Bachelor,259575,47234,65,0,Personal Auto,Four-Door Car,16
RA70851,Oregon,M,High School or Below,743769,86863,92,0,Personal Auto,Four-Door Car,442
PM19162,Oregon,M,Bachelor,1453679,25805,66,2,Personal Auto,Four-Door Car,376
MS59005,Nevada,M,Bachelor,591331,43676,76,0,Personal Auto,Four-Door Car,365
SU71163,Arizona,M,College,277166,59855,74,4,Personal Auto,Two-Door Car,355
BD35676,Arizona,M,Master,2919437,35296,126,0,Personal Auto,SUV,453
NI44621,Oregon,F,Master,988039,36576,125,1,Personal Auto,SUV,113
EW33419,California,F,High School or Below,1511440,28513,100,1,Corporate Auto,SUV,480
HX44948,Oregon,M,Bachelor,575991,85448,72,0,Special Auto,Four-Door Car,16
DL36983,Oregon,F,High School or Below,849516,23791,110,3,Personal Auto,Two-Door Car,615
XR87264,California,F,Bachelor,438118,20597,112,0,Personal Auto,Four-Door Car,615
NN99001,Arizona,F,College,699783,56940,87,0,Personal Auto,Four-Door Car,513
XV95530,Oregon,M,Bachelor,1143059,93210,71,0,Personal Auto,Two-Door Car,75
OL97871,Oregon,F,Bachelor,748249,48992,94,1,Personal Auto,Four-Door Car,426
HQ23708,Arizona,F,Master,859692,53736,71,0,Personal Auto,Two-Door Car,169
WR63188,Arizona,M,College,785496,25378,66,1,Personal Auto,Four-Door Car,419
NG82219,Oregon,F,Bachelor,258241,76731,64,0,Personal Auto,Four-Door Car,201
KU29408,Washington,M,Master,907577,37722,116,0,Corporate Auto,Luxury,158
RE46783,California,F,Bachelor,411859,69379,103,0,Personal Auto,Two-Door Car,494
RU94434,Oregon,M,High School or Below,1215733,57449,103,0,Personal Auto,Four-Door Car,494
GI82355,Arizona,M,Bachelor,515282,0,68,0,Corporate Auto,Four-Door Car,326
VO26340,Nevada,M,College,651298,0,93,0,Personal Auto,Two-Door Car,670
NV61299,Arizona,F,Bachelor,2778969,33806,89,0,Corporate Auto,Four-Door Car,396
DX31066,Washington,F,College,266727,94041,66,0,Personal Auto,Four-Door Car,160
CY50337,Oregon,F,College,1092841,74965,90,0,Personal Auto,Four-Door Car,59
TJ20375,Arizona,F,High School or Below,761538,34095,63,0,Personal Auto,Two-Door Car,302
EP72155,California,F,College,200435,0,66,4,Personal Auto,Four-Door Car,317
JJ76159,California,M,College,243468,96045,61,0,Corporate Auto,Four-Door Car,9
BG15419,Nevada,F,Bachelor,1419536,86355,118,0,Personal Auto,Luxury,285
AO74776,California,F,High School or Below,942768,27824,118,0,Personal Auto,SUV,566
HQ82233,California,M,High School or Below,1198242,42995,101,0,Personal Auto,SUV,411
OL72737,Oregon,F,High School or Below,310279,21235,79,0,Personal Auto,Two-Door Car,244
ZQ59828,California,M,High School or Below,422263,74585,106,0,Personal Auto,SUV,219
NZ15548,Oregon,M,Bachelor,402381,41833,103,0,Personal Auto,Four-Door Car,644
XK61304,California,F,College,529715,23908,70,0,Personal Auto,Four-Door Car,336
EJ44139,Oregon,M,Bachelor,2142364,0,65,0,Personal Auto,Two-Door Car,312
CM94425,Arizona,M,Bachelor,441621,61953,113,0,Personal Auto,SUV,497
OV54878,California,M,Bachelor,463904,0,142,0,Corporate Auto,SUV,1022
JF57282,Nevada,M,Bachelor,486354,0,137,0,Personal Auto,SUV,658
MY37953,Arizona,F,Bachelor,2583091,73760,107,1,Personal Auto,Luxury,230
XP64922,Oregon,F,College,297431,23333,74,0,Corporate Auto,Four-Door Car,6
WL65572,California,M,College,206446,0,61,0,Personal Auto,Four-Door Car,293
LN50325,Arizona,F,High School or Below,1006461,20440,128,2,Corporate Auto,Luxury,614
HJ15383,Washington,M,Master,803240,27658,68,0,Personal Auto,Four-Door Car,160
KH59823,California,M,College,548921,50943,139,0,Special Auto,SUV,667
YM79169,California,M,Bachelor,261276,19003,71,0,Personal Auto,Two-Door Car,35
DR38127,California,M,College,857346,46703,108,0,Personal Auto,Four-Door Car,678
PU42145,California,M,Bachelor,2412750,14072,71,0,Personal Auto,Four-Door Car,511
KM33477,Oregon,M,College,855039,21733,73,0,Corporate Auto,Four-Door Car,526
RI53167,Arizona,M,Bachelor,230865,20811,61,0,Personal Auto,Four-Door Car,293
OF77789,Arizona,F,High School or Below,425462,11904,61,2,Personal Auto,Two-Door Car,293
YB33445,Oregon,F,College,898285,43490,114,4,Corporate Auto,SUV,175
BA17836,California,M,High School or Below,786817,57340,67,0,Corporate Auto,Four-Door Car,159
JS43228,California,M,College,770425,49088,97,0,Corporate Auto,Four-Door Car,698
BB11622,Nevada,M,Master,1055217,47761,131,0,Personal Auto,SUV,233
HQ70429,Washington,F,College,1604511,0,65,0,Personal Auto,Two-Door Car,163
WK88044,Arizona,M,Bachelor,873784,61281,110,0,Personal Auto,SUV,80
LA80525,Nevada,M,Bachelor,545489,0,82,1,Corporate Auto,Two-Door Car,394
EH16250,Arizona,M,Bachelor,770528,25290,66,0,Personal Auto,Four-Door Car,382
PU41872,Arizona,F,High School or Below,703926,24239,88,0,Personal Auto,Four-Door Car,48
HB85743,California,M,Bachelor,883809,82664,114,3,Personal Auto,SUV,133
MM71959,Arizona,M,Bachelor,873353,83210,110,0,Personal Auto,Luxury,528
MB83663,Oregon,F,Bachelor,959747,38736,81,0,Personal Auto,Two-Door Car,561
KR43119,California,M,College,450666,0,66,0,Personal Auto,Four-Door Car,317
KH24214,Oregon,M,College,1785797,55437,64,1,Personal Auto,Four-Door Car,445
AC40767,Washington,M,Bachelor,249781,68041,6464,0,Personal Auto,Two-Door Car,166
HP55391,Oregon,M,Master,542614,0,71,0,Corporate Auto,Four-Door Car,408
EG62398,California,F,High School or Below,799814,29066,100,0,Personal Auto,SUV,844
VS19949,Nevada,M,Bachelor,289762,54337,72,0,Personal Auto,Four-Door Car,346
AM92343,Oregon,F,High School or Below,1159950,67616,96,0,Personal Auto,Four-Door Car,340
GI68556,California,F,Bachelor,1514793,41082,63,0,Personal Auto,Two-Door Car,107
JT11876,Washington,F,High School or Below,543577,0,10202,0,Personal Auto,Four-Door Car,626
XR64251,Nevada,F,Master,272536,36650,69,1,Personal Auto,Four-Door Car,57
MK34957,Oregon,F,College,1329771,50631,112,4,Special Auto,SUV,785
GP18756,California,M,College,992705,19592,92,0,Personal Auto,Four-Door Car,442
AP23850,Washington,F,High School or Below,1777155,0,114,0,Personal Auto,Two-Door Car,547
KQ65521,Arizona,F,College,1826927,55761,115,0,Personal Auto,Luxury,86
EJ19449,California,F,College,272221,17576,71,0,Special Auto,Four-Door Car,399
QB70027,California,F,Bachelor,708321,41449,89,0,Personal Auto,Four-Door Car,64
QW47320,California,F,Bachelor,1017972,14290,271,0,Personal Auto,Luxury,1301
KH64733,Nevada,F,College,588951,62007,73,0,Personal Auto,Four-Door Car,120
ON59472,Arizona,M,High School or Below,1577139,21921,206,0,Corporate Auto,Luxury,1254
HP94242,Arizona,F,Bachelor,528817,42621,66,0,Personal Auto,Four-Door Car,317
RV15398,Oregon,M,College,2758055,0,87,1,Personal Auto,Four-Door Car,418
EA25683,Washington,M,High School or Below,777853,63786,196,0,Corporate Auto,Luxury,798
PW73754,California,F,High School or Below,734186,0,104,3,Personal Auto,Luxury,82
MC71942,California,F,High School or Below,791920,82877,99,1,Personal Auto,Two-Door Car,23
OX72195,Arizona,M,College,216387,0,63,0,Corporate Auto,Two-Door Car,302
YQ99152,Nevada,M,High School or Below,978781,10475,88,1,Personal Auto,Two-Door Car,422
KI19439,Oregon,F,High School or Below,520764,21952,66,0,Personal Auto,Four-Door Car,317
PM76175,Oregon,F,Bachelor,2114728,49721,132,0,Corporate Auto,Luxury,640
US45383,California,M,College,1228077,88340,102,0,Personal Auto,Two-Door Car,490
GT38956,California,F,College,244139,0,65,0,Personal Auto,Four-Door Car,312
SN41301,Oregon,M,Bachelor,653556,0,65,0,Corporate Auto,Four-Door Car,468
BE62503,Washington,F,College,920660,24589,82,0,Personal Auto,Two-Door Car,511
PA16884,California,F,Bachelor,411859,69379,103,0,Personal Auto,Two-Door Car,494
NC58480,Nevada,F,Bachelor,483821,73769,61,2,Personal Auto,Four-Door Car,240
NS39326,California,F,College,462555,66670,114,0,Personal Auto,SUV,518
PN18507,Arizona,M,Bachelor,1404210,88854,118,0,Personal Auto,Two-Door Car,715
EK91340,Oregon,M,Bachelor,754661,31266,193,0,Corporate Auto,Luxury,926
JY16280,California,F,High School or Below,251459,43860,65,0,Personal Auto,Four-Door Car,156
ZW71731,California,M,Bachelor,517036,89284,133,2,Corporate Auto,SUV,402
ZC24631,Oregon,M,College,1391738,67267,89,0,Corporate Auto,Four-Door Car,95
YR34689,California,F,High School or Below,1131813,79270,95,3,Personal Auto,Four-Door Car,456
RT65829,Oregon,M,Bachelor,427636,36692,109,1,Personal Auto,Four-Door Car,523
BZ12077,Oregon,F,High School or Below,432224,0,119,0,Personal Auto,SUV,571
WM65373,California,F,College,800231,0,107,0,Corporate Auto,SUV,514
NH35059,Nevada,M,College,388546,0,105,0,Corporate Auto,Four-Door Car,504
QD38160,Oregon,M,College,447178,0,135,0,Personal Auto,SUV,972
BM15160,California,F,High School or Below,849635,44624,71,1,Special Auto,Four-Door Car,74
VY79030,Arizona,F,College,2250088,0,71,0,Corporate Auto,Four-Door Car,341
EV19512,Nevada,F,Master,1630197,19614,85,0,Personal Auto,Two-Door Car,574
TE13577,Oregon,F,College,231974,0,64,0,Personal Auto,Four-Door Car,633
WY97929,Arizona,M,College,871705,83846,74,3,Special Auto,Four-Door Car,355
YG20683,Washington,M,College,286011,51159,72,0,Personal Auto,Four-Door Car,4
FK75497,California,M,College,245341,83772,62,0,Personal Auto,Two-Door Car,42
NE60110,Arizona,M,College,598977,66839,154,0,Personal Auto,Luxury,739
TN36521,Arizona,F,College,2498023,88440,70,0,Personal Auto,Two-Door Car,27
HG33568,Arizona,F,Master,748264,25666,63,2,Personal Auto,Four-Door Car,270
TW17878,Oregon,F,High School or Below,245758,52926,61,0,Personal Auto,Four-Door Car,293
ZO83562,Nevada,F,Bachelor,237974,0,67,0,Personal Auto,Four-Door Car,495
CH97539,Washington,F,Bachelor,828696,40001,70,0,Personal Auto,Four-Door Car,143
CV29889,California,M,College,239392,0,70,0,Personal Auto,Four-Door Car,425
MO33320,Oregon,M,College,465716,18024,65,0,Personal Auto,Two-Door Car,312
QZ81258,Oregon,F,College,1319793,0,68,3,Personal Auto,Four-Door Car,326
NY56352,Oregon,F,Bachelor,280392,23220,74,0,Personal Auto,Four-Door Car,251
EA27048,California,F,High School or Below,864650,64125,108,0,Personal Auto,SUV,370
UT38865,Oregon,F,College,742587,58042,62,0,Corporate Auto,Four-Door Car,161
QC89139,Oregon,F,High School or Below,452874,90034,112,0,Corporate Auto,SUV,538
LA14484,Nevada,M,High School or Below,222707,27972,61,0,Special Auto,Four-Door Car,293
HN57556,California,F,High School or Below,729295,0,65,0,Personal Auto,Four-Door Car,312
CV31235,Arizona,M,Bachelor,318436,50989,80,0,Corporate Auto,Four-Door Car,256
WR45726,Arizona,F,Bachelor,1131520,11885,101,0,Special Auto,Four-Door Car,485
LB25094,California,F,Bachelor,253071,89451,63,0,Special Auto,Four-Door Car,62
KW56110,Oregon,M,Bachelor,1836156,0,182,0,Personal Auto,Luxury,1310
XO36233,Washington,M,Bachelor,864153,78904,109,0,Personal Auto,SUV,250
ZX86243,Arizona,M,Doctor,327853,70247,83,1,Personal Auto,Four-Door Car,142
DW29763,Arizona,M,High School or Below,527198,32653,67,0,Personal Auto,Two-Door Car,322
CT83377,Washington,M,High School or Below,376364,93595,97,4,Special Auto,Four-Door Car,50
OQ90898,California,M,Master,1395557,90279,115,0,Personal Auto,SUV,372
GO77248,Oregon,F,College,500153,0,72,0,Personal Auto,Four-Door Car,542
QW33258,California,M,Bachelor,708283,53310,189,3,Personal Auto,Luxury,1361
OU79745,California,M,College,761948,0,105,0,Personal Auto,Four-Door Car,504
VZ79886,Oregon,F,Bachelor,1255088,22234,160,0,Personal Auto,SUV,768
FI92440,Washington,F,High School or Below,3219660,91375,99,0,Personal Auto,Two-Door Car,73
YG85980,Nevada,F,High School or Below,679377,22250,86,0,Personal Auto,Two-Door Car,721
QM74621,Oregon,M,Bachelor,527232,0,80,0,Personal Auto,Four-Door Car,576
EI71732,Oregon,F,Doctor,626534,0,84,1,Personal Auto,Four-Door Car,481
VN79010,California,F,High School or Below,854759,51179,71,0,Corporate Auto,Four-Door Car,466
FI61723,California,M,Bachelor,278742,38667,72,0,Personal Auto,Four-Door Car,159
OH55411,California,F,Master,462680,79487,114,0,Corporate Auto,SUV,547
TF10720,Nevada,F,Doctor,866336,67763,107,2,Personal Auto,Four-Door Car,41
NW30838,Nevada,M,High School or Below,387222,0,62,2,Corporate Auto,Four-Door Car,504
CB58476,Oregon,F,College,517081,0,71,0,Corporate Auto,Four-Door Car,860
WI69346,California,F,Master,896028,71943,112,0,Corporate Auto,SUV,306
FS76657,Oregon,F,College,547183,53526,68,0,Personal Auto,Four-Door Car,279
YX89016,Oregon,M,College,3493100,35005,295,0,Personal Auto,Luxury,1416
PK28821,California,M,College,262039,24721,67,0,Personal Auto,Four-Door Car,140
MB51200,Washington,M,College,1906950,0,102,2,Personal Auto,Four-Door Car,734
XG44587,Arizona,M,Master,575744,88997,72,0,Personal Auto,Four-Door Car,174
FG91922,Arizona,M,Master,4022401,48587,111,0,Personal Auto,SUV,533
OM99303,Arizona,F,High School or Below,270149,76310,67,0,Personal Auto,Two-Door Car,322
RV67546,California,M,Bachelor,371243,73205,92,0,Personal Auto,Four-Door Car,37
UJ79253,Oregon,F,College,2185084,51056,78,0,Personal Auto,Four-Door Car,96
PN98247,California,M,College,784017,58414,210,2,Personal Auto,Luxury,1008
IB67546,California,F,Bachelor,823704,23940,107,0,Personal Auto,SUV,514
OE19087,California,F,High School or Below,224347,0,62,0,Personal Auto,Four-Door Car,446
CM95716,California,M,Bachelor,843446,44216,71,0,Personal Auto,Four-Door Car,72
MW62634,California,M,High School or Below,222707,27972,61,0,Corporate Auto,Four-Door Car,293
QW67581,Arizona,F,High School or Below,517003,0,69,0,Personal Auto,Four-Door Car,331
SN16059,California,F,Master,264145,29305,66,0,Personal Auto,Four-Door Car,475
OE51254,California,F,College,279068,53882,69,0,Personal Auto,Four-Door Car,331
RM42344,Oregon,M,College,274513,91757,69,1,Personal Auto,Four-Door Car,331
GB35238,California,F,Bachelor,757953,33906,64,0,Personal Auto,Two-Door Car,402
ML82674,Oregon,M,Bachelor,1097878,68158,139,1,Personal Auto,SUV,253
EI85244,California,M,College,825506,0,134,3,Personal Auto,SUV,643
DE28132,Oregon,M,College,474773,42165,123,0,Corporate Auto,SUV,800
TV25678,Washington,M,College,354090,0,101,0,Personal Auto,SUV,727
TY26512,California,M,Doctor,343613,30817,88,0,Personal Auto,Four-Door Car,92
OB69153,California,M,Bachelor,258219,68074,65,0,Personal Auto,Four-Door Car,28
QZ77637,Washington,F,College,1166510,84978,35353,1,Corporate Auto,Four-Door Car,167
XN41715,California,F,Master,739628,71135,92,1,Personal Auto,Four-Door Car,271
QR15857,California,F,College,433080,0,61,0,Personal Auto,Two-Door Car,293
FL69363,Oregon,M,Master,907577,37722,116,0,Personal Auto,Luxury,158
IS30295,Arizona,F,Bachelor,1463545,0,139,0,Personal Auto,SUV,667
WA25797,Washington,M,High School or Below,856477,95697,107,0,Personal Auto,Luxury,178
NL59519,California,F,College,1156569,64642,96,0,Personal Auto,Four-Door Car,404
ZU93025,Oregon,F,College,277104,50071,71,0,Personal Auto,Two-Door Car,19
DK94262,Oregon,M,High School or Below,850713,46754,106,1,Personal Auto,SUV,514
UQ30615,California,M,College,758211,64801,64,0,Corporate Auto,Four-Door Car,268
OR40060,Arizona,M,Bachelor,332309,70410,83,0,Personal Auto,Four-Door Car,132
DK32872,Nevada,F,High School or Below,523433,66957,131,1,Personal Auto,SUV,629
FA46418,Nevada,F,High School or Below,2470960,24213,78,1,Personal Auto,Four-Door Car,374
ER19995,Washington,F,College,1778628,99790,6464,0,Personal Auto,Four-Door Car,179
KI75855,Oregon,M,Master,255123,79751,63,0,Personal Auto,Two-Door Car,392
ND41876,Arizona,M,High School or Below,724771,86122,182,1,Personal Auto,Luxury,874
PN21042,Arizona,M,Bachelor,453885,82297,116,0,Personal Auto,Luxury,0
GJ43254,Washington,M,College,3164210,89057,98,0,Corporate Auto,Two-Door Car,187
AL46984,California,M,High School or Below,873042,43259,73,0,Personal Auto,Four-Door Car,350
JP58047,Oregon,M,College,833273,0,79,0,Personal Auto,Four-Door Car,379
ZE85014,California,M,College,235775,25064,62,0,Personal Auto,Four-Door Car,298
KU88219,Arizona,M,Master,463716,25816,119,0,Personal Auto,Luxury,571
UU98729,California,M,Bachelor,535719,0,73,0,Personal Auto,Four-Door Car,351
WS82822,Oregon,F,College,539197,41662,69,0,Corporate Auto,Four-Door Car,218
YB49933,Arizona,M,Bachelor,369414,96170,92,0,Personal Auto,Four-Door Car,442
XC16387,Arizona,F,High School or Below,504041,46072,64,0,Personal Auto,Four-Door Car,26
XJ96748,Arizona,F,High School or Below,2749542,37931,99,0,Personal Auto,Four-Door Car,475
TM98684,Oregon,M,High School or Below,484228,35127,62,0,Personal Auto,Four-Door Car,298
AY18433,Washington,F,High School or Below,2738282,45473,76,0,Special Auto,Two-Door Car,189
DM74502,Nevada,F,College,522710,93087,131,3,Corporate Auto,Luxury,629
FT56968,Arizona,M,High School or Below,259010,22398,67,2,Personal Auto,Four-Door Car,322
OX36896,California,M,High School or Below,1053608,92983,87,1,Corporate Auto,Four-Door Car,153
BZ65376,Arizona,M,Bachelor,858128,27689,239,2,Personal Auto,Luxury,2893
LN34660,California,F,College,946311,69654,118,0,Corporate Auto,SUV,630
JC29295,California,F,Bachelor,1344101,80744,111,0,Personal Auto,SUV,361
KJ87930,California,F,Bachelor,388650,0,112,0,Corporate Auto,SUV,1186
XT36360,Arizona,F,High School or Below,678489,0,64,1,Personal Auto,Four-Door Car,461
IX35050,Arizona,M,Bachelor,2359468,76358,66,0,Special Auto,Four-Door Car,86
UN97379,Oregon,M,Bachelor,253863,18608,71,0,Corporate Auto,Four-Door Car,341
MR57294,California,M,High School or Below,563994,73168,70,0,Personal Auto,Four-Door Car,426
UG79499,Washington,M,Bachelor,1168137,70930,99,0,Personal Auto,Four-Door Car,190
UA50747,Washington,F,High School or Below,2599775,62262,72,0,Corporate Auto,Four-Door Car,194
GL20444,Nevada,F,Master,1377837,91474,113,0,Corporate Auto,Two-Door Car,24
SP58110,California,F,Bachelor,492318,61469,63,5,Personal Auto,Four-Door Car,302
XM91635,Arizona,F,High School or Below,227234,16618,62,0,Special Auto,Four-Door Car,219
TV82603,California,F,Bachelor,1489540,48081,188,0,Personal Auto,Luxury,881
BB82067,Oregon,M,Doctor,975604,67632,121,0,Personal Auto,Luxury,27
JP94676,Oregon,F,Bachelor,942297,34115,119,0,Personal Auto,SUV,466
VU53417,Arizona,M,High School or Below,383736,23051,99,0,Personal Auto,Two-Door Car,475
IW54795,California,M,College,1095213,23748,99,0,Personal Auto,Four-Door Car,607
RN78170,Arizona,F,College,815914,40589,69,0,Corporate Auto,Four-Door Car,331
IX55883,California,F,College,1948050,50809,83,0,Personal Auto,Four-Door Car,290
XM72420,Arizona,F,High School or Below,391937,66676,97,0,Personal Auto,Four-Door Car,558
GC15104,Nevada,F,Bachelor,798514,52339,70,3,Corporate Auto,Four-Door Car,336
RX13282,Oregon,M,Bachelor,1216874,14973,115,0,Personal Auto,SUV,828
QA85890,Arizona,F,High School or Below,584932,0,83,0,Corporate Auto,Four-Door Car,541
IR62668,Arizona,F,Bachelor,508584,31546,65,0,Personal Auto,Four-Door Car,100
AL96740,California,F,College,290394,67763,73,1,Personal Auto,Four-Door Car,60
SS48498,Washington,F,College,627317,20836,79,0,Corporate Auto,Four-Door Car,194
PE39479,Washington,M,College,1832142,88592,76,0,Corporate Auto,Four-Door Car,200
JH62891,Oregon,F,College,517870,66943,65,1,Special Auto,Four-Door Car,53
FI20423,Arizona,F,High School or Below,1402436,81872,115,0,Special Auto,Four-Door Car,256
PM13394,Washington,F,College,530944,22404,70,1,Personal Auto,Four-Door Car,211
YV67971,California,F,High School or Below,494980,21342,62,0,Personal Auto,Four-Door Car,74
QD31377,California,M,Bachelor,859567,34621,108,1,Corporate Auto,SUV,621
YG10247,Oregon,M,College,2295189,62396,64,0,Personal Auto,Four-Door Car,307
FE73696,Oregon,M,High School or Below,379213,97212,93,0,Personal Auto,Two-Door Car,360
SW19699,Arizona,F,Bachelor,275575,49648,70,0,Personal Auto,Four-Door Car,66
QJ40732,Arizona,M,College,488034,97984,61,1,Personal Auto,Four-Door Car,407
HM76207,California,F,College,905191,26308,114,0,Corporate Auto,SUV,547
NT59303,Oregon,F,College,1011545,63528,256,0,Personal Auto,Luxury,1229
PU41393,Nevada,M,College,826908,20225,114,1,Special Auto,SUV,547
QO86948,Nevada,M,High School or Below,807165,0,112,0,Personal Auto,SUV,806
QN10888,Oregon,F,High School or Below,772699,87620,64,0,Personal Auto,Four-Door Car,24
VY19543,California,F,Bachelor,831114,0,72,0,Corporate Auto,Four-Door Car,311
XC15133,Nevada,F,Master,257402,34990,65,0,Personal Auto,Four-Door Car,43
ST43550,Oregon,M,Bachelor,572733,99934,71,0,Special Auto,Four-Door Car,460
FX36546,Washington,M,Master,367914,60804,92,0,Personal Auto,Four-Door Car,213
JX68983,Oregon,M,Bachelor,274452,94648,69,0,Personal Auto,Four-Door Car,331
HX78576,California,F,High School or Below,563674,24516,71,0,Personal Auto,Four-Door Car,301
ZQ11381,Arizona,M,Bachelor,1687039,61063,85,0,Personal Auto,Four-Door Car,263
ON39271,California,M,Master,273800,0,74,0,Personal Auto,Two-Door Car,263
SB18278,Oregon,M,Bachelor,464470,0,64,0,Corporate Auto,Four-Door Car,307
ZT30559,California,F,High School or Below,474669,15169,63,0,Personal Auto,Four-Door Car,302
XI41106,Arizona,M,College,1687433,55390,71,0,Corporate Auto,Two-Door Car,256
ZS88847,Oregon,F,Bachelor,238761,27592,62,0,Personal Auto,Four-Door Car,298
RU49126,Washington,F,College,446534,61846,112,0,Personal Auto,SUV,216
KR62797,Arizona,F,High School or Below,459163,83297,113,0,Personal Auto,SUV,542
ZJ73220,Arizona,F,College,1309259,0,188,0,Special Auto,Luxury,1354
FY62633,Oregon,M,Bachelor,911227,0,90,0,Personal Auto,Four-Door Car,432
CU36986,California,F,High School or Below,416517,55897,104,0,Personal Auto,Four-Door Car,499
WZ53904,Arizona,M,Bachelor,265998,21297,71,0,Personal Auto,Four-Door Car,46
AA71604,Arizona,F,Master,1198659,87560,98,1,Personal Auto,Two-Door Car,470
TD10493,Oregon,F,High School or Below,289873,0,96,4,Personal Auto,Four-Door Car,691
LY97989,Oregon,F,Bachelor,289424,0,85,0,Personal Auto,Four-Door Car,408
VX39856,Arizona,F,Doctor,350045,89398,86,0,Personal Auto,Four-Door Car,82
TP51897,California,F,College,262181,36843,68,3,Corporate Auto,Four-Door Car,358
QQ89253,Oregon,F,College,1022180,0,134,0,Personal Auto,SUV,643
EI91403,California,M,High School or Below,257827,34946,65,0,Personal Auto,Two-Door Car,420
QG15435,Arizona,F,College,624260,75680,78,0,Personal Auto,Four-Door Car,137
FZ55002,Nevada,F,Doctor,522028,0,69,0,Personal Auto,Four-Door Car,331
HX77930,Washington,F,College,313643,49532,79,1,Personal Auto,Four-Door Car,220
UN37063,Arizona,M,Bachelor,452537,10269,65,0,Personal Auto,Two-Door Car,171
VB87946,California,M,College,497036,49714,63,3,Personal Auto,Four-Door Car,266
AB60627,California,M,High School or Below,1546779,77517,129,0,Corporate Auto,SUV,99
TA34903,Oregon,M,High School or Below,583890,81082,73,0,Personal Auto,Four-Door Car,281
AQ51368,Oregon,F,Bachelor,1065688,72540,88,0,Corporate Auto,Two-Door Car,632
NZ26102,Oregon,F,High School or Below,228962,0,65,0,Personal Auto,Four-Door Car,468
GB45753,California,M,High School or Below,543980,61546,68,0,Corporate Auto,Two-Door Car,29
BV79904,California,F,Master,795615,44818,67,1,Personal Auto,Two-Door Car,137
OB49075,Arizona,M,Bachelor,445811,17622,65,1,Personal Auto,Four-Door Car,312
DS97676,Oregon,F,College,255505,0,72,0,Personal Auto,Four-Door Car,518
JO63462,California,M,Bachelor,330800,79797,84,0,Corporate Auto,Two-Door Car,32
NJ10602,Washington,F,College,845905,92717,70,0,Personal Auto,Two-Door Car,224
RS24501,Oregon,F,College,1335012,28919,173,0,Personal Auto,SUV,830
VT78274,Arizona,M,College,493122,0,68,0,Personal Auto,Four-Door Car,480
SU56153,Nevada,M,Bachelor,777684,63568,65,0,Corporate Auto,Two-Door Car,391
MN20737,Nevada,F,College,255367,73935,64,1,Corporate Auto,Four-Door Car,72
KL43114,Arizona,F,High School or Below,487647,0,66,0,Corporate Auto,Two-Door Car,317
YQ15567,Oregon,F,Bachelor,903431,18846,115,0,Personal Auto,SUV,552
TR88637,Arizona,F,High School or Below,810591,38893,103,0,Personal Auto,SUV,42
TC88986,Oregon,M,High School or Below,561969,0,153,0,Special Auto,SUV,1027
XX88577,California,M,Bachelor,1572713,84824,196,0,Corporate Auto,SUV,320
NE49052,California,F,High School or Below,661802,20068,86,0,Corporate Auto,Four-Door Car,411
KX17826,Oregon,M,Doctor,467005,0,125,0,Corporate Auto,SUV,600
CC91503,Arizona,F,High School or Below,1016937,0,135,0,Personal Auto,Luxury,648
WH32183,California,M,Bachelor,832307,97245,70,0,Personal Auto,Four-Door Car,4
ES90681,California,F,College,241776,51808,61,1,Personal Auto,Four-Door Car,351
DW96592,California,M,Bachelor,804487,71391,67,0,Personal Auto,Four-Door Car,284
MT23134,Oregon,M,High School or Below,532572,0,73,0,Personal Auto,Two-Door Car,496
BM69081,Arizona,M,Bachelor,694752,0,100,0,Personal Auto,SUV,925
MB90871,Oregon,F,College,584742,23496,77,0,Special Auto,Four-Door Car,13
GT62080,Washington,M,High School or Below,7715,55561,63,0,Personal Auto,Four-Door Car,228
QL77686,Nevada,F,College,472479,23986,119,0,Corporate Auto,SUV,463
ON77827,Arizona,F,Master,279023,22974,71,0,Personal Auto,Four-Door Car,181
KP18988,Oregon,F,High School or Below,2153133,0,101,0,Personal Auto,Four-Door Car,485
TI92884,Arizona,M,Bachelor,1262283,61844,106,0,Personal Auto,Luxury,509
JH73503,Arizona,M,Doctor,2017196,24804,73,0,Personal Auto,Two-Door Car,350
YE97964,California,F,Bachelor,1646437,27760,104,0,Personal Auto,SUV,303
VA30351,Oregon,F,High School or Below,559539,74454,71,0,Personal Auto,Four-Door Car,341
PV55726,Oregon,F,Master,417069,29462,107,1,Personal Auto,SUV,514
UC88305,Arizona,F,College,266545,52266,68,0,Corporate Auto,Two-Door Car,142
TS53809,Oregon,M,Bachelor,709891,0,70,0,Personal Auto,Two-Door Car,350
ZV32120,California,M,Doctor,397135,23599,103,0,Corporate Auto,SUV,494
FB80807,Oregon,M,Bachelor,552821,36088,72,0,Personal Auto,Four-Door Car,346
AS55677,California,F,High School or Below,833900,70534,104,0,Personal Auto,Four-Door Car,54
WA15684,Oregon,M,College,3844586,27398,125,1,Personal Auto,SUV,600
SA50567,Nevada,M,Bachelor,544856,85296,68,0,Personal Auto,Four-Door Car,343
KJ31611,Arizona,M,High School or Below,1080807,31063,92,0,Personal Auto,Four-Door Car,442
VL37375,California,M,Bachelor,618510,0,92,0,Personal Auto,Two-Door Car,1027
KN21017,Nevada,M,High School or Below,320823,52367,81,0,Personal Auto,Four-Door Car,276
PX44289,Arizona,M,College,548010,58651,71,0,Personal Auto,Four-Door Car,473
AM97901,Nevada,F,College,2298615,84831,192,0,Special Auto,Luxury,1337
RE42925,Oregon,M,Bachelor,1310793,49088,114,1,Corporate Auto,SUV,547
TR81766,California,F,College,746293,70263,93,0,Corporate Auto,Two-Door Car,7
CH85057,Oregon,F,Doctor,1146399,45354,285,0,Personal Auto,Luxury,540
UP71482,Arizona,M,High School or Below,723613,0,63,0,Personal Auto,Four-Door Car,383
EG40670,California,F,Bachelor,623269,28334,83,0,Special Auto,Four-Door Car,538
HV83672,Oregon,F,Bachelor,2839333,38772,90,0,Personal Auto,Four-Door Car,322
MG10140,Oregon,F,College,374675,41479,94,1,Personal Auto,Two-Door Car,20
TC44716,California,M,Bachelor,2156934,23909,119,0,Personal Auto,SUV,571
QO65264,California,M,College,501208,48328,63,0,Personal Auto,Two-Door Car,108
EB66698,California,M,High School or Below,337186,86689,85,0,Corporate Auto,Two-Door Car,408
OT52034,California,M,Bachelor,386478,24204,99,1,Personal Auto,Four-Door Car,707
CH85444,Oregon,M,College,414571,25943,110,0,Corporate Auto,Two-Door Car,1067
PU85769,California,M,High School or Below,515607,0,73,0,Personal Auto,Four-Door Car,808
UI73201,California,M,College,366738,62375,92,0,Personal Auto,Two-Door Car,619
SL50592,California,F,High School or Below,783568,0,71,0,Corporate Auto,Four-Door Car,404
XP11075,Arizona,M,Bachelor,1456727,0,148,0,Personal Auto,SUV,710
SI31236,Oregon,M,Bachelor,1017134,70200,65,0,Corporate Auto,Four-Door Car,312
JN26745,Nevada,F,Bachelor,413578,0,112,0,Special Auto,Four-Door Car,708
VK48036,Oregon,F,College,551149,79027,70,0,Corporate Auto,Four-Door Car,336
JX76668,Washington,F,High School or Below,1131424,62935,141,0,Personal Auto,Luxury,232
DS45802,California,F,High School or Below,541462,26893,68,0,Personal Auto,Four-Door Car,68
OA96690,Oregon,F,High School or Below,742159,47406,94,1,Personal Auto,Four-Door Car,287
EM27919,California,M,Bachelor,445811,17622,65,1,Personal Auto,Four-Door Car,312
QO41043,Oregon,F,College,1447612,27572,124,0,Corporate Auto,SUV,595
OV50124,Oregon,F,College,493689,0,72,2,Personal Auto,Two-Door Car,392
PR31642,Oregon,F,Bachelor,452528,32802,114,0,Personal Auto,SUV,547
BU41599,Washington,F,Master,558176,62739,70,0,Personal Auto,Two-Door Car,239
TK30357,California,F,Bachelor,1413435,90844,118,0,Personal Auto,SUV,233
NF31087,Nevada,F,High School or Below,2472318,44685,69,0,Personal Auto,Four-Door Car,331
NH16984,California,F,Bachelor,283807,0,80,0,Personal Auto,Four-Door Car,337
OS75493,California,F,High School or Below,384848,42589,98,0,Corporate Auto,Four-Door Car,470
VT63298,Oregon,M,Bachelor,1950447,0,72,0,Personal Auto,Four-Door Car,346
QS75550,Washington,F,Bachelor,248005,93383,62,0,Corporate Auto,Two-Door Car,244
SZ16483,Arizona,F,High School or Below,436137,79583,109,2,Personal Auto,Four-Door Car,523
VM92311,Arizona,F,High School or Below,252908,89129,64,0,Personal Auto,Four-Door Car,329
NJ46849,Arizona,M,College,250444,0,69,0,Personal Auto,Four-Door Car,497
WZ31900,Oregon,F,Bachelor,864970,94389,107,0,Corporate Auto,SUV,85
RG30482,Oregon,F,College,1366836,0,197,0,Personal Auto,SUV,1418
ZM86949,Oregon,F,High School or Below,2063508,84106,64,0,Personal Auto,Two-Door Car,334
QQ39596,Arizona,F,College,251753,0,69,0,Personal Auto,Four-Door Car,42
FH51383,California,F,High School or Below,532668,76717,66,0,Personal Auto,Two-Door Car,301
BJ53923,Arizona,M,High School or Below,260027,51978,66,0,Corporate Auto,Four-Door Car,145
CZ96653,Oregon,F,Bachelor,853479,47325,107,0,Personal Auto,SUV,65
FB23788,Oregon,M,High School or Below,882884,86721,111,0,Corporate Auto,SUV,533
NT43594,Nevada,F,Bachelor,224845,24910,63,1,Personal Auto,Four-Door Car,348
RJ85627,Washington,F,Bachelor,1230276,43817,62,1,Personal Auto,Four-Door Car,245
KJ86296,Oregon,M,High School or Below,455659,0,73,2,Personal Auto,Four-Door Car,526
PI47776,Oregon,F,Bachelor,253071,89451,63,0,Corporate Auto,Four-Door Car,62
MD73554,California,M,College,525198,59537,66,0,Personal Auto,Two-Door Car,317
UX92071,Oregon,M,High School or Below,674312,0,199,0,Personal Auto,Luxury,955
YG44474,Oregon,M,College,1401472,54193,117,0,Corporate Auto,SUV,721
UH45301,Oregon,M,College,943892,86946,118,0,Personal Auto,Four-Door Car,341
RY92647,California,F,Bachelor,1050677,0,92,0,Personal Auto,Four-Door Car,547
IK12620,Arizona,F,High School or Below,421392,12160,109,0,Personal Auto,Four-Door Car,489
GQ66762,California,M,College,477369,33701,63,0,Personal Auto,Four-Door Car,171
YT69858,Washington,F,Bachelor,544142,85702,67,0,Personal Auto,Two-Door Car,249
XD85577,California,M,Bachelor,284227,69417,73,1,Personal Auto,Four-Door Car,31
TM65736,Oregon,M,Master,305955,38644,78,1,Personal Auto,Four-Door Car,361
VJ51327,California,F,High School or Below,2031500,63209,102,2,Personal Auto,SUV,207
GS98873,Arizona,F,Bachelor,323912,16061,88,0,Personal Auto,Four-Door Car,634
CW49887,California,F,Master,462680,79487,114,0,Special Auto,SUV,547
MY31220,California,F,College,899704,54230,112,0,Personal Auto,Two-Door Car,538
AC40767,California,F,Bachelor,7715,34244,83,0,Personal Auto,Four-Door Car,378
UH35128,Oregon,F,College,2580706,71210,214,1,Personal Auto,Luxury,1027
WH52799,Arizona,F,College,380812,94903,94,0,Corporate Auto,Two-Door Car,451
WL99637,Arizona,M,Bachelor,761414,27293,96,0,Personal Auto,Two-Door Car,469
UC84059,California,F,Master,689846,70950,171,0,Personal Auto,Luxury,566
HW62747,Oregon,M,College,229838,0,63,0,Corporate Auto,Four-Door Car,302
BH11344,Oregon,F,Doctor,280670,37009,71,0,Corporate Auto,Two-Door Car,146
TX28465,Nevada,M,College,520612,52629,65,0,Personal Auto,Four-Door Car,137
OK56965,California,F,Bachelor,4570865,31264,198,1,Personal Auto,Luxury,826
WT22392,Oregon,F,College,800735,65473,67,0,Personal Auto,Four-Door Car,278
PH85036,Washington,F,Bachelor,548255,79325,68,0,Corporate Auto,Four-Door Car,251
KC71643,Oregon,M,High School or Below,246324,99144,61,0,Corporate Auto,Four-Door Car,293
NR32615,California,M,College,549894,22520,73,0,Corporate Auto,Four-Door Car,350
GS69842,Arizona,F,Bachelor,524383,36615,65,0,Special Auto,Four-Door Car,265
WT71621,Washington,F,Bachelor,328046,63297,82,0,Personal Auto,Four-Door Car,252
KD23847,Arizona,F,High School or Below,488654,76374,61,0,Personal Auto,Four-Door Car,293
PE59368,Washington,F,Bachelor,512348,72096,6464,0,Personal Auto,Two-Door Car,252
NK91488,Nevada,M,Master,547956,56005,68,1,Personal Auto,Four-Door Car,326
CR33417,Washington,F,Master,476216,36529,118,0,Personal Auto,SUV,255
WP73172,Oregon,F,Bachelor,828768,81367,103,0,Special Auto,SUV,416
PS30217,California,F,Bachelor,988666,44817,83,0,Personal Auto,Four-Door Car,527
EL62967,Oregon,F,High School or Below,271292,58508,69,0,Personal Auto,Two-Door Car,58
MU23938,Oregon,M,Bachelor,1047768,45259,138,0,Personal Auto,SUV,272
VC83809,California,M,Doctor,343613,30817,88,0,Personal Auto,Four-Door Car,92
VL34577,Oregon,F,High School or Below,259619,0,72,0,Personal Auto,Two-Door Car,346
QE12539,California,M,Doctor,1273195,40870,105,0,Personal Auto,SUV,504
YO15246,Nevada,M,High School or Below,349415,35001,96,3,Personal Auto,Four-Door Car,461
WF73839,Arizona,F,College,759791,49937,64,0,Personal Auto,Two-Door Car,303
TJ11671,Oregon,F,Bachelor,401521,0,109,0,Personal Auto,Four-Door Car,523
SV34223,California,F,College,2047711,58317,73,0,Personal Auto,Four-Door Car,350
XD19546,California,F,High School or Below,816069,0,109,0,Personal Auto,SUV,523
OY95739,Nevada,M,High School or Below,1229869,17101,113,0,Corporate Auto,SUV,542
SW57539,California,F,College,871492,0,118,0,Corporate Auto,SUV,566
IA62027,Arizona,F,Bachelor,485353,0,65,0,Personal Auto,Four-Door Car,468
FZ20933,Oregon,M,High School or Below,488095,24398,63,1,Personal Auto,Four-Door Car,302
WR62597,Oregon,M,College,231138,24641,61,0,Corporate Auto,Four-Door Car,295
KU61611,Arizona,M,High School or Below,432710,69040,108,0,Corporate Auto,Luxury,518
XW98867,Oregon,M,High School or Below,1229869,17101,113,0,Personal Auto,SUV,542
PP80817,California,F,High School or Below,832353,59886,104,0,Personal Auto,Luxury,72
DT77901,Oregon,F,Bachelor,1017972,14290,271,0,Personal Auto,Luxury,1301
DX34647,California,F,College,776127,43137,96,0,Personal Auto,Two-Door Car,461
OD56551,Oregon,M,College,523989,27978,69,1,Personal Auto,Four-Door Car,448
OO63074,California,F,Bachelor,451791,25261,118,0,Personal Auto,SUV,566
EH24828,Nevada,M,College,238977,58652,64,5,Personal Auto,Four-Door Car,307
CX99919,Nevada,F,College,413063,28321,111,0,Corporate Auto,SUV,537
DG80424,Washington,F,College,269157,77411,67,0,Personal Auto,Four-Door Car,258
NU32697,Oregon,M,College,522777,0,72,0,Corporate Auto,Four-Door Car,518
PU98976,California,F,Bachelor,618735,0,88,0,Personal Auto,Four-Door Car,634
ZR20842,Arizona,M,College,511387,94415,127,1,Personal Auto,Luxury,493
NF35573,Oregon,M,High School or Below,1103932,0,103,0,Special Auto,SUV,1149
DF66914,Arizona,F,Bachelor,3222708,45331,100,0,Personal Auto,SUV,573
YM99866,Arizona,M,High School or Below,261197,53904,67,2,Personal Auto,Four-Door Car,322
VH62084,California,M,High School or Below,1337233,0,74,0,Personal Auto,Four-Door Car,811
SE28250,Arizona,M,Bachelor,483898,0,70,2,Special Auto,Four-Door Car,336
MD86050,Oregon,M,High School or Below,472166,0,67,0,Personal Auto,Four-Door Car,482
GF17866,Oregon,M,College,387365,28142,105,0,Corporate Auto,Luxury,702
UB16654,Washington,M,Master,471856,15680,6464,0,Personal Auto,Four-Door Car,261
KO44736,Oregon,M,Bachelor,1697980,35095,73,0,Personal Auto,Two-Door Car,526
KI55845,Oregon,F,College,1368171,55588,114,0,Personal Auto,SUV,547
JJ24476,Arizona,F,Master,571722,52391,71,0,Personal Auto,Two-Door Car,410
VC68509,Oregon,F,Bachelor,948660,42240,79,0,Personal Auto,Four-Door Car,46
QN62502,Oregon,F,Bachelor,383914,70146,96,0,Personal Auto,Four-Door Car,157
EL92515,Oregon,F,College,1121159,41121,94,0,Personal Auto,Four-Door Car,451
VL84149,Oregon,F,College,2580706,71210,214,1,Corporate Auto,Luxury,1027
JX19907,Oregon,M,Bachelor,379832,0,107,1,Corporate Auto,Two-Door Car,1262
BC66921,Nevada,F,High School or Below,281657,41228,71,0,Personal Auto,Four-Door Car,341
RK24470,Washington,M,Bachelor,502930,40113,67,3,Corporate Auto,Two-Door Car,262
GN80437,Oregon,F,College,344497,0,91,0,Special Auto,Four-Door Car,596
AH65907,California,F,Bachelor,285941,51790,71,0,Personal Auto,Four-Door Car,341
VG57728,California,M,High School or Below,269206,92593,68,0,Corporate Auto,Four-Door Car,8
AF81450,California,M,High School or Below,1143173,28657,100,0,Personal Auto,SUV,589
YI28422,Oregon,M,High School or Below,763588,30262,98,1,Personal Auto,Four-Door Car,499
GR26937,Oregon,F,Master,980583,47197,81,0,Corporate Auto,Four-Door Car,76
BR99015,California,F,Bachelor,680362,0,94,0,Personal Auto,Four-Door Car,451
PB11270,Oregon,F,Bachelor,710766,0,61,0,Personal Auto,Four-Door Car,542
PZ89632,Oregon,F,High School or Below,473518,0,134,0,Personal Auto,SUV,965
LV62981,Arizona,M,College,687433,22093,87,0,Corporate Auto,Two-Door Car,617
AS97690,Arizona,M,College,241126,54483,61,0,Personal Auto,Two-Door Car,293
SG32258,Arizona,F,College,241654,18944,63,0,Personal Auto,Four-Door Car,125
MY80583,Oregon,F,Bachelor,2398154,84365,66,0,Personal Auto,Four-Door Car,317
WS57286,Arizona,M,College,469217,0,64,0,Personal Auto,Four-Door Car,137
MF53477,California,F,High School or Below,360093,25147,101,0,Corporate Auto,SUV,695
DQ28641,Nevada,M,High School or Below,266522,14315,71,0,Personal Auto,Four-Door Car,511
EX46492,Arizona,F,Master,766652,87864,94,0,Personal Auto,Two-Door Car,421
VW20823,California,M,High School or Below,1667590,57844,85,1,Personal Auto,Four-Door Car,408
LH26563,Oregon,F,High School or Below,455086,17913,116,0,Personal Auto,Four-Door Car,557
FR56877,Arizona,F,High School or Below,1176394,28806,99,0,Special Auto,Four-Door Car,475
ZY99878,California,M,High School or Below,1374254,90343,175,0,Personal Auto,SUV,833
CS15289,Oregon,F,Master,1613842,79041,199,0,Personal Auto,Luxury,419
MM49431,Washington,M,Bachelor,729858,74069,63,2,Personal Auto,Two-Door Car,276
IA96447,California,M,College,667374,85019,167,0,Personal Auto,Luxury,802
PT32230,California,F,High School or Below,778213,70059,194,0,Personal Auto,Luxury,254
NK73719,California,F,College,1939321,70503,164,1,Corporate Auto,SUV,41
OH15771,California,M,Bachelor,397414,0,117,0,Personal Auto,SUV,562
XP61034,Oregon,M,Bachelor,410558,39492,105,0,Personal Auto,SUV,756
ZN34245,Arizona,M,College,230847,0,68,0,Corporate Auto,Four-Door Car,490
FX55923,Arizona,M,Bachelor,537291,50405,70,1,Personal Auto,Four-Door Car,7
ZZ83340,Oregon,F,Doctor,550832,96021,68,0,Personal Auto,Two-Door Car,315
HA99340,Oregon,M,High School or Below,239833,0,65,0,Personal Auto,Two-Door Car,423
LE43061,California,M,High School or Below,372883,0,105,0,Personal Auto,Four-Door Car,756
UF77413,Oregon,M,College,275850,65794,69,1,Personal Auto,Four-Door Car,277
UY45293,Oregon,M,Bachelor,370393,21975,95,0,Corporate Auto,Four-Door Car,456
TH84309,California,M,High School or Below,937284,0,126,0,Personal Auto,SUV,605
PZ94551,Oregon,F,Bachelor,499158,56649,125,0,Special Auto,SUV,780
UE76013,Washington,F,Master,503987,35984,128,3,Personal Auto,SUV,276
HS85465,California,M,Bachelor,275998,92296,69,0,Corporate Auto,Two-Door Car,331
SI78985,Oregon,F,Bachelor,799300,39448,103,3,Personal Auto,Four-Door Car,66
KF50730,California,F,Bachelor,523557,71794,131,0,Personal Auto,SUV,457
JO13576,California,F,High School or Below,263301,21861,69,0,Personal Auto,Four-Door Car,348
HJ79774,Oregon,F,College,276480,31591,72,4,Corporate Auto,Four-Door Car,240
KI18648,Arizona,F,Bachelor,808485,60662,68,0,Special Auto,Two-Door Car,326
EL99335,California,F,College,268518,20608,73,0,Personal Auto,Four-Door Car,350
LE84979,California,F,Master,1220812,21331,103,0,Personal Auto,SUV,419
CE12380,Arizona,F,College,2009044,0,66,1,Corporate Auto,Four-Door Car,252
BJ22117,Washington,M,Master,513341,53390,6464,0,Personal Auto,Four-Door Car,279
JF83834,Oregon,M,Doctor,249132,36631,62,0,Corporate Auto,Four-Door Car,68
YN10988,California,M,High School or Below,631460,0,87,0,Personal Auto,Four-Door Car,418
YX15941,Oregon,M,College,1622965,26030,139,1,Corporate Auto,Luxury,667
ZB50601,Nevada,M,College,516179,0,70,0,Personal Auto,Four-Door Car,469
HP50399,Nevada,M,Bachelor,398227,0,113,0,Personal Auto,SUV,542
GC17585,Arizona,M,Bachelor,1347319,25302,70,1,Personal Auto,Four-Door Car,336
QW17286,Washington,F,Master,277832,66030,69,1,Personal Auto,Four-Door Car,282
DO41287,Oregon,M,High School or Below,827644,0,82,0,Personal Auto,Four-Door Car,590
GT54462,Arizona,M,Bachelor,1434986,73222,180,0,Personal Auto,SUV,822
BT76268,California,F,College,587820,22061,74,0,Personal Auto,Four-Door Car,355
QM38267,Arizona,F,High School or Below,266605,86321,66,0,Personal Auto,Four-Door Car,317
LP82042,Oregon,M,Bachelor,534568,54668,68,1,Personal Auto,Four-Door Car,326
EF52978,Arizona,F,High School or Below,477712,0,62,0,Personal Auto,Four-Door Car,298
GH54524,California,M,High School or Below,1697374,69497,142,0,Personal Auto,SUV,92
DP26592,Oregon,M,High School or Below,251811,86617,63,0,Personal Auto,Four-Door Car,188
UP29839,Nevada,F,Master,1916099,22705,239,0,Personal Auto,Luxury,1295
IB80924,Washington,F,High School or Below,3286440,90783,104,2,Personal Auto,SUV,286
OB55054,Oregon,M,Bachelor,396481,88410,99,0,Corporate Auto,Four-Door Car,475
NP91656,California,F,Bachelor,491177,0,69,0,Personal Auto,Four-Door Car,497
SH74080,Oregon,F,College,780531,21073,106,1,Personal Auto,SUV,509
KN25556,Arizona,F,College,720066,0,66,0,Personal Auto,Four-Door Car,317
RB38792,Oregon,M,College,538950,66429,136,0,Personal Auto,Luxury,58
QR72180,California,F,Doctor,324131,66889,80,0,Personal Auto,Four-Door Car,294
TW64385,California,M,Bachelor,552821,36088,72,0,Corporate Auto,Four-Door Car,346
TM13955,Washington,M,Master,299302,0,80,0,Corporate Auto,Four-Door Car,286
GF94951,Arizona,M,Bachelor,707665,0,68,0,Corporate Auto,Two-Door Car,490
NF53775,California,F,College,370038,17557,96,0,Personal Auto,Four-Door Car,667
YB58778,California,F,College,532884,81064,70,4,Personal Auto,Two-Door Car,42
PH77560,Nevada,F,High School or Below,483888,0,66,0,Personal Auto,Four-Door Car,700
ZO14864,Washington,F,Master,341720,42526,86,0,Personal Auto,Two-Door Car,288
BI34376,California,F,Doctor,787993,45703,98,0,Personal Auto,Two-Door Car,470
UQ63396,California,F,Bachelor,786943,40036,65,0,Personal Auto,Four-Door Car,49
BR23201,California,M,Bachelor,258681,0,71,0,Personal Auto,Four-Door Car,192
VH45094,Arizona,M,High School or Below,728679,65870,61,1,Personal Auto,Four-Door Car,203
KD47243,California,F,Bachelor,1179799,91469,100,2,Personal Auto,SUV,419
MY13737,California,M,High School or Below,938675,42090,119,0,Corporate Auto,SUV,203
OR48881,Oregon,F,Doctor,630892,21368,79,0,Corporate Auto,Four-Door Car,5
BD77090,Washington,F,Bachelor,860916,79090,107,0,Personal Auto,SUV,289
LW77178,Oregon,F,Bachelor,1542801,33879,98,0,Corporate Auto,Two-Door Car,470
BQ12347,Arizona,M,High School or Below,563079,72874,70,0,Special Auto,Four-Door Car,336
FF61670,California,M,High School or Below,1813119,0,82,1,Personal Auto,Four-Door Car,394
PM61374,California,F,Bachelor,808722,0,110,0,Personal Auto,Two-Door Car,551
BW25236,Arizona,M,College,1845358,72215,66,0,Personal Auto,Four-Door Car,248
XO22038,California,F,Bachelor,521751,39854,66,0,Corporate Auto,Two-Door Car,262
QG51953,Oregon,M,College,483578,36655,61,0,Personal Auto,Four-Door Car,295
SZ56338,Oregon,F,High School or Below,559712,37995,139,0,Personal Auto,SUV,667
PX60116,California,F,High School or Below,892046,40867,112,0,Corporate Auto,Two-Door Car,538
BW46202,Oregon,F,Bachelor,599541,28804,78,0,Personal Auto,Two-Door Car,76
GW14109,California,F,High School or Below,3849695,48409,124,0,Special Auto,SUV,345
GP42026,California,M,High School or Below,838263,19683,117,1,Personal Auto,Luxury,562
DH41343,Washington,F,College,244367,92834,61,0,Special Auto,Four-Door Car,293
PY42157,Washington,F,High School or Below,247225,62006,61,0,Personal Auto,Four-Door Car,293
OL36978,California,F,High School or Below,540552,67241,68,1,Personal Auto,Two-Door Car,6
KT40899,California,M,High School or Below,935248,75436,78,0,Personal Auto,Four-Door Car,10
WE60408,Arizona,F,College,433987,91761,109,2,Personal Auto,SUV,779
LG64797,California,F,College,1772376,25771,222,0,Personal Auto,Luxury,1254
MD87746,Oregon,M,College,750746,60920,64,0,Personal Auto,Two-Door Car,231
QP80741,Washington,F,College,604857,0,61,3,Corporate Auto,Four-Door Car,293
WO59883,Washington,F,High School or Below,1901448,29822,61,0,Personal Auto,Two-Door Car,293
MU79385,Arizona,M,College,1008037,60944,130,2,Personal Auto,SUV,624
JH30384,California,F,High School or Below,650340,22081,84,0,Personal Auto,Two-Door Car,452
LL45497,Washington,F,College,248773,67282,62,0,Personal Auto,Two-Door Car,298
SK95364,California,F,College,462039,0,130,0,Personal Auto,SUV,936
VG56765,Arizona,M,High School or Below,247153,95697,61,0,Personal Auto,Two-Door Car,114
NE24371,Oregon,F,College,649424,15300,85,0,Personal Auto,Four-Door Car,408
KR48903,Washington,M,High School or Below,250491,88264,62,0,Personal Auto,Two-Door Car,298
ZF27999,Nevada,F,College,490489,12902,139,0,Personal Auto,Luxury,667
MH40017,Arizona,M,High School or Below,480248,29809,61,0,Personal Auto,Four-Door Car,365
YJ99764,Nevada,M,High School or Below,795577,0,74,0,Personal Auto,Four-Door Car,355
AG22225,Oregon,M,High School or Below,694190,0,96,0,Personal Auto,Four-Door Car,461
ZJ26179,Oregon,M,Bachelor,838248,25998,71,0,Personal Auto,Four-Door Car,792
VO36036,Oregon,F,Doctor,353643,28248,90,0,Personal Auto,Four-Door Car,634
ZQ94281,California,F,College,324482,68103,82,0,Personal Auto,Two-Door Car,278
CK40732,California,F,High School or Below,761121,0,103,0,Special Auto,Four-Door Car,742
UT73461,Oregon,F,Doctor,450540,81079,111,0,Special Auto,SUV,134
LT57320,Nevada,F,Master,244584,22732,62,0,Personal Auto,Four-Door Car,16
BZ44726,Nevada,F,High School or Below,1647777,49825,70,3,Corporate Auto,Two-Door Car,336
VU32116,Oregon,F,College,354640,0,103,0,Personal Auto,SUV,622
EG94326,Nevada,M,High School or Below,427727,77265,107,0,Personal Auto,SUV,514
EJ43595,California,M,High School or Below,478477,0,72,0,Corporate Auto,Four-Door Car,780
QI37869,California,M,College,757224,12876,107,2,Corporate Auto,Four-Door Car,426
SX65826,Arizona,M,Bachelor,1176088,36431,99,0,Personal Auto,Two-Door Car,513
XO42145,Oregon,M,High School or Below,393381,25927,103,0,Personal Auto,SUV,675
WJ74851,Nevada,F,Bachelor,570076,26811,72,0,Personal Auto,Two-Door Car,466
IG68709,Oregon,F,High School or Below,349863,41711,90,0,Personal Auto,Four-Door Car,351
AC75391,Arizona,F,College,576809,35091,74,0,Corporate Auto,Two-Door Car,419
WO94087,Arizona,F,Bachelor,636195,0,87,0,Corporate Auto,Four-Door Car,418
YJ69332,Oregon,F,High School or Below,650340,22081,84,0,Personal Auto,Two-Door Car,452
WX87964,Washington,M,High School or Below,493519,29560,62,0,Personal Auto,Four-Door Car,298
PD32641,Oregon,M,College,578522,31320,72,0,Personal Auto,Four-Door Car,294
CK39096,Oregon,M,High School or Below,561969,0,153,0,Personal Auto,SUV,1027
QV19964,Oregon,M,Doctor,259929,33947,66,1,Personal Auto,Four-Door Car,192
BF72793,California,F,High School or Below,673297,0,62,0,Personal Auto,Two-Door Car,446
WB12017,California,F,College,1832187,21189,66,0,Personal Auto,Two-Door Car,317
JO17193,Washington,M,Bachelor,230069,25905,63,0,Personal Auto,Four-Door Car,302
AY84441,Oregon,M,High School or Below,400286,0,114,0,Personal Auto,SUV,821
JQ65500,Oregon,F,Bachelor,862100,44988,108,0,Corporate Auto,Two-Door Car,518
OI29521,Oregon,F,College,1038899,33432,90,0,Corporate Auto,Two-Door Car,161
MJ51323,Oregon,F,Bachelor,842717,46503,215,1,Personal Auto,Luxury,1032
QI64880,California,M,Bachelor,700727,0,101,0,Corporate Auto,SUV,974
HV93429,Oregon,F,Master,517658,23636,65,0,Personal Auto,Four-Door Car,81
TA89713,Oregon,M,College,538950,66429,136,0,Personal Auto,Luxury,58
OB98149,Washington,F,College,470001,11417,63,0,Personal Auto,Two-Door Car,302
LE65901,Oregon,F,Bachelor,443494,58082,112,1,Personal Auto,SUV,103
FF68864,Arizona,F,Bachelor,1401053,36523,71,0,Personal Auto,Four-Door Car,101
YX99200,Nevada,M,Bachelor,1235006,54710,103,0,Personal Auto,Two-Door Car,294
LZ26801,California,F,High School or Below,816158,73466,102,1,Personal Auto,SUV,205
TA66375,Oregon,F,Bachelor,1100913,51643,283,0,Corporate Auto,Luxury,1358
SC92090,Arizona,M,College,871705,83846,74,3,Personal Auto,Four-Door Car,355
TK40018,Oregon,M,High School or Below,591747,0,169,0,Personal Auto,SUV,1207
ZD63451,California,M,Bachelor,250366,53338,63,1,Personal Auto,Four-Door Car,35
AO98601,Washington,F,Bachelor,501889,54500,63,0,Corporate Auto,Two-Door Car,302
DT35588,Oregon,M,College,433039,60475,107,0,Personal Auto,Four-Door Car,514
VF87723,California,M,College,1048774,30658,89,0,Personal Auto,Four-Door Car,442
QP69826,Arizona,M,Bachelor,356750,0,102,0,Corporate Auto,SUV,660
UW37050,Oregon,F,Bachelor,1989642,60420,248,0,Personal Auto,Luxury,633
UH62254,Oregon,M,Bachelor,2142364,0,65,0,Personal Auto,Two-Door Car,312
IA15979,Washington,M,College,694833,40598,91,0,Personal Auto,Four-Door Car,303
DB71122,California,F,Doctor,351583,15144,90,0,Personal Auto,Four-Door Car,373
TM14491,California,M,Bachelor,1203662,44428,104,0,Personal Auto,SUV,499
OY94707,California,M,College,360980,58297,97,5,Special Auto,Four-Door Car,647
LN55080,Oregon,F,Bachelor,1773246,42191,74,1,Special Auto,Two-Door Car,69
TZ47750,Nevada,M,Master,850985,26057,74,0,Personal Auto,Four-Door Car,524
SJ74501,Arizona,F,Bachelor,586642,26608,73,0,Personal Auto,Two-Door Car,234
LE26899,California,M,Doctor,482550,0,63,0,Personal Auto,Four-Door Car,273
ML34366,California,M,College,538950,66429,136,0,Personal Auto,Luxury,58
EI45850,California,F,Bachelor,777801,25970,72,3,Personal Auto,Four-Door Car,431
LD75023,Oregon,M,High School or Below,2634609,48268,223,0,Personal Auto,Luxury,1606
JW12998,California,F,High School or Below,1486645,24279,126,0,Personal Auto,Luxury,605
LP47259,Arizona,M,High School or Below,832423,0,121,0,Corporate Auto,Luxury,871
XD21246,Oregon,F,High School or Below,923831,0,128,0,Personal Auto,SUV,922
DW59142,Nevada,F,High School or Below,2269329,71879,64,0,Corporate Auto,Two-Door Car,9
KX54900,Arizona,M,Doctor,623602,57760,78,0,Special Auto,Four-Door Car,224
XV83643,California,M,College,501218,20976,129,1,Personal Auto,Luxury,736
XY33610,Washington,M,College,1569554,97750,65,0,Personal Auto,Four-Door Car,303
GK48045,Washington,F,College,821460,73245,68,0,Personal Auto,Four-Door Car,305
ET79528,California,M,College,311898,23008,79,1,Personal Auto,Four-Door Car,81
RA66180,Washington,F,High School or Below,276403,33837,72,4,Corporate Auto,Two-Door Car,306
BC66536,Arizona,F,High School or Below,688369,84869,85,0,Corporate Auto,Four-Door Car,408
PN22481,Oregon,M,College,221591,0,66,0,Corporate Auto,Two-Door Car,317
XR95069,Washington,F,Bachelor,485475,29834,6464,0,Personal Auto,Four-Door Car,307
IF38438,Arizona,F,High School or Below,2152295,44695,79,2,Personal Auto,Two-Door Car,81
ZC62609,Oregon,F,High School or Below,276169,0,77,0,Personal Auto,Four-Door Car,554
FD64348,Oregon,M,High School or Below,2256362,23046,65,3,Personal Auto,Two-Door Car,2
TA58285,Oregon,M,High School or Below,528592,0,73,0,Personal Auto,Two-Door Car,393
WV66165,Oregon,F,High School or Below,3506265,84811,111,0,Personal Auto,SUV,278
YE27183,Oregon,M,Bachelor,591320,0,91,0,Corporate Auto,Four-Door Car,437
TI47802,California,F,Master,259340,0,69,0,Personal Auto,Two-Door Car,331
ZZ44902,Arizona,M,High School or Below,1269267,40117,108,0,Personal Auto,Two-Door Car,750
JD73594,Oregon,M,Bachelor,330912,72140,87,2,Personal Auto,Four-Door Car,418
VW82067,Washington,F,Master,518162,97131,6464,0,Personal Auto,Four-Door Car,307
JS55721,California,M,College,241393,12495,65,0,Personal Auto,Four-Door Car,312
ZB62469,California,M,High School or Below,216169,0,67,2,Corporate Auto,Two-Door Car,482
HZ74609,Oregon,F,Bachelor,552799,0,72,0,Personal Auto,Four-Door Car,346
TJ76363,Arizona,F,Doctor,1062922,36495,133,1,Corporate Auto,SUV,230
QZ58370,Nevada,F,Bachelor,1182011,86801,98,0,Personal Auto,Four-Door Car,371
RF44930,California,M,College,496463,52679,62,0,Personal Auto,Four-Door Car,118
VJ44100,California,M,Master,912293,90804,113,0,Personal Auto,Luxury,434
KN13494,Washington,F,Master,518162,97131,6464,0,Personal Auto,Four-Door Car,307
NL80137,Oregon,F,College,346066,14262,90,0,Personal Auto,Four-Door Car,290
NZ57065,Oregon,M,Bachelor,287298,36844,73,0,Personal Auto,Four-Door Car,284
NM42917,Arizona,F,College,992788,58703,127,2,Personal Auto,SUV,228
RR68322,Nevada,M,High School or Below,348269,65162,86,0,Personal Auto,Four-Door Car,134
OF78862,Oregon,F,College,399173,54964,99,0,Personal Auto,Four-Door Car,526
SC93784,Oregon,M,Bachelor,551011,61401,69,0,Personal Auto,Four-Door Car,144
CM59084,Oregon,F,High School or Below,360093,25147,101,0,Corporate Auto,SUV,695
QA41558,Oregon,F,Master,541946,73536,67,0,Personal Auto,Two-Door Car,173
SD62061,Oregon,F,High School or Below,581063,24860,73,0,Personal Auto,Four-Door Car,350
VP13613,California,M,Bachelor,394273,65404,99,0,Personal Auto,Four-Door Car,301
HF96939,Oregon,M,High School or Below,312627,34510,81,0,Personal Auto,Four-Door Car,389
DU18362,California,M,Bachelor,353001,0,108,0,Corporate Auto,Two-Door Car,778
UG34438,Washington,F,College,1099059,44552,137,0,Personal Auto,SUV,311
XQ19793,Arizona,M,High School or Below,477294,20993,133,0,Personal Auto,SUV,638
OB77084,Oregon,F,Bachelor,220234,0,61,1,Personal Auto,Two-Door Car,293
LK74984,Washington,M,High School or Below,245917,21190,65,2,Personal Auto,Four-Door Car,312
JE13986,Arizona,F,College,1037389,62587,86,0,Personal Auto,Four-Door Car,413
QR15221,Washington,F,High School or Below,258420,22562,65,0,Personal Auto,Two-Door Car,312
LD49835,California,M,High School or Below,430742,73345,107,0,Personal Auto,SUV,514
EK19337,Oregon,F,High School or Below,304025,0,83,0,Personal Auto,Four-Door Car,989
GD55093,California,F,Master,1916099,22705,239,0,Personal Auto,Luxury,1295
RX19151,Washington,M,Bachelor,817658,67137,111,5,Personal Auto,SUV,315
TJ30354,Oregon,F,Bachelor,528531,22627,67,0,Personal Auto,Four-Door Car,322
TA75663,California,F,Master,802499,38702,101,3,Personal Auto,SUV,253
WG15841,California,M,Bachelor,281046,26790,71,0,Personal Auto,Two-Door Car,341
LO68739,Arizona,F,Bachelor,773955,64859,96,0,Personal Auto,Four-Door Car,267
BE61743,Washington,M,Bachelor,410979,86657,103,0,Personal Auto,Luxury,316
EG56026,Nevada,F,High School or Below,327516,69263,81,2,Personal Auto,Two-Door Car,495
VF21395,Oregon,M,Bachelor,265270,82655,66,0,Personal Auto,Two-Door Car,317
SI11249,California,F,High School or Below,504823,29401,65,0,Personal Auto,Four-Door Car,312
PU95227,Washington,M,Bachelor,336241,22853,87,0,Personal Auto,Four-Door Car,316
VO87785,Arizona,F,College,485843,26480,63,0,Personal Auto,Two-Door Car,379
FS29897,Oregon,F,High School or Below,214492,0,61,1,Personal Auto,Four-Door Car,293
JG36165,California,M,Bachelor,604262,0,83,0,Personal Auto,Two-Door Car,904
SJ42058,Oregon,F,High School or Below,338720,73268,84,0,Personal Auto,Four-Door Car,94
CU13711,Oregon,F,Doctor,1086427,95579,67,0,Personal Auto,Four-Door Car,309
GT65065,Oregon,F,Master,884265,42142,112,0,Personal Auto,Luxury,396
LO77543,Washington,M,College,261661,72302,66,0,Special Auto,Two-Door Car,317
UQ85283,California,M,Bachelor,3076326,41279,115,0,Personal Auto,Luxury,251
QA49556,Washington,M,Master,520023,23401,66,0,Personal Auto,Four-Door Car,317
GE29173,Nevada,M,Bachelor,859131,0,128,0,Corporate Auto,SUV,1449
DF21541,Arizona,F,College,264657,23170,71,0,Personal Auto,Four-Door Car,341
JL59571,Oregon,F,Bachelor,460724,17343,63,0,Corporate Auto,Two-Door Car,209
DF94525,Oregon,M,College,486062,25854,68,0,Personal Auto,Four-Door Car,396
YO58424,Oregon,M,College,258085,46900,66,0,Corporate Auto,Four-Door Car,317
UF32671,Washington,F,College,529140,57338,66,0,Personal Auto,Four-Door Car,317
HO92982,California,M,High School or Below,840575,85355,71,2,Personal Auto,Two-Door Car,459
MZ24175,Arizona,F,College,309651,21604,79,0,Personal Auto,Four-Door Car,379
YD48962,Arizona,M,High School or Below,2941229,0,107,0,Personal Auto,SUV,514
RI52095,Washington,M,High School or Below,7715,51878,66,1,Personal Auto,Four-Door Car,317
MF18493,California,M,College,1749752,0,73,0,Personal Auto,Two-Door Car,350
EP61084,Nevada,F,High School or Below,321861,68776,80,0,Personal Auto,Four-Door Car,88
EN38348,Oregon,F,High School or Below,2320727,45039,96,0,Personal Auto,Four-Door Car,192
FG46258,Washington,F,College,692197,16483,90,0,Corporate Auto,Two-Door Car,321
LS98306,Nevada,M,High School or Below,1391853,64113,117,0,Special Auto,Four-Door Car,562
PZ47477,Arizona,M,High School or Below,896631,41829,76,0,Personal Auto,Two-Door Car,416
LT32391,California,F,Master,1198198,21514,62,0,Personal Auto,Two-Door Car,257
KK30016,Nevada,M,Master,553263,27722,69,0,Personal Auto,Four-Door Car,331
OA89218,Nevada,F,College,1166057,21506,151,0,Personal Auto,Luxury,827
CY47265,Oregon,F,High School or Below,288645,10312,78,0,Personal Auto,Four-Door Car,486
ZI47663,Arizona,F,Bachelor,1274185,73054,106,1,Personal Auto,SUV,419
GO14008,Oregon,F,Bachelor,539810,73775,67,0,Personal Auto,Four-Door Car,322
BC43958,California,M,High School or Below,728503,44788,61,0,Corporate Auto,Four-Door Car,386
AI61368,Nevada,F,High School or Below,1765196,22510,95,0,Personal Auto,Four-Door Car,456
UF37831,Arizona,M,Master,1702989,54613,213,0,Personal Auto,Luxury,732
PO90615,Arizona,F,High School or Below,249126,25965,65,0,Personal Auto,Four-Door Car,329
GY74661,Oregon,F,College,403932,34911,105,1,Personal Auto,SUV,127
MX50302,Oregon,M,Bachelor,261934,78618,66,0,Special Auto,Two-Door Car,226
TC84427,Oregon,F,High School or Below,504969,61080,66,2,Personal Auto,Four-Door Car,294
IQ82914,Oregon,F,Master,498346,60415,62,0,Personal Auto,Two-Door Car,73
TY74870,California,F,Master,253064,25143,66,0,Corporate Auto,Four-Door Car,9
II83628,California,M,College,739672,41045,64,1,Personal Auto,Four-Door Car,395
ZR77995,California,M,College,383290,97729,95,0,Personal Auto,Four-Door Car,97
QT89604,Arizona,F,High School or Below,496141,55702,61,0,Personal Auto,Four-Door Car,151
AB21519,California,F,College,386149,93272,95,0,Personal Auto,Four-Door Car,281
MP47256,California,M,Bachelor,2265854,23665,67,0,Personal Auto,Four-Door Car,405
MA47641,Oregon,M,High School or Below,1040897,20228,101,1,Personal Auto,SUV,524
GQ20713,Nevada,F,College,483471,38713,66,4,Personal Auto,Four-Door Car,317
WW87934,Arizona,F,Bachelor,825767,23815,73,0,Personal Auto,Four-Door Car,424
HF75276,Nevada,F,High School or Below,305263,0,93,3,Personal Auto,Four-Door Car,446
ET64028,California,F,High School or Below,401232,47221,99,0,Personal Auto,Two-Door Car,475
QA41472,Oregon,M,Bachelor,1335549,34495,113,0,Personal Auto,SUV,390
OZ92426,Oregon,M,College,236443,46264,62,0,Corporate Auto,Four-Door Car,199
UM69933,Nevada,M,College,248934,46051,63,0,Personal Auto,Two-Door Car,302
RQ11502,Nevada,F,Bachelor,475572,23975,128,0,Corporate Auto,SUV,614
TX98128,California,F,College,1386438,0,74,4,Personal Auto,Four-Door Car,581
XY52165,Arizona,F,College,302042,78561,74,0,Personal Auto,Two-Door Car,355
GB39003,California,M,High School or Below,628531,0,90,0,Personal Auto,Two-Door Car,432
VH43367,California,F,High School or Below,250602,61402,63,2,Special Auto,Four-Door Car,302
KG81168,Arizona,M,Bachelor,282631,65090,71,0,Personal Auto,Four-Door Car,74
WU14549,Nevada,M,Master,436972,88495,108,0,Personal Auto,Two-Door Car,536
XB17553,Nevada,M,Bachelor,1217459,52797,104,1,Personal Auto,Luxury,88
MY88518,Nevada,M,Doctor,352804,31278,92,4,Personal Auto,Two-Door Car,442
XE18554,California,F,Bachelor,1043657,24177,92,1,Personal Auto,Four-Door Car,442
NY97446,Oregon,F,High School or Below,274612,96339,68,0,Corporate Auto,Four-Door Car,293
VT96364,California,M,Bachelor,917517,68164,119,2,Personal Auto,Four-Door Car,223
HF88410,Washington,F,High School or Below,7715,36765,66,1,Personal Auto,Four-Door Car,321
DP92488,Washington,F,Doctor,272752,74592,67,0,Personal Auto,Two-Door Car,322
VC54081,Oregon,F,College,944975,0,63,0,Special Auto,Four-Door Car,118
CE94751,California,M,College,456882,0,70,1,Personal Auto,Two-Door Car,525
VM85856,Oregon,F,Master,257402,34990,65,0,Personal Auto,Four-Door Car,43
EH37385,Arizona,F,Master,878988,22849,109,0,Personal Auto,Luxury,523
FI45719,Arizona,M,Doctor,250741,32893,63,0,Personal Auto,Four-Door Car,174
SB79528,Oregon,M,College,252241,0,73,0,Corporate Auto,Two-Door Car,350
WH81461,Nevada,M,College,754271,0,111,0,Personal Auto,SUV,1187
UD47050,Oregon,M,High School or Below,600521,26876,76,0,Corporate Auto,Four-Door Car,365
XZ17273,Nevada,M,Bachelor,2099826,71663,74,0,Corporate Auto,Four-Door Car,84
XR97812,California,M,College,234508,0,69,0,Personal Auto,Four-Door Car,331
BW88060,California,F,High School or Below,878317,16994,112,0,Personal Auto,SUV,806
CP32818,Oregon,M,Bachelor,452997,64270,117,0,Personal Auto,Luxury,46
CM52565,Nevada,F,High School or Below,603322,0,83,0,Corporate Auto,Four-Door Car,598
YP40334,Oregon,F,Doctor,530825,0,145,0,Personal Auto,SUV,359
KD63998,California,M,College,267473,56342,69,0,Personal Auto,Four-Door Car,331
VC77127,California,F,High School or Below,492981,0,70,0,Personal Auto,Four-Door Car,837
AM30008,California,M,High School or Below,1413112,28327,185,0,Personal Auto,Luxury,888
PC83755,Oregon,M,High School or Below,247153,95697,61,0,Personal Auto,Two-Door Car,114
XS22323,Arizona,M,High School or Below,600521,26876,76,0,Personal Auto,Four-Door Car,365
ST27958,Washington,M,College,438628,10621,67,0,Personal Auto,Four-Door Car,322
BH23017,Nevada,F,Bachelor,1911657,0,61,0,Personal Auto,Two-Door Car,658
OD18225,California,M,College,663167,32918,84,0,Personal Auto,Four-Door Car,403
VE31507,Oregon,F,High School or Below,743230,0,71,0,Personal Auto,Four-Door Car,447
NR18672,Nevada,M,High School or Below,292812,63127,74,1,Personal Auto,Two-Door Car,174
DM76654,California,M,College,4661187,22022,136,0,Personal Auto,SUV,979
YY11432,Oregon,F,High School or Below,1651501,51725,138,1,Personal Auto,SUV,159
GK67747,Washington,M,College,438628,10621,67,0,Special Auto,Four-Door Car,322
XA75063,Oregon,F,College,1021356,39719,131,0,Personal Auto,Luxury,629
PQ13422,Nevada,M,College,1004929,58194,84,0,Personal Auto,Four-Door Car,451
NA89685,Oregon,M,College,574615,61990,72,0,Personal Auto,Four-Door Car,49
AL35726,Oregon,F,College,374675,41479,94,1,Personal Auto,Two-Door Car,20
WO70078,Oregon,F,Bachelor,748607,97899,95,3,Personal Auto,Four-Door Car,4
CA56041,Nevada,F,College,912007,63878,113,0,Personal Auto,SUV,370
HI41970,Oregon,F,High School or Below,567805,68671,70,0,Special Auto,Two-Door Car,8
AU46443,Nevada,F,Bachelor,751708,0,102,0,Personal Auto,SUV,1179
WC35554,Oregon,M,College,453053,34640,117,2,Personal Auto,Luxury,466
JR10216,California,F,Bachelor,269138,21959,71,0,Corporate Auto,Four-Door Car,341
OH11674,Arizona,F,Bachelor,806862,51584,69,2,Corporate Auto,Two-Door Car,369
US85318,Oregon,F,Bachelor,247858,65744,62,0,Corporate Auto,Four-Door Car,167
FS19862,Arizona,F,Bachelor,911204,25198,118,0,Personal Auto,SUV,566
ZP80713,Arizona,F,Master,277244,79663,69,0,Personal Auto,Two-Door Car,264
OK50159,Arizona,F,Bachelor,430579,31071,111,2,Personal Auto,Luxury,215
TP54769,California,F,Bachelor,510336,39452,131,0,Corporate Auto,SUV,398
FS49381,Oregon,F,Bachelor,478496,25813,61,0,Personal Auto,Four-Door Car,205
DQ79499,Oregon,F,Doctor,1054111,59965,131,0,Personal Auto,SUV,905
VH31965,Washington,M,Bachelor,528512,40783,67,1,Personal Auto,Four-Door Car,322
VO25602,Nevada,F,College,761084,98701,94,0,Personal Auto,Four-Door Car,80
EP93369,Arizona,F,College,851053,0,121,0,Personal Auto,Luxury,871
DQ45854,Oregon,F,College,1617294,64388,68,0,Personal Auto,Four-Door Car,12
QG15661,Oregon,M,College,242549,66841,62,0,Personal Auto,Four-Door Car,123
YA80645,Oregon,F,High School or Below,289932,33738,74,1,Corporate Auto,Four-Door Car,304
TW16499,California,M,Bachelor,363305,43334,95,2,Corporate Auto,Two-Door Car,614
UP97629,California,F,College,345715,0,91,0,Personal Auto,Four-Door Car,246
NU42684,Nevada,F,College,339472,83431,84,0,Personal Auto,Four-Door Car,403
EM85557,Washington,F,College,802107,54292,67,0,Personal Auto,Four-Door Car,322
BM69818,Oregon,M,Bachelor,584153,0,79,0,Personal Auto,Four-Door Car,379
HK15299,California,M,High School or Below,547985,38210,69,0,Personal Auto,Four-Door Car,383
NP88496,Nevada,F,High School or Below,2045525,0,67,0,Personal Auto,Four-Door Car,482
SB99002,Oregon,F,Bachelor,831912,49734,69,0,Corporate Auto,Four-Door Car,155
ZH42145,Washington,F,High School or Below,258286,50148,65,0,Corporate Auto,Four-Door Car,323
JG30837,Oregon,M,College,416379,11689,117,0,Corporate Auto,SUV,562
AC22873,Arizona,F,High School or Below,485310,17120,125,0,Special Auto,SUV,717
RO85831,Oregon,M,High School or Below,753170,82157,188,0,Corporate Auto,Luxury,1354
NN65845,Washington,F,Bachelor,258594,21603,68,2,Personal Auto,Four-Door Car,326
RZ27571,Washington,F,Bachelor,269596,25544,68,0,Personal Auto,Four-Door Car,326
GH31557,California,M,High School or Below,268458,98121,67,0,Personal Auto,Two-Door Car,384
MK73855,Washington,F,High School or Below,810936,32314,68,0,Personal Auto,Four-Door Car,326
IO27771,Oregon,F,College,903666,89382,112,0,Corporate Auto,Four-Door Car,574
HB99061,Arizona,F,High School or Below,535219,97742,132,0,Corporate Auto,SUV,200
HQ82089,Arizona,F,High School or Below,1188097,0,114,0,Personal Auto,Four-Door Car,821
JN72184,Oregon,M,College,255709,0,73,0,Corporate Auto,Four-Door Car,526
WQ46946,California,F,College,791482,77153,99,1,Personal Auto,Four-Door Car,356
WJ44028,California,M,Master,984008,94590,81,0,Personal Auto,Two-Door Car,389
WH77063,Arizona,F,High School or Below,435155,74163,108,0,Personal Auto,Four-Door Car,518
FI13966,Oregon,F,High School or Below,2220783,40450,287,3,Personal Auto,Luxury,1378
AQ46199,Oregon,M,High School or Below,482526,0,71,0,Personal Auto,Two-Door Car,511
WV69362,Arizona,F,High School or Below,694784,0,99,0,Corporate Auto,Two-Door Car,475
RJ90816,California,F,College,334481,33243,85,0,Personal Auto,Four-Door Car,25
NH19236,Arizona,M,Master,235750,0,64,0,Personal Auto,Four-Door Car,200
VW88911,Oregon,M,High School or Below,3594471,0,114,0,Corporate Auto,Four-Door Car,821
NV14535,Nevada,M,High School or Below,1040897,20228,101,1,Personal Auto,SUV,524
BM66931,Arizona,F,High School or Below,404816,92801,100,0,Personal Auto,SUV,407
JW24035,Oregon,M,College,685200,0,69,1,Personal Auto,Four-Door Car,407
PG82270,California,M,College,290302,36845,74,0,Personal Auto,Four-Door Car,355
RW65101,California,F,College,1803911,0,63,0,Personal Auto,Four-Door Car,503
QO79771,California,F,Master,324204,72330,81,2,Personal Auto,Four-Door Car,127
EC44438,Nevada,F,Bachelor,246762,19352,65,0,Personal Auto,Four-Door Car,724
MW54213,Arizona,M,College,567438,0,62,5,Personal Auto,Four-Door Car,298
ZN33412,Arizona,F,College,863436,25073,79,0,Personal Auto,Four-Door Car,379
HZ56678,Oregon,F,High School or Below,278020,20261,72,0,Personal Auto,Four-Door Car,346
AN36757,Oregon,M,Master,2205600,66851,92,2,Personal Auto,Four-Door Car,409
NB54665,Arizona,F,High School or Below,251459,43860,65,0,Corporate Auto,Four-Door Car,156
MG99229,Oregon,M,College,588622,0,180,0,Corporate Auto,Luxury,1777
MX76292,California,F,Doctor,770604,48019,64,0,Corporate Auto,Four-Door Car,138
EJ90880,California,M,College,279046,28786,71,1,Personal Auto,Four-Door Car,346
WO95180,California,F,High School or Below,239704,22283,65,0,Corporate Auto,Four-Door Car,572
BU53191,Arizona,F,Bachelor,883432,34133,111,0,Personal Auto,SUV,227
ZK54897,Arizona,M,Master,1443567,60880,119,0,Personal Auto,Two-Door Car,110
PP48389,California,F,Bachelor,687197,0,196,2,Personal Auto,Luxury,941
XD29421,Oregon,M,High School or Below,1536235,48115,192,0,Personal Auto,Luxury,1382
OP26403,California,F,College,483480,32017,62,2,Personal Auto,Four-Door Car,298
XK15687,Oregon,F,High School or Below,1089930,58518,136,0,Personal Auto,SUV,324
ED29955,California,M,Bachelor,528404,61542,67,0,Personal Auto,Four-Door Car,322
QT84720,Oregon,F,Bachelor,289173,56761,73,1,Corporate Auto,Two-Door Car,85
ZH35315,California,M,College,490055,22976,66,0,Personal Auto,Four-Door Car,346
EE76374,Nevada,F,High School or Below,2084260,0,72,0,Personal Auto,Four-Door Car,709
SH51981,Washington,M,College,524606,70301,67,0,Personal Auto,Four-Door Car,329
BS13111,Arizona,M,Bachelor,663084,0,66,0,Personal Auto,Four-Door Car,316
JP12645,Arizona,M,Bachelor,1203662,44428,104,0,Personal Auto,SUV,499
ZF28570,Nevada,M,Bachelor,389503,52361,102,0,Personal Auto,Four-Door Car,646
UU93074,California,M,College,1170107,32435,297,0,Personal Auto,Luxury,1767
SZ60450,California,M,High School or Below,341911,40272,86,0,Personal Auto,Two-Door Car,23
HL63895,Arizona,M,Master,730278,30492,61,0,Personal Auto,Four-Door Car,171
UD27196,Arizona,M,High School or Below,1968541,51524,244,0,Personal Auto,Luxury,1171
OU53351,Arizona,M,College,248606,36635,63,0,Corporate Auto,Four-Door Car,302
SX50964,Arizona,F,Bachelor,522433,83389,65,0,Corporate Auto,Two-Door Car,209
RP30093,Oregon,F,Bachelor,4922143,63035,153,0,Personal Auto,SUV,734
BK73302,California,M,Bachelor,316789,61638,82,2,Corporate Auto,Four-Door Car,544
CS93971,Arizona,F,College,780531,21073,106,1,Personal Auto,SUV,509
RG13940,California,F,College,1319793,0,68,3,Personal Auto,Four-Door Car,326
ZG94155,Oregon,M,Bachelor,623431,0,82,0,Personal Auto,Two-Door Car,193
QN15356,Arizona,M,College,753960,0,74,0,Personal Auto,Four-Door Car,533
MZ16820,Nevada,M,High School or Below,815793,86811,102,0,Corporate Auto,Four-Door Car,490
DO98345,Oregon,M,High School or Below,1315675,72517,82,0,Personal Auto,Two-Door Car,371
PA48777,Washington,F,High School or Below,249126,25965,5353,0,Personal Auto,Four-Door Car,329
UK76814,Oregon,F,Doctor,533939,84424,66,0,Personal Auto,Four-Door Car,232
SR30440,California,F,College,864918,43383,109,0,Personal Auto,SUV,758
XE66367,Oregon,M,High School or Below,751913,96306,95,1,Special Auto,Four-Door Car,185
SZ70655,California,F,College,429301,0,61,0,Corporate Auto,Two-Door Car,293
UV54502,Washington,F,High School or Below,253774,0,69,0,Personal Auto,Four-Door Car,331
DK98861,Arizona,F,College,1316034,94125,109,0,Personal Auto,SUV,342
JX14364,Oregon,M,College,1323554,39778,112,0,Personal Auto,SUV,806
LI85491,Oregon,F,High School or Below,374458,0,101,0,Personal Auto,SUV,727
JY87538,Oregon,F,College,2848607,91871,102,0,Personal Auto,SUV,347
VE55982,Nevada,M,Bachelor,264468,54000,66,0,Corporate Auto,Two-Door Car,374
WK99918,Oregon,M,Doctor,507328,57709,125,0,Personal Auto,SUV,600
XP16538,Arizona,F,High School or Below,427259,81132,107,0,Corporate Auto,SUV,419
HW42900,California,M,College,1100302,22926,93,0,Corporate Auto,Four-Door Car,480
JG84729,Arizona,F,College,1418164,0,72,2,Personal Auto,Four-Door Car,346
XH85336,Washington,M,Bachelor,554803,67798,69,0,Personal Auto,Four-Door Car,331
ND29059,Oregon,M,Bachelor,1107769,78011,138,0,Personal Auto,SUV,620
HC76653,Oregon,M,College,243569,32931,62,0,Personal Auto,Four-Door Car,298
SG73822,California,F,Bachelor,874385,99517,109,0,Personal Auto,Four-Door Car,240
CB44654,Arizona,M,Bachelor,240976,59665,62,1,Personal Auto,Two-Door Car,167
MP53505,Washington,F,High School or Below,550001,86073,136,0,Corporate Auto,Luxury,334
YJ43481,Arizona,F,High School or Below,852829,91099,107,0,Corporate Auto,SUV,406
TP15362,Oregon,M,College,359200,28013,91,0,Personal Auto,Four-Door Car,655
YX90754,Nevada,F,High School or Below,853983,55478,71,0,Personal Auto,Two-Door Car,339
TQ32702,Nevada,F,College,699092,22568,88,0,Corporate Auto,Four-Door Car,422
TS50305,California,F,High School or Below,397939,0,112,0,Personal Auto,SUV,806
BY22068,Arizona,M,High School or Below,2395037,39335,201,0,Corporate Auto,Luxury,965
TJ48439,Oregon,F,College,232105,0,66,0,Personal Auto,Two-Door Car,509
TE61015,Oregon,M,College,508702,0,72,0,Personal Auto,Four-Door Car,346
RD89159,Oregon,M,College,436293,58842,110,0,Personal Auto,Four-Door Car,528
VW86720,Oregon,F,Bachelor,745747,0,69,0,Personal Auto,Four-Door Car,678
UM76485,Oregon,M,College,702776,0,102,0,Personal Auto,SUV,490
LS62045,Oregon,F,Bachelor,283168,70037,70,0,Personal Auto,Four-Door Car,410
ZG84862,Nevada,M,High School or Below,421786,0,62,0,Personal Auto,Two-Door Car,446
CD76093,Nevada,M,College,759629,59847,192,0,Corporate Auto,Luxury,922
FO99259,California,M,Bachelor,836568,26630,118,0,Personal Auto,Four-Door Car,581
KN87338,Oregon,F,High School or Below,272639,48039,68,0,Personal Auto,Four-Door Car,11
LT89398,California,M,High School or Below,342045,0,92,0,Personal Auto,Four-Door Car,442
NZ19529,Arizona,M,High School or Below,483911,0,137,0,Personal Auto,SUV,1227
PR41853,Arizona,F,Bachelor,435855,0,118,0,Corporate Auto,Luxury,102
ZF40671,Washington,F,Master,1242739,15818,107,0,Personal Auto,Two-Door Car,334
XR84971,Oregon,F,Doctor,2351585,36537,85,0,Personal Auto,Four-Door Car,165
BP83941,Arizona,F,Master,839633,0,115,1,Personal Auto,SUV,552
PY80449,Arizona,M,High School or Below,517098,53603,132,1,Personal Auto,Luxury,697
ET22260,Nevada,M,Doctor,558531,0,80,0,Corporate Auto,Four-Door Car,6
OF47250,California,F,Doctor,863950,92374,107,1,Personal Auto,SUV,220
WB58031,California,M,High School or Below,528183,39658,66,0,Corporate Auto,Four-Door Car,317
UV80201,Oregon,F,Bachelor,838525,0,116,0,Personal Auto,Luxury,557
PY10605,Arizona,M,Bachelor,463310,0,70,0,Personal Auto,Two-Door Car,336
JI82682,California,F,High School or Below,248039,0,65,0,Personal Auto,Four-Door Car,328
BU14748,Arizona,M,High School or Below,361869,50755,91,0,Personal Auto,Two-Door Car,437
QK18099,Washington,F,College,537584,69050,67,0,Personal Auto,Four-Door Car,335
LD26428,Oregon,M,Bachelor,489329,0,73,0,Corporate Auto,Four-Door Car,680
MY43761,California,M,High School or Below,1073768,50607,137,0,Personal Auto,SUV,658
WQ89892,Washington,F,College,260782,0,70,1,Special Auto,Two-Door Car,336
GY55415,Nevada,F,Bachelor,1572525,0,149,0,Corporate Auto,SUV,1073
IB42395,Nevada,M,College,955342,0,146,0,Corporate Auto,SUV,1051
ZU74482,Oregon,M,College,750746,60920,64,0,Personal Auto,Two-Door Car,231
NL74789,California,F,Bachelor,732493,0,105,0,Special Auto,Two-Door Car,504
YU86594,Oregon,M,High School or Below,533304,55674,66,0,Personal Auto,Four-Door Car,82
QN37451,California,M,College,1276723,0,189,0,Corporate Auto,Luxury,2201
GD83998,Washington,M,Bachelor,265934,24495,70,0,Personal Auto,Four-Door Car,336
IL83479,Oregon,F,College,348363,42983,86,0,Personal Auto,Four-Door Car,413
EF87528,Arizona,M,College,463655,26802,66,1,Special Auto,Two-Door Car,317
IV74747,California,M,Doctor,1753004,0,97,0,Corporate Auto,Four-Door Car,469
JZ81608,Oregon,M,High School or Below,697872,53808,88,0,Personal Auto,Four-Door Car,190
EO40136,Arizona,F,College,291225,93403,73,0,Personal Auto,Four-Door Car,295
ZR40902,Oregon,F,Bachelor,420928,26435,111,1,Corporate Auto,Four-Door Car,1012
PO89542,Oregon,F,Bachelor,500981,0,68,0,Personal Auto,Four-Door Car,326
FX57380,California,F,Bachelor,521751,39854,66,0,Personal Auto,Two-Door Car,262
NM22175,Oregon,M,College,1149034,0,161,0,Personal Auto,SUV,1053
BC97773,Nevada,F,Master,286454,91368,71,0,Personal Auto,Four-Door Car,395
MN34012,Arizona,M,Bachelor,840391,0,115,0,Personal Auto,SUV,552
KY29506,California,F,College,2039597,92850,104,1,Personal Auto,Four-Door Car,499
VU84949,Washington,F,Bachelor,529263,0,70,0,Personal Auto,Two-Door Car,336
HC20975,Arizona,M,Bachelor,1672777,30915,72,2,Personal Auto,Four-Door Car,346
IF87079,Arizona,F,Master,580113,48927,72,0,Personal Auto,Four-Door Car,139
EP18940,Oregon,F,Bachelor,947297,0,86,0,Personal Auto,Four-Door Car,413
SB44003,Arizona,F,College,1048492,61108,89,0,Personal Auto,Four-Door Car,49
MK15785,Nevada,M,Master,438731,48015,110,0,Corporate Auto,Luxury,528
VP89545,Arizona,M,College,452288,0,61,0,Personal Auto,Four-Door Car,293
HJ58678,Nevada,F,College,541815,57587,68,0,Personal Auto,Four-Door Car,257
MW80236,Washington,M,Master,7715,0,70,0,Personal Auto,Four-Door Car,336
IA52178,Arizona,F,College,1578530,81119,196,0,Corporate Auto,SUV,941
WC42895,California,F,Bachelor,2211040,65724,70,0,Personal Auto,Four-Door Car,15
JP41935,Washington,M,High School or Below,1359620,20128,70,2,Personal Auto,Four-Door Car,336
YM77369,Oregon,M,High School or Below,475613,56146,119,0,Corporate Auto,Four-Door Car,402
WV15213,California,M,Bachelor,244705,84658,62,0,Personal Auto,Four-Door Car,45
GX37592,Nevada,F,College,567592,33257,72,1,Personal Auto,Four-Door Car,346
VM34210,Washington,F,College,739903,0,101,0,Personal Auto,SUV,338
YJ59924,Oregon,M,College,730843,31115,92,0,Personal Auto,Four-Door Car,442
OO35641,Oregon,F,College,3287175,78487,117,0,Personal Auto,SUV,448
EU54076,Oregon,M,Bachelor,522892,92472,65,0,Corporate Auto,Four-Door Car,240
QH56750,Arizona,M,High School or Below,2070086,0,64,0,Personal Auto,Four-Door Car,461
PQ27923,Washington,M,Master,633303,71737,79,0,Personal Auto,Two-Door Car,339
ES16126,California,M,College,433039,60475,107,0,Personal Auto,Four-Door Car,514
PG42834,Arizona,F,Bachelor,629274,26577,79,0,Personal Auto,Four-Door Car,74
OY44814,Arizona,M,High School or Below,491789,0,71,0,Personal Auto,Two-Door Car,511
JI97190,California,M,High School or Below,516581,43461,64,0,Personal Auto,Two-Door Car,307
ZK61113,Oregon,M,High School or Below,629159,0,94,0,Personal Auto,Two-Door Car,677
MU88116,Oregon,F,Master,458267,69085,113,0,Corporate Auto,Luxury,472
TP61305,California,M,High School or Below,606244,0,84,0,Personal Auto,Four-Door Car,605
ZY20779,Washington,M,High School or Below,497908,0,71,0,Personal Auto,Two-Door Car,341
KP65334,California,F,College,583056,0,77,0,Corporate Auto,Four-Door Car,783
OH15677,California,M,High School or Below,374258,0,110,1,Personal Auto,Luxury,1273
HB53755,Oregon,F,High School or Below,384960,0,106,0,Personal Auto,Luxury,763
UF77079,Arizona,F,High School or Below,1526581,58361,95,0,Personal Auto,Four-Door Car,44
TD20252,Arizona,M,College,531781,74092,67,0,Personal Auto,Four-Door Car,322
TH68362,California,F,College,237481,0,64,0,Corporate Auto,Four-Door Car,381
TO34442,Washington,M,College,553286,59768,71,1,Personal Auto,Four-Door Car,341
MP96373,Washington,M,Master,571979,54585,7575,1,Personal Auto,Two-Door Car,341
CV72453,Oregon,F,High School or Below,451220,0,125,0,Corporate Auto,SUV,900
OY92520,California,F,Bachelor,726480,12075,94,0,Personal Auto,Four-Door Car,451
UY95530,California,M,College,865886,62464,109,0,Personal Auto,Luxury,400
FB84235,Oregon,M,College,549894,22520,73,0,Personal Auto,Four-Door Car,350
MJ14480,Arizona,F,High School or Below,559938,35012,72,0,Personal Auto,Four-Door Car,346
KW81128,Arizona,F,College,1522820,95140,126,0,Personal Auto,Luxury,45
DQ98402,Nevada,F,High School or Below,364483,82477,90,0,Corporate Auto,Two-Door Car,432
WN53966,California,M,Master,369344,85871,92,1,Personal Auto,Four-Door Car,113
QK69627,Washington,F,High School or Below,938816,75264,78,0,Personal Auto,Four-Door Car,343
QC55306,Washington,M,High School or Below,3116269,83170,97,0,Personal Auto,Four-Door Car,344
WV79842,California,M,High School or Below,928374,24314,235,0,Personal Auto,Luxury,1128
DF40318,Oregon,M,Master,255123,79751,63,0,Corporate Auto,Two-Door Car,392
TN90661,Nevada,M,High School or Below,581192,83318,72,0,Corporate Auto,Four-Door Car,346
ZU88029,Oregon,F,Master,406467,26161,109,0,Personal Auto,Luxury,594
TQ88221,California,F,Bachelor,284144,30473,72,0,Corporate Auto,Four-Door Car,450
KH34667,Nevada,M,College,683213,50472,87,0,Corporate Auto,Four-Door Car,281
HW54198,Nevada,M,Master,520197,94186,64,0,Personal Auto,Four-Door Car,135
GZ79662,Arizona,M,High School or Below,548459,47611,69,0,Corporate Auto,Four-Door Car,594
YA11342,California,M,High School or Below,767268,0,103,0,Personal Auto,Four-Door Car,519
ZW18871,Oregon,M,High School or Below,827249,91245,69,0,Corporate Auto,Four-Door Car,19
QZ17137,Arizona,F,High School or Below,333067,45944,83,0,Personal Auto,Two-Door Car,183
UV53712,California,F,College,556246,59649,69,1,Personal Auto,Four-Door Car,168
SJ43436,Oregon,F,Bachelor,245274,52785,61,0,Corporate Auto,Two-Door Car,46
VW46878,Oregon,F,High School or Below,792028,59648,66,0,Personal Auto,Four-Door Car,317
TW91179,Oregon,F,College,386149,93272,95,0,Corporate Auto,Four-Door Car,281
LG19551,Arizona,M,Bachelor,576478,22134,72,0,Corporate Auto,Four-Door Car,446
AI49712,Washington,F,High School or Below,259390,0,72,0,Personal Auto,Four-Door Car,346
WN14473,Arizona,M,Master,288235,87798,71,0,Personal Auto,Two-Door Car,204
WH62198,California,M,Bachelor,221319,0,63,0,Personal Auto,Four-Door Car,306
SP85148,California,F,Master,942963,43811,117,0,Personal Auto,Luxury,571
FB49203,California,F,College,623926,0,91,0,Corporate Auto,Two-Door Car,655
FF94341,Nevada,F,Bachelor,766881,92456,95,0,Special Auto,Four-Door Car,456
TS42594,California,F,High School or Below,1377098,59207,116,0,Personal Auto,Four-Door Car,557
IL43607,California,F,High School or Below,274284,64519,69,1,Corporate Auto,Four-Door Car,331
FL85008,Oregon,F,High School or Below,1346692,11432,119,0,Personal Auto,SUV,571
AN47199,Nevada,F,College,885835,0,80,0,Personal Auto,Two-Door Car,81
SV28347,California,M,High School or Below,848533,32607,111,1,Corporate Auto,SUV,533
IC78105,Arizona,F,High School or Below,774464,26444,196,0,Personal Auto,Luxury,941
RB28630,Oregon,F,High School or Below,589491,39381,74,1,Personal Auto,Four-Door Car,355
KA32645,Nevada,M,College,577068,0,83,0,Personal Auto,Four-Door Car,946
QD73891,Oregon,M,High School or Below,526112,90217,66,1,Personal Auto,Four-Door Car,317
LM58949,Oregon,M,High School or Below,240354,24248,70,3,Personal Auto,Four-Door Car,336
YG40323,Arizona,M,Bachelor,912460,99368,113,0,Personal Auto,Four-Door Car,82
EP82214,Arizona,F,High School or Below,2618081,68189,82,1,Special Auto,Four-Door Car,343
EO91797,Nevada,F,Master,1564126,32370,130,0,Corporate Auto,SUV,488
RU50098,Arizona,F,Master,257402,34990,65,0,Personal Auto,Four-Door Car,43
QW10541,California,F,High School or Below,531984,25714,67,0,Personal Auto,Two-Door Car,322
SB50826,Oregon,M,College,749601,61091,95,0,Personal Auto,Two-Door Car,410
XX29952,Arizona,M,College,1217459,88184,104,3,Personal Auto,Four-Door Car,240
AT93647,California,F,College,260557,60252,65,0,Personal Auto,Four-Door Car,182
QP56563,Oregon,M,College,270721,80985,67,0,Personal Auto,Four-Door Car,125
UF88986,Washington,F,College,279491,39783,72,0,Personal Auto,Two-Door Car,346
TY43440,California,M,High School or Below,881902,99845,110,1,Personal Auto,SUV,528
NJ15094,Washington,F,Bachelor,534599,0,72,0,Personal Auto,Four-Door Car,346
MM45334,Oregon,F,College,816951,40803,71,3,Personal Auto,Four-Door Car,123
KH93988,Oregon,F,College,770888,71134,98,3,Personal Auto,Two-Door Car,196
RY38931,Arizona,M,Bachelor,552821,36088,72,0,Personal Auto,Four-Door Car,346
CV48634,Nevada,M,College,1212845,29431,103,0,Personal Auto,SUV,238
TN76120,Washington,M,Bachelor,552821,36088,72,0,Personal Auto,Four-Door Car,346
ZS96174,Oregon,M,College,679684,17937,65,0,Personal Auto,Two-Door Car,312
MI62456,Arizona,F,Bachelor,286731,23376,78,0,Personal Auto,Four-Door Car,374
DD44177,California,F,Doctor,239557,21986,63,0,Personal Auto,Two-Door Car,334
NX31380,Arizona,F,Bachelor,709417,23032,89,0,Corporate Auto,Four-Door Car,427
KQ43374,Oregon,F,College,412809,32114,104,0,Corporate Auto,SUV,445
XA54112,California,M,Bachelor,404694,13330,117,0,Corporate Auto,SUV,562
QB14087,California,F,College,486928,44934,61,0,Personal Auto,Four-Door Car,358
FV42881,Oregon,F,College,290215,96137,73,2,Corporate Auto,Two-Door Car,67
AV76907,Oregon,F,College,428295,40864,109,1,Personal Auto,SUV,167
VM85555,California,F,College,775012,22668,67,1,Personal Auto,Four-Door Car,34
ZU88113,Oregon,M,College,662717,90751,82,1,Personal Auto,Two-Door Car,316
SZ75668,Oregon,M,College,747461,44186,64,2,Personal Auto,Four-Door Car,295
MZ65087,Oregon,M,College,556129,92678,70,0,Personal Auto,Four-Door Car,35
EL61402,Arizona,F,Bachelor,609846,74257,76,0,Personal Auto,Four-Door Car,215
CJ31839,California,M,Bachelor,285953,99981,71,0,Special Auto,Four-Door Car,205
XM11175,Arizona,M,College,599442,0,91,0,Personal Auto,Four-Door Car,655
LF41085,Arizona,F,College,563525,19591,74,0,Personal Auto,Two-Door Car,96
MB19556,California,F,College,506721,29095,127,0,Personal Auto,SUV,664
HC74532,Oregon,F,Bachelor,226328,0,62,0,Corporate Auto,Four-Door Car,390
SB66770,Arizona,M,Master,1443567,60880,119,0,Corporate Auto,Two-Door Car,110
JI25066,Arizona,F,Bachelor,492840,61785,61,0,Personal Auto,Two-Door Car,271
PY98958,Oregon,M,Bachelor,1203662,44428,104,0,Special Auto,SUV,499
RA65645,California,M,High School or Below,856477,95697,107,0,Personal Auto,Luxury,178
FQ79356,California,F,Bachelor,236188,18064,63,2,Personal Auto,Four-Door Car,183
TM25808,California,M,High School or Below,556569,74720,70,0,Personal Auto,Two-Door Car,201
XO46388,California,F,Bachelor,514681,22594,67,0,Personal Auto,Four-Door Car,322
LB81265,Arizona,F,Bachelor,293808,40987,73,0,Personal Auto,Four-Door Car,329
JR38787,Nevada,M,High School or Below,1443275,24561,126,0,Personal Auto,SUV,853
KZ22690,California,F,College,1302742,76456,83,1,Personal Auto,Four-Door Car,43
NY49598,California,M,College,245199,65828,62,0,Personal Auto,Four-Door Car,298
KY39767,Oregon,F,College,466198,0,68,1,Personal Auto,Four-Door Car,490
YU35386,Arizona,F,Bachelor,560001,63621,70,0,Personal Auto,Four-Door Car,445
TF82172,Arizona,M,College,401613,10074,107,0,Corporate Auto,SUV,109
ER40041,Oregon,F,College,2219580,78965,183,0,Personal Auto,Luxury,146
MS39869,Nevada,F,College,734335,0,68,0,Personal Auto,Four-Door Car,479
PV77906,Arizona,M,Bachelor,480451,23604,64,0,Corporate Auto,Two-Door Car,461
QF21045,Oregon,F,College,273554,99205,68,0,Personal Auto,Two-Door Car,323
HF65914,Arizona,M,College,694097,0,92,0,Personal Auto,Two-Door Car,442
AJ58038,California,F,Bachelor,239622,0,66,2,Corporate Auto,Four-Door Car,433
ZR88383,Nevada,F,College,538090,55350,67,0,Personal Auto,Four-Door Car,322
OT49339,Oregon,M,College,843282,21052,111,0,Corporate Auto,SUV,454
FI74985,Oregon,F,High School or Below,755651,0,69,0,Personal Auto,Four-Door Car,497
JW15301,Arizona,M,High School or Below,778743,24664,69,0,Corporate Auto,Four-Door Car,497
PY20159,Nevada,M,College,478781,45225,124,0,Corporate Auto,Luxury,209
NC42524,California,M,College,970765,30430,86,0,Special Auto,Four-Door Car,426
ZG19911,California,F,Bachelor,255223,35149,64,0,Personal Auto,Two-Door Car,120
DI89983,California,M,Bachelor,522343,16513,71,0,Personal Auto,Four-Door Car,341
IG56214,Nevada,M,High School or Below,501045,10892,66,0,Personal Auto,Four-Door Car,317
CA86085,Washington,M,High School or Below,560832,67176,72,0,Personal Auto,Four-Door Car,346
UO95739,Oregon,M,College,445794,54704,113,0,Personal Auto,SUV,468
SB64873,Oregon,M,Doctor,820079,25381,71,0,Personal Auto,Four-Door Car,341
TE82896,Oregon,F,High School or Below,274608,0,74,0,Personal Auto,Four-Door Car,355
VY64199,Oregon,F,Bachelor,1021578,18150,67,0,Corporate Auto,Four-Door Car,220
IE82679,California,M,Bachelor,245357,29735,69,0,Personal Auto,Four-Door Car,331
SL70257,Nevada,F,College,587296,77156,73,0,Personal Auto,Four-Door Car,446
XJ85947,Oregon,F,College,311893,88782,78,0,Personal Auto,Four-Door Car,358
EF84269,California,F,College,556866,51489,139,0,Personal Auto,SUV,237
NY91328,California,F,Bachelor,902971,16972,125,0,Personal Auto,SUV,600
AT49447,California,M,Bachelor,759183,99359,95,0,Personal Auto,Two-Door Car,233
BM70908,Arizona,M,College,225531,58289,62,4,Personal Auto,Two-Door Car,298
GM63998,Oregon,F,Doctor,3261369,45173,268,0,Personal Auto,Luxury,1286
AR61426,California,F,Bachelor,944565,93246,78,0,Personal Auto,Two-Door Car,42
CB62406,Arizona,M,High School or Below,680360,43758,171,0,Corporate Auto,SUV,1130
WH82416,Oregon,M,Bachelor,976622,75651,81,0,Personal Auto,Four-Door Car,375
UI53874,Arizona,F,Doctor,729485,0,67,0,Personal Auto,Four-Door Car,322
LM44949,Oregon,F,Doctor,568252,36938,70,0,Special Auto,Four-Door Car,245
JR59597,California,M,Bachelor,633294,50843,82,0,Personal Auto,Two-Door Car,394
ZS22428,California,F,Bachelor,491658,21907,62,0,Personal Auto,Four-Door Car,3
AZ34845,California,F,Bachelor,479824,77846,119,0,Personal Auto,Luxury,342
XZ34917,Washington,M,Bachelor,564380,41043,72,0,Personal Auto,Four-Door Car,346
QU20310,Arizona,F,High School or Below,924746,97030,76,0,Corporate Auto,Four-Door Car,417
NQ42020,Oregon,M,High School or Below,732293,80864,182,0,Personal Auto,Luxury,618
ZF40143,Nevada,F,College,827590,48197,106,0,Personal Auto,Four-Door Car,509
GU65780,California,M,Doctor,563540,70837,73,4,Personal Auto,Four-Door Car,363
KY32675,Arizona,M,High School or Below,1497029,85297,93,0,Special Auto,Two-Door Car,620
ZX35838,Oregon,F,Master,933634,70177,115,0,Personal Auto,Four-Door Car,226
LU42720,Nevada,M,College,4835696,52499,138,0,Personal Auto,SUV,1172
FB25242,Oregon,M,College,568692,63143,71,0,Corporate Auto,Four-Door Car,341
RW51650,Oregon,M,Bachelor,862284,97361,73,0,Personal Auto,Four-Door Car,350
XX94684,Nevada,M,High School or Below,507967,50052,130,0,Personal Auto,Luxury,624
AH99727,Arizona,F,Bachelor,562331,11612,71,0,Personal Auto,Four-Door Car,341
NZ85858,Arizona,F,High School or Below,527001,78115,65,0,Personal Auto,Four-Door Car,255
JU19953,California,F,Master,862117,81947,71,0,Personal Auto,Two-Door Car,204
LC33025,Oregon,M,College,791833,44698,211,4,Personal Auto,Luxury,1013
BV86143,California,F,High School or Below,2103402,26876,66,0,Personal Auto,Four-Door Car,219
AY88788,Oregon,F,College,1541768,69841,192,0,Personal Auto,Luxury,879
OJ33945,Oregon,F,High School or Below,869264,97768,72,0,Personal Auto,Two-Door Car,152
LO84523,Oregon,M,High School or Below,650314,0,187,0,Personal Auto,Luxury,1589
HZ25580,Washington,F,High School or Below,239619,39062,61,0,Corporate Auto,Two-Door Car,347
AR96516,Oregon,F,Bachelor,591495,50217,74,0,Personal Auto,Two-Door Car,355
JP69864,Washington,F,Bachelor,224845,24910,63,1,Personal Auto,Four-Door Car,348
DL26809,Nevada,M,College,682680,0,68,0,Personal Auto,Two-Door Car,490
MV69686,Oregon,F,Doctor,398218,38500,99,1,Corporate Auto,Four-Door Car,423
SC95565,Nevada,F,High School or Below,288778,62018,71,0,Personal Auto,Two-Door Car,294
RL31641,Oregon,F,College,225242,0,65,0,Personal Auto,Two-Door Car,468
OH83248,California,M,Master,845853,57394,106,0,Personal Auto,Four-Door Car,316
DB28979,California,M,Bachelor,747831,23530,65,0,Corporate Auto,Two-Door Car,312
ZS32263,California,F,High School or Below,378865,48887,95,0,Personal Auto,Four-Door Car,456
IY59173,Oregon,F,Master,522069,68867,129,0,Personal Auto,SUV,619
KL17620,California,F,College,713029,12062,63,0,Corporate Auto,Four-Door Car,302
CP28581,Arizona,M,College,851359,59230,107,0,Personal Auto,SUV,245
QR15592,Arizona,F,Bachelor,566013,59586,72,0,Personal Auto,Four-Door Car,91
RI85578,Washington,F,Bachelor,263814,79699,65,0,Personal Auto,Two-Door Car,349
TG68823,Arizona,F,Bachelor,531890,25134,67,0,Personal Auto,Four-Door Car,322
WO78310,Oregon,F,College,416016,0,61,0,Personal Auto,Four-Door Car,293
SC78905,Oregon,F,College,223735,0,61,0,Personal Auto,Four-Door Car,293
EL88957,California,M,College,346012,0,100,1,Personal Auto,SUV,720
SS54050,California,M,Bachelor,1600551,44901,70,2,Personal Auto,Four-Door Car,461
ZV99487,Arizona,F,Bachelor,698660,0,93,0,Personal Auto,Four-Door Car,149
XI51746,Oregon,F,Bachelor,882696,28463,113,2,Personal Auto,SUV,324
KG85675,Nevada,F,Bachelor,472687,13037,124,0,Personal Auto,SUV,839
KK64803,California,M,High School or Below,2744347,82320,99,1,Personal Auto,Four-Door Car,475
OM80593,California,F,Bachelor,724731,0,104,0,Personal Auto,SUV,499
RL59810,Oregon,F,College,513785,78460,64,0,Personal Auto,Four-Door Car,204
QQ53360,Nevada,M,College,273906,0,92,4,Personal Auto,Two-Door Car,657
WR76339,California,M,College,509279,46922,64,0,Corporate Auto,Two-Door Car,403
BA40043,California,M,College,579983,60689,74,0,Corporate Auto,Four-Door Car,6
MK52197,Nevada,F,Master,550706,0,71,0,Personal Auto,Four-Door Car,341
SV48204,Oregon,F,College,1048492,61108,89,0,Personal Auto,Four-Door Car,49
RJ79502,Arizona,M,Bachelor,850128,98003,107,0,Personal Auto,SUV,449
LY14355,Washington,F,High School or Below,293599,73847,73,1,Personal Auto,Two-Door Car,350
NL32558,Arizona,F,High School or Below,650340,22081,84,0,Personal Auto,Two-Door Car,452
CP92616,Nevada,M,High School or Below,4680522,83006,235,1,Personal Auto,Luxury,1065
BP28492,Arizona,F,College,483471,38713,66,4,Corporate Auto,Four-Door Car,317
MX28412,Oregon,F,College,257532,28700,68,3,Personal Auto,Four-Door Car,326
DT99586,California,F,Master,3711166,61552,115,0,Personal Auto,SUV,12
IC41932,Nevada,M,College,437119,56718,113,1,Personal Auto,SUV,542
DA35744,Oregon,M,Doctor,1679634,66776,71,0,Corporate Auto,Four-Door Car,132
GU96042,California,M,High School or Below,798851,58268,67,0,Corporate Auto,Two-Door Car,229
UW98698,California,M,College,226984,0,68,0,Personal Auto,Four-Door Car,542
SF32458,California,M,Doctor,499147,12608,66,1,Personal Auto,Four-Door Car,215
OM85313,California,M,Master,292193,63499,73,0,Personal Auto,Four-Door Car,279
MH81246,Oregon,M,High School or Below,761319,36247,96,0,Corporate Auto,Four-Door Car,330
OH99089,California,F,Master,582741,30228,73,0,Personal Auto,Four-Door Car,163
TG57800,Oregon,F,College,260064,0,74,0,Personal Auto,Two-Door Car,501
GX19342,California,F,High School or Below,849147,0,116,0,Personal Auto,Four-Door Car,1193
XE39286,Arizona,F,Bachelor,977873,99364,121,0,Personal Auto,Luxury,581
JA93297,California,M,Bachelor,2265854,23665,67,0,Personal Auto,Four-Door Car,405
II37789,Arizona,F,College,1000403,0,94,0,Corporate Auto,Four-Door Car,807
IC32996,Oregon,M,High School or Below,487277,69247,61,1,Corporate Auto,Two-Door Car,227
LO67195,Arizona,F,College,744481,56047,92,0,Corporate Auto,Four-Door Car,83
PG93638,Oregon,M,College,576111,28919,73,0,Personal Auto,Two-Door Car,208
OZ41737,Oregon,F,Doctor,536678,0,70,0,Personal Auto,Four-Door Car,223
OY66019,Oregon,F,College,625948,0,83,0,Personal Auto,Four-Door Car,254
CH73843,Arizona,M,High School or Below,762358,69900,64,0,Personal Auto,Two-Door Car,34
XT93203,California,M,High School or Below,1096396,55687,276,0,Personal Auto,Luxury,1325
OR85652,Oregon,F,Bachelor,742785,78294,92,0,Personal Auto,Four-Door Car,181
LR10110,Washington,F,Bachelor,550414,0,73,0,Corporate Auto,Four-Door Car,350
XK11432,Arizona,M,Bachelor,466513,0,62,0,Personal Auto,Two-Door Car,298
OX24868,California,F,High School or Below,602184,0,168,0,Personal Auto,SUV,1477
EZ74530,Nevada,M,High School or Below,307411,0,104,3,Personal Auto,Luxury,749
HP46467,Oregon,F,College,495309,21385,127,0,Corporate Auto,SUV,610
KP54476,California,M,Master,778049,87128,97,0,Personal Auto,Two-Door Car,496
AI47152,Nevada,F,College,799278,35434,66,0,Personal Auto,Four-Door Car,297
BU15334,California,F,Master,417069,29462,107,1,Corporate Auto,SUV,514
GD59796,Nevada,F,College,2322824,53243,102,3,Personal Auto,Four-Door Car,490
OX59701,California,M,High School or Below,544582,21006,139,1,Personal Auto,SUV,667
OD63728,California,F,College,455850,0,65,0,Personal Auto,Two-Door Car,312
JC38573,Oregon,M,Bachelor,552821,36088,72,0,Corporate Auto,Four-Door Car,346
RC11491,Oregon,F,College,1039067,28948,131,0,Corporate Auto,SUV,296
RZ24101,Nevada,F,College,714255,24417,185,0,Personal Auto,SUV,888
OB88698,Oregon,M,High School or Below,546954,67099,69,0,Personal Auto,Two-Door Car,23
IK92617,Oregon,F,Bachelor,1162873,97830,96,0,Personal Auto,Four-Door Car,298
YH43996,Arizona,M,College,1018965,0,101,0,Personal Auto,Four-Door Car,727
BJ65040,Arizona,F,High School or Below,273343,93558,67,0,Personal Auto,Four-Door Car,478
WY57101,Arizona,F,Doctor,401445,37384,99,0,Personal Auto,Four-Door Car,475
OG77759,Arizona,M,Bachelor,711953,28227,62,0,Personal Auto,Four-Door Car,551
HN38084,Nevada,M,High School or Below,1177279,51008,74,0,Corporate Auto,Two-Door Car,355
GD11927,California,M,High School or Below,238179,78185,61,0,Personal Auto,Four-Door Car,293
MC20349,California,F,Bachelor,520835,0,74,0,Personal Auto,Four-Door Car,533
HM22034,Nevada,M,College,501873,0,68,0,Personal Auto,Four-Door Car,670
KH48996,Arizona,F,Bachelor,1190054,97205,100,2,Personal Auto,Luxury,6
VF32979,Washington,F,Bachelor,580017,25472,73,0,Corporate Auto,Four-Door Car,350
LS90887,California,F,Bachelor,567438,26225,72,1,Special Auto,Four-Door Car,321
EN72010,Oregon,M,College,727143,20545,70,0,Personal Auto,Two-Door Car,336
KH44031,Oregon,F,Master,316449,0,83,0,Personal Auto,Four-Door Car,398
GJ47896,Arizona,F,College,266103,35503,67,0,Personal Auto,Two-Door Car,216
GD87742,Oregon,F,College,1414056,58988,118,0,Personal Auto,Luxury,566
MD14027,Nevada,F,Bachelor,765423,0,74,1,Personal Auto,Two-Door Car,355
XA32915,Nevada,M,High School or Below,219974,0,64,0,Personal Auto,Two-Door Car,685
XR52852,Oregon,F,College,200435,0,66,4,Special Auto,Four-Door Car,317
EZ48947,Nevada,M,College,1311111,67197,111,0,Special Auto,SUV,148
OJ50322,Nevada,M,High School or Below,1576260,39032,198,0,Personal Auto,SUV,950
XB77333,Oregon,F,College,1319793,0,68,3,Personal Auto,Four-Door Car,326
QB58745,California,M,High School or Below,278754,34927,70,0,Personal Auto,Two-Door Car,242
IG62421,Nevada,M,Doctor,343613,30817,88,0,Personal Auto,Four-Door Car,92
SF29724,California,F,Bachelor,271337,31535,70,0,Personal Auto,Four-Door Car,91
WM95454,California,F,Bachelor,286731,23376,78,0,Personal Auto,Four-Door Car,374
CB96381,California,F,College,1459025,46244,62,0,Corporate Auto,Four-Door Car,255
MJ60422,Arizona,M,Bachelor,665247,34886,84,0,Personal Auto,Two-Door Car,403
NC63295,Arizona,M,High School or Below,244462,0,66,0,Corporate Auto,Four-Door Car,317
CM55703,Washington,F,College,289692,33746,74,1,Personal Auto,Two-Door Car,355
ZE76673,Oregon,M,Doctor,1097207,24164,137,0,Personal Auto,Luxury,658
TO60700,Washington,F,Bachelor,7715,25859,74,0,Special Auto,Four-Door Car,355
WF34690,Oregon,F,Bachelor,1935737,0,68,1,Personal Auto,Four-Door Car,326
ZM28138,Arizona,F,Bachelor,722712,40153,61,0,Personal Auto,Four-Door Car,340
FI14842,Nevada,F,College,785730,0,104,0,Personal Auto,SUV,499
KC32511,Oregon,F,Master,518162,97131,64,0,Personal Auto,Four-Door Car,307
NE10467,Arizona,F,High School or Below,428106,23712,106,0,Corporate Auto,SUV,509
PT93474,Oregon,F,Bachelor,1151316,0,64,0,Personal Auto,Four-Door Car,307
RL74454,Nevada,F,Bachelor,514711,33171,65,0,Personal Auto,Four-Door Car,237
DQ31994,Nevada,F,College,866350,0,83,1,Corporate Auto,Four-Door Car,398
DN98431,Oregon,F,High School or Below,253532,0,68,0,Corporate Auto,Four-Door Car,326
EV53200,Nevada,M,College,2150434,60228,112,1,Personal Auto,SUV,286
AJ89107,Arizona,M,High School or Below,734933,27072,93,0,Personal Auto,Four-Door Car,565
WS25565,California,M,Master,850985,26057,74,0,Personal Auto,Four-Door Car,524
ZY33234,Nevada,F,High School or Below,429719,66331,107,0,Personal Auto,Two-Door Car,514
PS69748,Washington,M,College,871705,83846,74,3,Personal Auto,Four-Door Car,355
HL33607,Washington,M,College,871705,83846,74,3,Personal Auto,Four-Door Car,355
DG90902,California,F,College,1747664,45106,73,0,Personal Auto,Four-Door Car,350
SW96063,Arizona,F,Bachelor,1047990,78435,130,0,Personal Auto,SUV,554
CP19929,California,F,Bachelor,224257,0,63,1,Corporate Auto,Two-Door Car,454
KR50062,Oregon,M,College,275446,79507,70,3,Personal Auto,Two-Door Car,442
CU19735,Arizona,M,High School or Below,804120,44986,101,0,Corporate Auto,SUV,624
ST52914,Arizona,M,College,604291,25899,79,0,Personal Auto,Two-Door Car,569
WQ68301,Oregon,M,Bachelor,282744,13610,74,0,Personal Auto,Four-Door Car,355
LR33381,Nevada,M,Doctor,2204186,0,65,0,Personal Auto,Four-Door Car,312
UR36912,California,M,Bachelor,279680,77362,70,0,Personal Auto,Two-Door Car,387
SK46419,California,M,High School or Below,407285,96443,102,0,Personal Auto,SUV,490
BY88757,California,M,Master,518246,0,135,1,Personal Auto,SUV,940
ER65086,Nevada,M,Doctor,613166,90778,76,0,Personal Auto,Four-Door Car,62
TP87527,California,F,High School or Below,239213,0,65,0,Corporate Auto,Four-Door Car,361
VL80291,Nevada,F,Master,320966,78494,79,0,Personal Auto,Two-Door Car,122
WL45773,California,F,Doctor,280861,83497,69,0,Special Auto,Four-Door Car,197
TT36693,Nevada,M,College,436293,58842,110,0,Personal Auto,Four-Door Car,528
PT12544,Arizona,M,College,688047,63935,87,0,Personal Auto,Four-Door Car,222
CI24326,Oregon,M,Bachelor,359107,0,96,0,Personal Auto,Four-Door Car,461
YQ73717,California,M,High School or Below,520125,0,69,0,Personal Auto,Four-Door Car,331
FG99706,Oregon,F,College,552154,0,77,0,Personal Auto,Four-Door Car,370
OM63414,Arizona,F,Bachelor,507165,62258,65,0,Personal Auto,Two-Door Car,117
JQ74890,Nevada,M,Bachelor,292168,0,80,0,Corporate Auto,Four-Door Car,739
FP93662,California,F,Master,1580653,58516,98,0,Corporate Auto,Two-Door Car,470
SA40041,Washington,F,Bachelor,574988,22814,73,0,Personal Auto,Four-Door Car,361
EW82164,California,F,Bachelor,416742,56901,104,0,Personal Auto,SUV,499
KV99550,California,M,High School or Below,651495,0,61,1,Personal Auto,Four-Door Car,293
CA96230,California,M,Doctor,918952,99443,117,4,Personal Auto,SUV,228
QN17712,Oregon,F,College,823122,0,113,0,Personal Auto,SUV,373
KM79894,Arizona,M,Master,309518,88246,77,1,Corporate Auto,Four-Door Car,429
KR25511,Washington,M,High School or Below,600521,26876,76,0,Corporate Auto,Four-Door Car,365
DZ45471,Nevada,M,College,758211,64801,64,0,Personal Auto,Four-Door Car,268
DE18949,Oregon,F,College,1634461,57029,68,0,Corporate Auto,Two-Door Car,136
BN74268,Arizona,F,College,1176315,28045,99,0,Personal Auto,Four-Door Car,475
QJ93301,Nevada,M,Master,405337,44661,101,0,Personal Auto,Two-Door Car,437
OO92815,Arizona,F,High School or Below,331116,21246,83,0,Personal Auto,Four-Door Car,398
HV50891,Nevada,M,Doctor,352804,31278,92,4,Personal Auto,Two-Door Car,442
RK59543,California,F,High School or Below,559539,74454,71,0,Personal Auto,Four-Door Car,341
IH54239,California,M,Master,508969,62474,63,0,Personal Auto,Four-Door Car,112
GB14456,Nevada,M,High School or Below,2233716,0,130,0,Personal Auto,SUV,1377
RC95515,Arizona,M,College,479283,20647,63,0,Personal Auto,Four-Door Car,185
TI61458,California,F,Bachelor,2778969,33806,89,0,Personal Auto,Four-Door Car,396
RB49468,Oregon,F,Bachelor,751166,0,70,0,Personal Auto,Four-Door Car,340
SJ18454,Oregon,M,High School or Below,1876755,0,111,0,Personal Auto,Luxury,900
KC19420,California,F,College,498764,19589,127,0,Personal Auto,SUV,1027
TP12241,California,F,College,512320,22338,67,1,Personal Auto,Two-Door Car,308
BD89564,Nevada,M,College,598977,66839,154,0,Personal Auto,Luxury,739
EC71986,Washington,F,High School or Below,242928,26736,63,0,Personal Auto,Four-Door Car,368
CJ97736,Oregon,F,College,582818,31364,74,0,Personal Auto,Four-Door Car,461
QF59448,Washington,M,College,283159,17752,77,0,Personal Auto,Four-Door Car,370
YB70005,Oregon,M,College,976794,36225,123,0,Special Auto,SUV,221
QI40455,Oregon,F,Doctor,1209791,0,107,0,Personal Auto,SUV,271
YL72747,California,M,High School or Below,226532,0,61,0,Personal Auto,Four-Door Car,293
FL18392,California,F,Bachelor,571909,77601,71,0,Personal Auto,Two-Door Car,277
AL21967,Oregon,M,Master,1017148,74243,84,0,Corporate Auto,Four-Door Car,71
KC67431,California,F,College,1051716,46707,133,0,Personal Auto,Luxury,81
EG40823,Oregon,F,Bachelor,430347,0,116,0,Personal Auto,SUV,766
QO89177,California,M,College,1192675,50234,101,0,Personal Auto,Four-Door Car,485
AV72430,Oregon,M,Master,1653170,75526,103,1,Personal Auto,Four-Door Car,494
TL18087,Washington,M,Bachelor,305928,65083,77,0,Personal Auto,Four-Door Car,370
WI29961,Nevada,M,High School or Below,543744,28343,69,0,Personal Auto,Two-Door Car,331
ZR11692,California,M,Bachelor,510330,74948,64,0,Corporate Auto,Four-Door Car,217
No36572,Oregon,M,High School or Below,458310,22728,116,0,Personal Auto,Four-Door Car,557
YZ56105,California,F,High School or Below,640963,0,99,2,Personal Auto,Two-Door Car,713
MN62189,California,F,High School or Below,899198,17331,117,0,Personal Auto,SUV,1138
MQ32284,California,F,College,1223278,35133,102,0,Personal Auto,SUV,693
NS38229,Nevada,F,College,512604,63147,64,0,Personal Auto,Four-Door Car,88
IB41597,California,F,College,1101416,67575,91,0,Personal Auto,Four-Door Car,402
IP68868,Oregon,M,High School or Below,381962,0,111,0,Personal Auto,Two-Door Car,799
EL70257,California,F,High School or Below,840440,48315,71,0,Personal Auto,Four-Door Car,341
NB27041,Arizona,F,High School or Below,903567,34337,113,0,Corporate Auto,Four-Door Car,542
BM28359,Oregon,M,High School or Below,545371,33818,72,4,Personal Auto,Four-Door Car,342
VB77950,California,F,High School or Below,376637,22439,98,0,Personal Auto,Four-Door Car,470
PE47967,Oregon,F,College,728393,79055,186,1,Personal Auto,Luxury,178
QR47308,Nevada,F,College,274525,45191,69,0,Personal Auto,Four-Door Car,331
YU49449,California,M,Bachelor,262628,41990,66,0,Personal Auto,Four-Door Car,317
KN25124,Oregon,F,Master,245682,50979,61,1,Personal Auto,Two-Door Car,263
HI51182,Oregon,F,College,845368,59888,106,0,Personal Auto,Four-Door Car,713
MS18916,California,M,College,350857,20978,98,1,Personal Auto,Four-Door Car,1176
IE40701,California,M,High School or Below,287735,32807,73,0,Personal Auto,Four-Door Car,350
UT48216,Nevada,M,College,784017,58414,210,2,Personal Auto,Luxury,1008
VN92740,Arizona,F,College,277104,50071,71,0,Corporate Auto,Two-Door Car,19
IZ55070,Nevada,F,High School or Below,533949,67796,69,4,Personal Auto,Four-Door Car,331
HI74419,Washington,M,College,809288,50825,102,0,Personal Auto,SUV,370
MP76478,Washington,F,High School or Below,864650,64125,108,0,Corporate Auto,SUV,370
DY30071,Oregon,M,Bachelor,565924,69387,71,0,Personal Auto,Four-Door Car,72
ZN24083,Oregon,M,Doctor,553246,29084,71,1,Corporate Auto,Four-Door Car,492
JU74347,Oregon,M,Bachelor,794351,60214,100,1,Corporate Auto,Luxury,291
YJ35850,Oregon,M,High School or Below,977461,96018,122,0,Personal Auto,SUV,391
IE15348,Washington,F,High School or Below,406700,28466,102,0,Personal Auto,SUV,372
GP67816,California,F,High School or Below,2320839,60233,116,0,Personal Auto,Two-Door Car,481
PW51793,Oregon,M,Bachelor,732589,52920,93,0,Personal Auto,Four-Door Car,1101
UF59346,California,M,Bachelor,417034,90310,104,0,Personal Auto,SUV,166
FG29932,California,M,College,784017,58414,210,2,Special Auto,Luxury,1008
UX71137,Washington,F,Doctor,887597,69205,110,0,Personal Auto,Four-Door Car,372
BY54111,Oregon,M,High School or Below,1937891,21159,73,0,Personal Auto,Four-Door Car,350
RM83767,Washington,M,College,597100,64008,85,5,Personal Auto,Four-Door Car,373
PT15464,Arizona,F,Bachelor,914888,68236,114,0,Personal Auto,SUV,21
BP92643,Arizona,F,High School or Below,1377098,59207,116,0,Personal Auto,Four-Door Car,557
BW94308,Washington,F,High School or Below,2009689,92766,71,0,Personal Auto,Two-Door Car,379
GQ46925,Arizona,M,High School or Below,582168,77563,143,0,Personal Auto,Luxury,546
RF14806,Arizona,F,College,309580,33415,78,0,Personal Auto,Four-Door Car,374
KJ23009,California,F,Bachelor,1059854,20179,133,1,Corporate Auto,SUV,638
IB81655,California,M,Bachelor,769512,50147,101,0,Personal Auto,SUV,485
SV62436,Washington,F,Bachelor,304179,13789,79,0,Personal Auto,Four-Door Car,379
HR64684,Oregon,M,Master,868982,0,99,5,Personal Auto,Four-Door Car,475
QS96715,Nevada,F,High School or Below,813178,93715,102,2,Personal Auto,SUV,255
SW55711,Oregon,M,High School or Below,381532,23540,103,2,Corporate Auto,Two-Door Car,494
LZ19268,California,F,College,1163890,25370,102,0,Personal Auto,Luxury,490
FU74983,Nevada,F,Bachelor,2280054,68771,96,0,Personal Auto,Four-Door Car,276
KB99097,California,F,Bachelor,446300,0,73,3,Special Auto,Two-Door Car,350
AP52126,Oregon,F,College,1315183,68562,108,0,Personal Auto,SUV,228
EX61844,Arizona,M,High School or Below,1401998,36733,71,0,Personal Auto,Four-Door Car,327
QC30857,Nevada,F,College,293116,45768,73,0,Personal Auto,Two-Door Car,192
RT69513,California,F,Bachelor,477475,0,64,0,Personal Auto,Four-Door Car,307
HV85198,Arizona,M,Master,847142,63513,70,0,Personal Auto,Four-Door Car,186
BS91566,Arizona,F,College,543122,58161,68,0,Corporate Auto,Four-Door Car,141
IL40123,Nevada,F,College,568964,83640,70,0,Corporate Auto,Two-Door Car,471
MY32149,California,F,Master,368672,0,96,0,Personal Auto,Two-Door Car,28
SA91515,California,M,Bachelor,399258,0,111,0,Personal Auto,SUV,700
SA25987,Washington,M,High School or Below,3479,0,104,0,Personal Auto,Two-Door Car,499
TB86706,Arizona,M,Master,2503,0,66,0,Personal Auto,Two-Door Car,3
ZL73902,Nevada,F,Bachelor,3265,25820,82,0,Personal Auto,Four-Door Car,394
KX23516,California,F,High School or Below,4456,0,121,0,Personal Auto,SUV,700
FN77294,California,M,High School or Below,7705,30366,101,2,Personal Auto,SUV,485
VI78454,Arizona,M,College,2751,51789,70,0,Personal Auto,Four-Door Car,336
FP59138,Oregon,M,Master,13024,0,125,0,Personal Auto,SUV,900
XN62489,Oregon,M,Bachelor,2539,18608,71,0,Corporate Auto,Four-Door Car,341
GP66031,California,F,College,2586,83758,64,0,Corporate Auto,Two-Door Car,107
IX68587,Nevada,F,Master,5097,22886,65,0,Personal Auto,Four-Door Car,312
HX17929,California,F,High School or Below,10083,11828,90,0,Personal Auto,Four-Door Car,571
IC59236,California,F,College,4943,44762,62,0,Corporate Auto,Four-Door Car,115
VG31922,Nevada,F,Bachelor,6516,0,175,0,Personal Auto,SUV,1221
HP87787,Arizona,M,Bachelor,8838,82664,114,3,Corporate Auto,SUV,133
AL78075,Oregon,M,High School or Below,3810,0,108,0,Personal Auto,Four-Door Car,778
WA97671,Arizona,M,Bachelor,6334,0,63,0,Personal Auto,Four-Door Car,302
QZ77637,Washington,F,College,11665,84978,72,1,Corporate Auto,Four-Door Car,167
FP11777,California,M,Doctor,10972,24164,137,0,Corporate Auto,Luxury,658
ID45268,California,F,College,6007,0,80,0,Personal Auto,Four-Door Car,489
AX86150,Washington,M,High School or Below,2657,62777,67,0,Personal Auto,Two-Door Car,101
MW57614,Arizona,F,Bachelor,2359,19864,63,0,Personal Auto,Four-Door Car,352
TJ30081,Arizona,M,Bachelor,12037,44428,104,0,Personal Auto,SUV,499
FW44940,California,F,Bachelor,8467,21139,113,0,Personal Auto,Luxury,657
CS55808,California,M,College,9393,0,88,0,Personal Auto,Four-Door Car,851
WZ61178,California,F,Bachelor,5227,11896,69,0,Personal Auto,Two-Door Car,476
IV55977,Oregon,M,Bachelor,2694,0,73,1,Personal Auto,Two-Door Car,350
YC67208,California,M,High School or Below,2227,27972,61,0,Personal Auto,Four-Door Car,293
LZ89773,California,M,Doctor,2327,0,62,0,Personal Auto,Four-Door Car,625
IP52990,Oregon,F,High School or Below,16794,38399,106,0,Personal Auto,SUV,369
VF73104,Arizona,F,High School or Below,5017,20868,63,0,Personal Auto,Four-Door Car,135
OC80343,Oregon,M,Bachelor,7758,49682,101,0,Personal Auto,SUV,199
EL89222,California,F,Bachelor,8609,79090,107,0,Personal Auto,SUV,289
QB14114,Oregon,F,High School or Below,5275,81850,132,0,Personal Auto,Luxury,430
HM41195,Arizona,M,High School or Below,5746,22906,76,0,Personal Auto,Four-Door Car,520
JT41591,Washington,M,College,2706,0,83,1,Personal Auto,Four-Door Car,398
HE15857,Washington,M,Bachelor,6186,37138,83,2,Personal Auto,Two-Door Car,417
KI64666,Nevada,F,Bachelor,22445,0,71,0,Personal Auto,Four-Door Car,511
JC33752,Oregon,F,College,6278,21024,82,1,Personal Auto,Two-Door Car,450
JA25453,California,M,High School or Below,7216,0,103,0,Personal Auto,Four-Door Car,742
AJ69778,Oregon,F,High School or Below,6514,77135,84,3,Personal Auto,Four-Door Car,98
FQ83162,Washington,M,College,34709,0,109,0,Personal Auto,Luxury,719
EY89842,Arizona,M,Bachelor,4216,0,114,0,Corporate Auto,SUV,821
TG69238,Oregon,F,Bachelor,13158,72845,108,0,Personal Auto,SUV,463
UI63465,Oregon,F,High School or Below,2918,51622,74,0,Corporate Auto,Four-Door Car,355
WX33904,Arizona,M,Bachelor,6356,0,61,0,Special Auto,Two-Door Car,293
HA20933,Oregon,F,Bachelor,13270,15616,114,1,Personal Auto,SUV,547
BU16704,Oregon,F,High School or Below,5880,0,82,0,Personal Auto,Four-Door Car,590
JV68002,Washington,M,College,5927,23091,96,5,Corporate Auto,Four-Door Car,461
PM78410,Oregon,F,Bachelor,4121,0,67,3,Personal Auto,Two-Door Car,482
PU92298,Arizona,F,Bachelor,7956,22699,74,4,Personal Auto,Four-Door Car,355
AA16582,Washington,M,Bachelor,24128,14072,71,0,Personal Auto,Four-Door Car,511
AZ87715,California,F,High School or Below,26864,81713,74,0,Personal Auto,Four-Door Car,332
GI89160,California,F,Bachelor,31935,56516,199,0,Personal Auto,Luxury,955
WV57813,Oregon,F,Bachelor,5133,0,73,0,Personal Auto,Four-Door Car,526
EW86465,Arizona,M,High School or Below,4760,26747,61,0,Corporate Auto,Four-Door Car,404
UW70224,Oregon,F,College,2638,63422,66,0,Personal Auto,Four-Door Car,356
LU12532,California,F,High School or Below,6503,22081,84,0,Personal Auto,Two-Door Car,452
WD48852,Oregon,F,College,12787,0,180,0,Special Auto,Luxury,1296
BH43379,Oregon,F,Bachelor,3148,29698,83,2,Personal Auto,Four-Door Car,216
GV59387,California,F,College,5618,24518,74,0,Personal Auto,Two-Door Car,242
LQ76410,Arizona,M,College,3231,62873,81,0,Special Auto,Four-Door Car,208
MF19231,California,M,Master,7435,28377,94,0,Personal Auto,Four-Door Car,451
XS47087,Oregon,M,College,11715,21102,100,0,Personal Auto,SUV,480
IL56791,Oregon,M,Bachelor,2010,0,65,2,Personal Auto,Two-Door Car,312
UV88036,Nevada,F,High School or Below,6625,0,88,0,Personal Auto,Four-Door Car,539
SE76116,California,M,Bachelor,9568,81410,119,0,Personal Auto,SUV,221
GJ63103,Oregon,F,High School or Below,18475,27869,67,0,Personal Auto,Two-Door Car,482
PL78574,Arizona,M,High School or Below,12157,57449,103,0,Personal Auto,Four-Door Car,494
NV69875,Oregon,M,High School or Below,2956,40901,74,0,Corporate Auto,Four-Door Car,14
MC38650,Nevada,M,High School or Below,3963,88701,99,0,Personal Auto,Two-Door Car,172
No73819,California,F,Master,10896,29365,137,0,Personal Auto,Luxury,658
OW84864,California,F,College,6081,0,82,0,Personal Auto,Four-Door Car,394
BV91898,Arizona,F,Bachelor,30142,0,103,0,Personal Auto,SUV,1060
WQ54314,Oregon,F,Bachelor,5737,56455,73,2,Personal Auto,Four-Door Car,350
NM57315,California,M,Bachelor,16980,35095,73,0,Special Auto,Two-Door Car,526
JB51220,Oregon,F,High School or Below,10915,0,155,1,Corporate Auto,Luxury,1116
EN77569,Oregon,F,College,3808,94903,94,0,Special Auto,Two-Door Car,451
YP47665,Washington,M,Doctor,5409,80192,67,0,Personal Auto,Four-Door Car,95
QO54008,Oregon,M,Master,13419,0,122,0,Personal Auto,SUV,828
EQ59908,California,M,Master,3238,60244,83,3,Corporate Auto,Four-Door Car,326
YU72540,Arizona,F,College,10358,52735,65,0,Personal Auto,Four-Door Car,124
BZ50261,Arizona,F,High School or Below,11620,78275,72,0,Personal Auto,Two-Door Car,25
QE92747,Oregon,F,Bachelor,8209,77282,102,0,Corporate Auto,Four-Door Car,490
KG83280,California,F,College,3097,21604,79,0,Personal Auto,Four-Door Car,379
IL42365,Arizona,F,High School or Below,4804,51962,125,4,Personal Auto,Luxury,788
FI86516,Oregon,F,Bachelor,4786,0,68,0,Corporate Auto,Four-Door Car,490
FV14881,California,F,Doctor,15886,56362,197,1,Personal Auto,Luxury,946
RR54950,Arizona,M,College,5285,85753,66,1,Special Auto,Four-Door Car,317
FC70869,Arizona,F,High School or Below,2945,36167,76,3,Personal Auto,Two-Door Car,365
PB60303,Oregon,F,Master,18090,68568,223,1,Personal Auto,Luxury,1070
HO50571,California,F,College,10209,35482,129,0,Personal Auto,SUV,619
BH86846,Washington,M,High School or Below,20708,92079,65,1,Corporate Auto,Four-Door Car,115
PC42162,Oregon,M,Bachelor,5248,0,77,0,Personal Auto,Two-Door Car,554
KD21661,California,M,College,5180,0,165,2,Personal Auto,SUV,1188
FZ73016,California,F,Bachelor,4513,34558,113,0,Personal Auto,SUV,377
HJ19927,Nevada,M,Master,5298,14775,69,0,Personal Auto,Four-Door Car,171
RJ99408,California,M,High School or Below,5377,35637,68,0,Personal Auto,Four-Door Car,326
EL81968,Oregon,M,Bachelor,7661,66726,97,1,Personal Auto,Two-Door Car,336
WU86174,California,F,Bachelor,2677,0,72,0,Personal Auto,Four-Door Car,346
DN21342,Oregon,F,College,6878,0,96,0,Personal Auto,Four-Door Car,461
PB60406,California,F,Doctor,5714,79719,71,0,Personal Auto,Four-Door Car,426
IY37465,Arizona,M,Bachelor,4930,25632,63,0,Corporate Auto,Two-Door Car,351
LF55270,Oregon,F,College,10485,61108,89,0,Personal Auto,Four-Door Car,49
UV69038,California,M,College,9490,0,137,0,Corporate Auto,SUV,658
IS63925,Arizona,F,College,7805,21073,106,1,Personal Auto,SUV,509
CQ21583,Oregon,M,Doctor,21274,17932,79,0,Personal Auto,Four-Door Car,379
PR21713,Nevada,M,High School or Below,5839,81082,73,0,Personal Auto,Four-Door Car,281
XE10977,Oregon,F,High School or Below,2677,71684,66,0,Personal Auto,Two-Door Car,196
JG87029,Oregon,M,High School or Below,2375,57338,61,0,Personal Auto,Two-Door Car,293
BK21146,Arizona,M,College,22104,0,102,0,Personal Auto,SUV,490
WE19034,Oregon,M,College,2428,24409,62,0,Corporate Auto,Four-Door Car,298
DF62718,California,F,High School or Below,7294,83488,90,0,Personal Auto,Four-Door Car,433
MS59254,Washington,M,High School or Below,11360,0,104,0,Corporate Auto,Two-Door Car,773
WC65050,California,F,Master,2812,62537,71,1,Personal Auto,Two-Door Car,354
ST27958,Washington,M,College,4386,10621,67,0,Personal Auto,Four-Door Car,322
XZ81226,Arizona,F,Bachelor,6447,43478,80,0,Personal Auto,Four-Door Car,384
TU53781,Oregon,F,Bachelor,8427,46503,215,1,Corporate Auto,Luxury,1032
GC93551,Oregon,F,High School or Below,5290,27179,66,0,Personal Auto,Four-Door Car,344
MO33279,California,F,College,5592,62229,70,0,Personal Auto,Two-Door Car,336
LD20926,Arizona,F,Bachelor,18892,0,92,1,Personal Auto,Two-Door Car,442
PW90662,Oregon,M,College,13624,67060,126,4,Personal Auto,SUV,339
WS53288,Oregon,F,College,25465,13663,97,0,Personal Auto,Four-Door Car,466
HE84643,California,F,High School or Below,2176,0,63,0,Personal Auto,Four-Door Car,454
CL37990,Arizona,F,Bachelor,6699,0,99,1,Corporate Auto,Four-Door Car,700
HR87252,California,F,Bachelor,9044,97745,113,0,Personal Auto,Luxury,695
SB27146,Oregon,F,High School or Below,4369,26026,116,1,Personal Auto,Two-Door Car,284
KI58952,California,F,College,51338,72794,164,1,Personal Auto,SUV,50
RM21896,Oregon,F,College,28700,47730,91,0,Personal Auto,Four-Door Car,219
JS38272,Arizona,M,College,4270,0,122,0,Personal Auto,SUV,726
NJ15094,Washington,F,Bachelor,5346,0,72,0,Personal Auto,Four-Door Car,346
MZ88454,Oregon,F,Bachelor,4775,0,70,0,Personal Auto,Four-Door Car,336
PO27978,Oregon,F,Doctor,14728,97785,73,0,Personal Auto,Two-Door Car,237
VT28596,California,F,High School or Below,4755,0,66,0,Personal Auto,Four-Door Car,712
TI19722,Washington,M,Doctor,3436,30817,88,0,Corporate Auto,Four-Door Car,92
DO83038,California,F,College,8356,64502,70,0,Personal Auto,Two-Door Car,39
AG62087,California,M,Bachelor,3413,30335,87,0,Corporate Auto,Four-Door Car,326
BA56812,Oregon,M,Master,6185,21020,80,0,Corporate Auto,Four-Door Car,178
QF74147,California,F,College,8457,84574,70,0,Special Auto,Four-Door Car,167
RN88075,Washington,F,Bachelor,3022,0,84,0,Personal Auto,Two-Door Car,701
OG71924,Oregon,F,Master,6966,0,93,0,Personal Auto,Four-Door Car,436
YF87007,Oregon,F,High School or Below,10083,11828,90,0,Corporate Auto,Four-Door Car,571
ZL18631,Arizona,F,College,2540,54889,63,0,Personal Auto,Four-Door Car,302
BZ71120,Oregon,F,College,8456,89918,105,0,Personal Auto,SUV,367
UP60200,California,M,Bachelor,26576,87002,110,0,Personal Auto,Two-Door Car,200
XZ64172,Oregon,M,High School or Below,10964,55687,276,0,Corporate Auto,Luxury,1325
CA47176,Oregon,M,Bachelor,9672,17103,87,0,Personal Auto,Two-Door Car,418
CI68869,Arizona,F,College,1899,0,70,5,Personal Auto,Two-Door Car,702
XT10744,Arizona,M,College,8595,28441,73,0,Special Auto,Two-Door Car,686
HT48275,Oregon,M,Bachelor,5533,91212,69,0,Personal Auto,Two-Door Car,270
HB48073,Arizona,F,Bachelor,9372,66325,117,0,Corporate Auto,SUV,498
MD43085,Oregon,F,Doctor,3975,67895,101,4,Personal Auto,Four-Door Car,404
NJ11986,Arizona,F,Master,4456,29550,114,1,Corporate Auto,Two-Door Car,119
HH55884,Arizona,M,College,3496,10275,97,0,Personal Auto,Four-Door Car,466
JP69867,Nevada,M,College,8512,61725,106,0,Personal Auto,Four-Door Car,509
FT86104,California,M,College,4650,28215,65,0,Corporate Auto,Two-Door Car,468
GV39658,Arizona,F,College,13523,10563,121,0,Corporate Auto,SUV,110
GB66110,California,M,Bachelor,4422,0,62,0,Personal Auto,Two-Door Car,722
VD51297,California,M,College,7321,99722,61,0,Personal Auto,Four-Door Car,293
EP29567,Washington,M,Master,7031,16224,93,0,Corporate Auto,Four-Door Car,498
PE59368,Washington,F,Bachelor,5123,72096,64,0,Personal Auto,Two-Door Car,252
DQ50538,Nevada,M,Bachelor,9051,63800,113,0,Personal Auto,SUV,542
WP58340,Arizona,M,High School or Below,10964,55687,276,0,Personal Auto,Luxury,1325
TM23788,California,M,High School or Below,6039,0,89,1,Personal Auto,Four-Door Car,641
UF44021,California,M,Bachelor,2108,0,61,0,Personal Auto,Two-Door Car,352
WB96917,California,M,College,9875,29598,87,0,Personal Auto,Two-Door Car,151
MN95006,California,M,Bachelor,6929,22907,180,2,Personal Auto,Luxury,49
NP60037,Oregon,M,Bachelor,14318,22697,186,1,Corporate Auto,Luxury,893
NQ71171,California,M,Bachelor,5107,70174,64,0,Personal Auto,Four-Door Car,129
SM58898,California,F,High School or Below,17224,85378,107,0,Corporate Auto,SUV,514
FN98595,Nevada,F,High School or Below,7517,31477,94,0,Special Auto,Four-Door Car,147
TW94555,Nevada,M,College,5389,66429,136,0,Personal Auto,Luxury,58
XW60886,California,M,High School or Below,6275,0,90,0,Personal Auto,Four-Door Car,900
IE84844,Nevada,F,High School or Below,4722,0,65,0,Personal Auto,Four-Door Car,655
HY76810,Oregon,F,Bachelor,6282,0,172,0,Corporate Auto,SUV,141
JL41129,California,M,Bachelor,7986,74217,100,0,Personal Auto,SUV,418
OQ41280,Nevada,M,High School or Below,6503,46298,88,3,Corporate Auto,Four-Door Car,128
AP65984,Oregon,F,College,4882,0,135,0,Personal Auto,SUV,648
EE99484,Washington,F,High School or Below,2515,43860,65,0,Corporate Auto,Four-Door Car,156
XM39121,Arizona,F,College,7955,0,69,0,Personal Auto,Four-Door Car,331
DK49336,Arizona,M,College,4809,48029,61,0,Corporate Auto,Four-Door Car,293
HB43486,Washington,F,College,9697,86830,123,0,Personal Auto,SUV,481
KB15252,Arizona,F,College,8709,0,77,0,Personal Auto,Two-Door Car,509
BN83547,Nevada,F,High School or Below,2858,40706,71,0,Personal Auto,Four-Door Car,166
MC55901,California,F,High School or Below,5234,69231,65,0,Personal Auto,Four-Door Car,193
PZ98142,Arizona,F,College,13495,0,132,0,Personal Auto,SUV,950
GB43363,Oregon,M,College,6871,0,105,0,Personal Auto,Four-Door Car,756
TH67541,Arizona,F,High School or Below,5653,16171,74,0,Corporate Auto,Four-Door Car,311
WC21901,Arizona,M,College,2345,51397,61,0,Personal Auto,Four-Door Car,293
CL38124,Oregon,F,Bachelor,19688,83879,69,0,Personal Auto,Four-Door Car,212
XH89851,California,F,College,7247,63267,92,0,Personal Auto,Four-Door Car,530
KA58700,Nevada,M,College,6085,44712,82,2,Corporate Auto,Four-Door Car,538
ZB40259,California,M,Doctor,5480,59311,69,0,Corporate Auto,Four-Door Car,15
JV63229,Arizona,M,Bachelor,6876,81957,86,0,Personal Auto,Four-Door Car,433
SI31035,Arizona,M,Doctor,5369,59601,67,0,Personal Auto,Four-Door Car,322
JW30054,Oregon,M,High School or Below,8283,71034,103,0,Corporate Auto,Four-Door Car,494
AP56340,Washington,M,Bachelor,5385,13103,72,0,Personal Auto,Four-Door Car,458
FN44127,Oregon,M,College,3509,20978,98,1,Personal Auto,Four-Door Car,1176
QE79527,California,F,Bachelor,8427,46503,215,1,Personal Auto,Luxury,1032
UP36767,California,M,College,4554,61064,113,0,Personal Auto,SUV,540
PG43749,Oregon,F,College,4318,17572,110,0,Personal Auto,Two-Door Car,640
LL96228,Oregon,M,Master,14091,99823,116,0,Corporate Auto,SUV,250
OV40993,Nevada,F,College,8694,17453,118,1,Personal Auto,SUV,566
MA80983,Oregon,M,College,6661,55663,166,0,Personal Auto,SUV,195
SA54664,Washington,M,Master,2654,73196,66,1,Personal Auto,Four-Door Car,86
TW12556,Oregon,F,High School or Below,4428,58577,110,0,Personal Auto,SUV,304
TC88451,Nevada,F,High School or Below,5738,88055,71,0,Personal Auto,Four-Door Car,338
BL93659,California,M,Bachelor,5815,0,80,0,Personal Auto,Four-Door Car,384
SI20178,California,M,High School or Below,4426,80892,110,0,Personal Auto,SUV,528
KC50464,Arizona,F,Master,2574,34990,65,0,Corporate Auto,Four-Door Car,43
HG64216,California,M,College,2833,37124,72,0,Personal Auto,Two-Door Car,431
XM91056,California,F,High School or Below,4876,22236,62,0,Personal Auto,Two-Door Car,409
KN13494,Washington,F,Master,5182,97131,64,0,Personal Auto,Four-Door Car,307
OC47565,Oregon,F,College,5947,67760,74,0,Special Auto,Four-Door Car,465
HH14259,Arizona,F,Bachelor,2564,0,69,0,Personal Auto,Four-Door Car,98
QF66741,Nevada,M,College,15144,0,62,1,Personal Auto,Two-Door Car,308
LY46898,California,M,High School or Below,5558,37473,70,0,Corporate Auto,Four-Door Car,336
MK73855,Washington,F,High School or Below,8109,32314,68,0,Personal Auto,Four-Door Car,326
HU82227,Arizona,M,College,15639,49214,102,3,Corporate Auto,Four-Door Car,371
FF75737,Oregon,F,High School or Below,8334,49851,69,1,Personal Auto,Four-Door Car,331
KJ50265,Washington,M,High School or Below,10418,27951,91,0,Personal Auto,Four-Door Car,437
OQ82364,Nevada,F,Bachelor,6846,0,95,0,Corporate Auto,Two-Door Car,456
SO47345,Arizona,F,Master,9404,56410,117,0,Personal Auto,SUV,524
JN51592,Arizona,F,Bachelor,16985,22497,212,0,Special Auto,Luxury,1018
FH36069,Arizona,F,College,21101,61347,106,0,Personal Auto,SUV,604
ZW32080,Nevada,F,Bachelor,2915,37803,74,0,Personal Auto,Four-Door Car,355
ZH98656,Nevada,F,Master,8594,91276,105,0,Personal Auto,SUV,504
GZ31904,Oregon,M,College,6862,30816,87,0,Personal Auto,Two-Door Car,238
PN47493,Oregon,F,College,2681,41968,67,0,Corporate Auto,Four-Door Car,183
CX18273,Arizona,M,Master,15798,35754,199,0,Personal Auto,Luxury,613
IG80173,California,F,Master,2863,36706,71,0,Personal Auto,Four-Door Car,436
JG76775,Washington,M,High School or Below,30062,48258,249,0,Personal Auto,Luxury,1195
JR82641,Arizona,M,Master,10683,52965,134,3,Personal Auto,SUV,84
NW41789,Oregon,M,Bachelor,2747,0,84,0,Personal Auto,Four-Door Car,605
VG74039,Oregon,F,Bachelor,2389,0,65,0,Personal Auto,Four-Door Car,456
DV27428,Oregon,M,High School or Below,13777,62634,116,0,Personal Auto,SUV,122
AN57220,Oregon,F,Bachelor,17264,96917,61,0,Special Auto,Four-Door Car,72
VD62056,Arizona,F,High School or Below,4669,76157,116,0,Personal Auto,Two-Door Car,557
AH92481,California,F,College,4673,53219,117,0,Corporate Auto,SUV,562
LX97765,Arizona,F,College,4348,81412,109,0,Personal Auto,Two-Door Car,344
JP82211,California,F,College,33873,59744,105,0,Personal Auto,SUV,476
SI88726,California,F,College,9101,38898,117,0,Corporate Auto,SUV,562
MG46007,California,M,High School or Below,6358,0,94,2,Personal Auto,Four-Door Car,18
GL69461,Oregon,F,College,2628,99961,66,2,Personal Auto,Four-Door Car,317
RA63927,Oregon,M,High School or Below,7193,30886,91,0,Personal Auto,Two-Door Car,103
UE76013,Washington,F,Master,5040,35984,128,3,Personal Auto,SUV,276
RI35792,Nevada,F,College,3963,0,125,4,Personal Auto,SUV,540
WL63802,California,M,High School or Below,6426,0,181,0,Personal Auto,Luxury,1303
KZ29413,Oregon,M,Master,15673,0,139,0,Personal Auto,SUV,667
SN23932,Arizona,M,Master,3238,60244,83,3,Personal Auto,Four-Door Car,326
YW26148,California,F,High School or Below,12992,0,72,0,Personal Auto,Four-Door Car,518
LS51818,California,F,College,22218,37553,187,0,Personal Auto,Luxury,898
ZG47195,Nevada,M,College,4931,0,73,0,Personal Auto,Four-Door Car,526
No50634,Oregon,M,College,4330,60475,107,0,Personal Auto,Four-Door Car,514
GC42314,Arizona,M,Doctor,8296,0,111,0,Personal Auto,SUV,673
SD77009,California,M,College,8334,0,136,2,Personal Auto,SUV,979
OW85480,California,M,Master,5348,25545,69,0,Personal Auto,Four-Door Car,331
SW93780,Arizona,M,Master,2399,24182,66,0,Personal Auto,Four-Door Car,317
ZW51071,Oregon,F,High School or Below,6622,80979,84,2,Personal Auto,Four-Door Car,26
CK74127,Arizona,M,Bachelor,4156,0,62,0,Corporate Auto,Four-Door Car,446
KM52241,Arizona,F,High School or Below,8430,0,74,0,Personal Auto,Four-Door Car,48
PE66545,Oregon,M,Bachelor,2546,29250,64,0,Personal Auto,Two-Door Car,308
GG70928,California,F,Master,5005,33566,63,1,Personal Auto,Four-Door Car,205
GI36262,Washington,F,College,2900,65247,72,0,Corporate Auto,Four-Door Car,381
MH85165,California,M,High School or Below,6768,39650,86,0,Personal Auto,Four-Door Car,922
AM26717,California,M,Bachelor,3123,0,101,4,Personal Auto,SUV,960
CV90092,Oregon,M,College,8185,82680,68,0,Corporate Auto,Four-Door Car,326
CL70684,California,M,High School or Below,7636,0,111,0,Corporate Auto,Two-Door Car,799
GK13851,Oregon,M,College,9228,0,129,0,Personal Auto,SUV,619
TQ73726,Oregon,M,Bachelor,7587,0,69,0,Personal Auto,Two-Door Car,461
RW65977,Arizona,M,College,2191,0,61,1,Special Auto,Four-Door Car,439
EY74093,Nevada,M,High School or Below,5004,86834,64,0,Corporate Auto,Four-Door Car,0
YG11074,Arizona,F,Bachelor,4795,46143,122,0,Personal Auto,SUV,223
HW65139,California,M,Doctor,26730,21275,240,0,Personal Auto,Luxury,1152
BT49333,Arizona,M,High School or Below,4261,47746,106,0,Personal Auto,SUV,247
KN78424,California,M,College,15477,51675,196,0,Corporate Auto,Luxury,941
TH68648,California,M,College,5127,85522,64,0,Personal Auto,Four-Door Car,165
GZ22403,Oregon,M,High School or Below,4068,0,63,4,Personal Auto,Two-Door Car,753
NU26460,Oregon,F,College,17712,0,84,0,Corporate Auto,Four-Door Car,633
PB21909,Oregon,M,Bachelor,9776,55632,123,0,Personal Auto,SUV,479
TA78865,Nevada,M,High School or Below,20534,0,93,0,Special Auto,Four-Door Car,670
FP23103,Oregon,M,Bachelor,5800,0,78,0,Special Auto,Two-Door Car,374
YK43172,Arizona,M,Bachelor,3320,69152,89,4,Personal Auto,Four-Door Car,221
YZ36062,Oregon,M,Bachelor,6529,13476,67,2,Corporate Auto,Four-Door Car,434
SJ29837,Washington,F,High School or Below,7603,0,105,0,Personal Auto,SUV,915
RC72799,Oregon,F,College,2840,33252,71,0,Personal Auto,Four-Door Car,408
AN67558,Nevada,M,College,3288,0,102,1,Personal Auto,SUV,734
EQ62488,Oregon,F,College,15032,59456,189,0,Personal Auto,Luxury,907
OA92714,California,F,Bachelor,5056,88989,63,1,Personal Auto,Four-Door Car,233
QS76805,Arizona,M,High School or Below,8013,0,107,0,Corporate Auto,SUV,514
PQ46798,California,F,College,8301,17034,113,0,Personal Auto,Luxury,542
IA56290,Arizona,F,College,2516,88435,62,0,Personal Auto,Four-Door Car,136
XU35186,California,F,High School or Below,2749,71445,70,2,Personal Auto,Four-Door Car,336
DR84620,California,M,Bachelor,8071,72149,101,0,Personal Auto,SUV,69
QG27547,Oregon,F,Bachelor,2867,23376,78,0,Personal Auto,Four-Door Car,374
NM95102,Oregon,M,High School or Below,7285,44788,61,0,Personal Auto,Four-Door Car,386
KZ26788,Washington,F,Bachelor,4119,69379,103,0,Personal Auto,Two-Door Car,494
GW25077,Oregon,F,Bachelor,5293,38521,134,0,Personal Auto,SUV,557
ZU91897,California,M,High School or Below,13266,34482,67,0,Personal Auto,Four-Door Car,84
ZK38095,California,F,Bachelor,2369,0,68,0,Personal Auto,Four-Door Car,487
TY84623,California,M,College,9817,37256,62,0,Corporate Auto,Four-Door Car,129
IP69763,Washington,F,College,21914,77311,181,0,Personal Auto,SUV,114
NF90665,Oregon,M,Bachelor,5144,39268,66,1,Personal Auto,Four-Door Car,189
KG53186,Nevada,M,College,3137,59644,79,0,Corporate Auto,Four-Door Car,379
KV57104,Oregon,F,High School or Below,7714,0,68,0,Personal Auto,Four-Door Car,326
ZX93551,Arizona,F,Bachelor,2867,23376,78,0,Personal Auto,Four-Door Car,374
TR18337,Nevada,F,College,11516,50854,73,0,Personal Auto,Four-Door Car,101
XV22744,Oregon,F,Bachelor,15025,35158,76,0,Personal Auto,Four-Door Car,166
KK27683,Nevada,F,High School or Below,4014,15413,106,0,Personal Auto,SUV,509
HX11651,Oregon,M,College,3289,17860,99,2,Personal Auto,Two-Door Car,656
FD73388,Arizona,F,Master,13736,16181,181,0,Personal Auto,SUV,1261
KF70569,Nevada,M,High School or Below,3891,91182,96,0,Personal Auto,Four-Door Car,249
CC94413,Oregon,F,Bachelor,5701,41154,72,1,Personal Auto,Four-Door Car,346
QO59138,Arizona,M,High School or Below,2590,18746,68,0,Personal Auto,Four-Door Car,326
JW58698,Oregon,F,College,3223,70277,80,0,Personal Auto,Four-Door Car,85
GT57081,Oregon,F,Bachelor,4912,0,66,0,Personal Auto,Four-Door Car,668
GU82475,California,M,College,6532,24919,84,1,Personal Auto,Four-Door Car,420
BG60187,Oregon,M,Bachelor,8012,0,79,0,Personal Auto,Four-Door Car,335
TN73558,Arizona,F,High School or Below,3732,0,96,0,Personal Auto,Four-Door Car,461
KK15032,Arizona,F,High School or Below,2702,46370,68,1,Personal Auto,Two-Door Car,326
KA95160,Arizona,F,Master,23207,89918,115,0,Personal Auto,SUV,423
KD52867,Oregon,F,High School or Below,3347,37138,85,0,Personal Auto,Two-Door Car,612
WY53775,Arizona,M,High School or Below,8383,19683,117,1,Personal Auto,Luxury,562
HS94778,Oregon,F,College,11793,32214,100,0,Personal Auto,SUV,297
EJ96266,California,F,College,2966,26472,74,0,Personal Auto,Four-Door Car,355
RK53289,California,F,Bachelor,5646,39841,72,0,Personal Auto,Two-Door Car,440
TX39594,Arizona,F,High School or Below,2452,51085,62,1,Personal Auto,Two-Door Car,407
JM93892,Arizona,M,College,5953,61006,74,0,Corporate Auto,Four-Door Car,74
PY51000,California,M,Bachelor,12884,34148,109,0,Personal Auto,Four-Door Car,452
HX74855,Washington,M,High School or Below,2472,95697,61,0,Personal Auto,Two-Door Car,114
VE64781,Arizona,F,Bachelor,2927,75685,73,0,Personal Auto,Four-Door Car,370
KY57676,California,M,High School or Below,8401,20870,72,0,Personal Auto,Four-Door Car,346
JL42497,Nevada,F,High School or Below,2729,66900,68,0,Personal Auto,Four-Door Car,326
WQ91717,Arizona,F,College,7643,0,106,1,Special Auto,SUV,509
WO39817,Oregon,M,High School or Below,2494,37043,68,3,Personal Auto,Two-Door Car,31
HW20940,California,M,Bachelor,4171,42837,106,0,Personal Auto,SUV,291
KE60943,California,M,Bachelor,4908,33305,62,0,Special Auto,Four-Door Car,354
ZI48518,Nevada,F,High School or Below,3892,0,103,0,Personal Auto,Luxury,558
KI17749,Oregon,F,High School or Below,2682,24823,69,0,Personal Auto,Four-Door Car,229
DS50601,Nevada,M,Bachelor,10003,98192,84,1,Personal Auto,Four-Door Car,403
PU78245,Arizona,F,Bachelor,13095,88249,108,0,Personal Auto,SUV,245
MP96373,Washington,M,Master,5720,54585,71,1,Personal Auto,Two-Door Car,341
QK62680,Oregon,F,Master,9394,39770,117,0,Personal Auto,Two-Door Car,562
HN63935,Arizona,M,Master,3434,85367,85,0,Personal Auto,Four-Door Car,68
ON30714,California,M,College,4933,74809,61,0,Personal Auto,Two-Door Car,284
FM61329,California,M,College,13610,50144,114,0,Personal Auto,SUV,787
NK91656,Oregon,M,Master,2913,20075,79,1,Personal Auto,Two-Door Car,484
MS94619,California,F,High School or Below,5111,76448,63,0,Personal Auto,Four-Door Car,302
MO38507,California,M,High School or Below,4540,59556,113,0,Personal Auto,Luxury,682
PQ36549,Arizona,M,Bachelor,5598,14174,72,0,Personal Auto,Four-Door Car,346
WG91434,Oregon,M,High School or Below,9638,35230,61,1,Personal Auto,Four-Door Car,16
WR43077,California,M,High School or Below,9801,0,91,0,Corporate Auto,Four-Door Car,437
LR10110,Washington,F,Bachelor,5504,0,73,0,Corporate Auto,Four-Door Car,350
XZ58588,Arizona,M,High School or Below,8448,0,114,0,Corporate Auto,Four-Door Car,547
FX12602,Oregon,M,High School or Below,19928,51352,66,3,Personal Auto,Four-Door Car,96
BL55947,California,M,College,5815,76675,72,0,Personal Auto,Four-Door Car,142
LA60344,Arizona,M,College,18690,0,68,0,Personal Auto,Four-Door Car,326
KQ44803,Arizona,M,College,7224,0,72,2,Personal Auto,Two-Door Car,297
QY81331,Arizona,F,High School or Below,8596,94242,71,1,Personal Auto,Four-Door Car,41
NP33989,Oregon,F,Bachelor,12362,0,113,0,Personal Auto,Four-Door Car,218
CP30637,California,F,High School or Below,4916,71153,122,0,Corporate Auto,Luxury,209
RW50070,Arizona,M,High School or Below,8935,63326,225,0,Personal Auto,Luxury,1080
LO42325,California,F,Bachelor,5433,29629,71,4,Special Auto,Four-Door Car,228
YQ50209,Arizona,M,High School or Below,4847,0,69,0,Corporate Auto,Four-Door Car,599
JP35025,California,F,Master,5714,23726,74,0,Corporate Auto,Four-Door Car,355
WZ13788,Nevada,F,High School or Below,10098,48999,86,3,Corporate Auto,Four-Door Car,413
IS21172,Oregon,F,Bachelor,4727,13037,124,0,Personal Auto,SUV,839
CL10476,Arizona,M,College,7080,24245,63,0,Corporate Auto,Two-Door Car,302
WO83615,Nevada,M,Bachelor,5395,44047,137,0,Corporate Auto,Luxury,969
ZJ77881,Oregon,F,Bachelor,9453,91942,117,0,Personal Auto,Four-Door Car,562
GT37101,Oregon,F,High School or Below,5284,37640,67,0,Personal Auto,Two-Door Car,174
WE13528,California,F,High School or Below,20215,77058,63,0,Personal Auto,Four-Door Car,119
BT78503,Oregon,M,High School or Below,2510,0,73,0,Corporate Auto,Four-Door Car,526
WM19967,California,F,College,19885,63755,62,0,Personal Auto,Two-Door Car,292
EW13798,California,F,Doctor,4014,37384,99,0,Personal Auto,Four-Door Car,475
RO18530,Washington,M,Master,2541,42557,65,0,Personal Auto,Four-Door Car,58
AY18433,Washington,F,High School or Below,27383,45473,76,0,Special Auto,Two-Door Car,189
CS29328,Nevada,M,Bachelor,4875,10743,70,2,Personal Auto,Two-Door Car,336
QL75176,Oregon,F,High School or Below,12324,0,113,0,Personal Auto,Four-Door Car,814
IO25161,Arizona,F,College,2280,0,61,0,Personal Auto,Four-Door Car,284
FA82777,Arizona,F,High School or Below,4166,0,64,3,Personal Auto,Four-Door Car,576
GR49281,California,M,Bachelor,4975,75644,65,3,Personal Auto,Two-Door Car,468
ZW19492,Oregon,M,Bachelor,2405,63455,61,0,Personal Auto,Two-Door Car,288
UW88168,Oregon,M,Bachelor,3033,73782,76,0,Special Auto,Four-Door Car,112
XX53620,Oregon,F,Bachelor,2891,80590,71,0,Corporate Auto,Four-Door Car,134
IM90123,California,F,Bachelor,15261,59797,127,0,Personal Auto,SUV,610
BE33446,Arizona,F,Bachelor,5015,48567,130,0,Personal Auto,SUV,624
YW11227,California,M,Bachelor,5325,62470,66,0,Personal Auto,Two-Door Car,244
UF32671,Washington,F,College,5291,57338,66,0,Personal Auto,Four-Door Car,317
ZW10467,Arizona,F,High School or Below,16107,63288,199,0,Personal Auto,Luxury,558
KK95092,Arizona,M,Bachelor,7606,55281,192,1,Personal Auto,Luxury,922
HZ43637,Arizona,F,College,3065,22985,77,0,Special Auto,Four-Door Car,458
FY82691,California,F,College,6246,39608,78,1,Corporate Auto,Four-Door Car,23
SO40738,California,F,High School or Below,9406,99189,117,0,Corporate Auto,SUV,75
MB83471,Oregon,M,High School or Below,7815,0,112,0,Personal Auto,Four-Door Car,574
GA63091,California,M,College,9748,0,92,0,Personal Auto,Four-Door Car,514
AU75025,Oregon,M,College,4686,58089,118,0,Personal Auto,SUV,566
XF15789,Arizona,F,College,8870,81350,110,0,Personal Auto,SUV,228
SH13204,California,F,High School or Below,4742,0,65,0,Personal Auto,Two-Door Car,731
FX48006,Oregon,M,College,24179,43704,201,0,Personal Auto,Luxury,1064
HS69837,Oregon,M,College,7952,75497,100,0,Personal Auto,SUV,72
GL49408,California,M,Doctor,6762,40372,85,0,Corporate Auto,Four-Door Car,77
PK51938,Oregon,F,College,3045,17489,85,0,Corporate Auto,Four-Door Car,588
JE62426,Arizona,F,High School or Below,5908,86277,74,0,Personal Auto,Four-Door Car,212
IA31850,Arizona,F,College,4575,0,63,0,Personal Auto,Four-Door Car,454
PP50567,California,M,Bachelor,8377,0,74,0,Corporate Auto,Four-Door Car,355
CS26667,Washington,M,College,22332,49078,97,0,Special Auto,Four-Door Car,484
UF73578,California,M,High School or Below,5839,81082,73,0,Personal Auto,Four-Door Car,281
MY23958,California,M,Bachelor,7577,0,116,2,Personal Auto,Luxury,835
OP75571,Arizona,F,College,8013,40635,102,0,Personal Auto,SUV,490
SI60881,Oregon,F,Bachelor,9218,26351,119,0,Personal Auto,SUV,571
DQ15807,Oregon,M,High School or Below,2749,0,80,0,Personal Auto,Four-Door Car,824
WU15684,Nevada,F,College,3589,42836,89,0,Corporate Auto,Four-Door Car,245
KR17533,Oregon,M,Doctor,3955,40175,102,1,Personal Auto,SUV,155
IM98086,California,M,College,3231,62873,81,0,Personal Auto,Four-Door Car,208
XY48850,Nevada,F,High School or Below,5159,0,74,0,Personal Auto,Two-Door Car,589
YT25875,California,F,College,2777,50985,71,0,Personal Auto,Two-Door Car,308
TL59568,Arizona,M,High School or Below,12836,0,116,0,Personal Auto,Two-Door Car,835
UE52886,Arizona,M,Bachelor,28422,42803,245,0,Personal Auto,Luxury,889
TM28833,Oregon,M,College,2276,0,69,1,Personal Auto,Two-Door Car,625
SQ60915,Arizona,M,High School or Below,3896,35970,98,0,Corporate Auto,Four-Door Car,470
GU42084,Arizona,M,Bachelor,4248,44537,106,0,Corporate Auto,Luxury,442
ZH93283,Arizona,M,College,6006,13528,86,0,Personal Auto,Four-Door Car,413
WF51811,Arizona,F,College,2720,14030,72,0,Personal Auto,Two-Door Car,346
RL51023,Arizona,M,College,4186,0,64,0,Corporate Auto,Four-Door Car,493
NQ67659,Nevada,F,Bachelor,33473,33190,106,0,Personal Auto,SUV,509
KI45566,Nevada,M,College,7332,0,100,0,Personal Auto,Luxury,62
WB68229,Arizona,F,Bachelor,9320,21033,118,0,Personal Auto,Two-Door Car,739
UF84144,Washington,M,College,3312,26285,84,0,Corporate Auto,Four-Door Car,403
ZH28312,California,F,Bachelor,5560,0,74,0,Corporate Auto,Four-Door Car,66
GK48045,Washington,F,College,8215,73245,68,0,Personal Auto,Four-Door Car,305
HZ67642,California,M,Bachelor,8647,0,119,0,Personal Auto,SUV,245
HE12295,California,M,High School or Below,4447,0,61,0,Personal Auto,Four-Door Car,616
XL66550,Oregon,M,Bachelor,7770,74365,193,0,Corporate Auto,Luxury,926
AL27471,Oregon,M,Doctor,3911,30821,97,0,Personal Auto,Four-Door Car,451
NG94479,Arizona,F,High School or Below,2732,69844,68,0,Corporate Auto,Four-Door Car,184
WR58220,Oregon,M,Bachelor,8402,0,124,0,Personal Auto,SUV,595
RT64920,Oregon,M,Master,5875,55836,73,0,Personal Auto,Four-Door Car,315
IR58695,Oregon,M,High School or Below,6188,40352,77,0,Corporate Auto,Four-Door Car,406
AS93181,Arizona,F,Bachelor,4507,14985,116,0,Personal Auto,Luxury,571
ML23548,Arizona,F,Doctor,10549,27458,131,1,Personal Auto,Luxury,730
PU71194,Oregon,F,Bachelor,35204,56343,295,0,Personal Auto,Luxury,1613
QT46430,California,F,College,8194,12780,111,2,Personal Auto,Luxury,225
WP83694,California,F,Bachelor,5313,68558,131,0,Personal Auto,SUV,281
UE19977,California,F,College,4380,47747,111,0,Personal Auto,Two-Door Car,166
WC83942,Oregon,M,Bachelor,20886,16113,81,0,Corporate Auto,Four-Door Car,495
HZ62410,Oregon,M,Bachelor,2772,0,79,0,Personal Auto,Four-Door Car,379
CE72177,California,F,High School or Below,5462,39626,69,0,Personal Auto,Four-Door Car,486
YI89801,California,F,High School or Below,2570,49304,65,0,Corporate Auto,Four-Door Car,312
KB53430,Oregon,M,High School or Below,2227,27972,61,0,Personal Auto,Four-Door Car,293
KB50999,California,F,College,5394,27568,68,0,Personal Auto,Two-Door Car,279
JO17193,Washington,M,Bachelor,2301,25905,63,0,Personal Auto,Four-Door Car,302
BO42776,Washington,M,Bachelor,25360,21442,108,0,Corporate Auto,SUV,518
OZ19432,Nevada,F,High School or Below,4374,34516,113,3,Special Auto,Four-Door Car,43
VT34834,Nevada,M,High School or Below,4953,0,68,0,Personal Auto,Four-Door Car,342
MI65698,Oregon,F,College,4591,28354,118,0,Personal Auto,Two-Door Car,320
IG85969,Arizona,F,College,5062,0,72,0,Personal Auto,Two-Door Car,346
SE72928,California,M,Master,9076,37722,116,0,Personal Auto,Luxury,158
QV47358,Arizona,F,Bachelor,8133,32021,70,0,Personal Auto,Four-Door Car,336
HR50405,Oregon,F,Bachelor,2869,13393,73,0,Personal Auto,Four-Door Car,35
MN53151,Oregon,M,College,27938,13624,117,0,Personal Auto,Luxury,562
VD64777,Nevada,F,College,2606,27800,67,0,Personal Auto,Two-Door Car,322
EG21289,California,F,College,7764,58419,191,0,Personal Auto,Luxury,202
YI85251,Nevada,M,High School or Below,18380,50407,92,0,Personal Auto,Four-Door Car,352
RD61361,Arizona,F,Bachelor,6103,0,84,0,Personal Auto,Four-Door Car,856
PG26401,Washington,M,High School or Below,9192,77603,114,0,Personal Auto,SUV,547
NV91476,California,F,College,9581,75606,119,0,Personal Auto,Four-Door Car,571
SJ16410,Arizona,M,Bachelor,7532,41458,98,0,Personal Auto,Four-Door Car,191
BI17208,Oregon,M,College,2795,0,74,0,Personal Auto,Two-Door Car,421
WR70403,Washington,M,High School or Below,5674,0,82,0,Personal Auto,Two-Door Car,445
ZZ22858,Arizona,F,Bachelor,15016,70619,187,0,Personal Auto,Luxury,294
EZ75048,California,M,Doctor,3087,41273,77,0,Personal Auto,Four-Door Car,221
CN31328,Arizona,F,College,5481,46946,70,0,Personal Auto,Four-Door Car,336
ZP91150,Oregon,M,College,7945,0,113,0,Corporate Auto,Four-Door Car,542
LC77957,Oregon,M,Bachelor,8543,99180,106,0,Personal Auto,SUV,34
PT34656,California,F,College,5381,55350,67,0,Personal Auto,Four-Door Car,322
MI99404,California,M,College,4650,28215,65,0,Personal Auto,Two-Door Car,468
AI58313,Nevada,F,College,36946,75425,116,1,Personal Auto,Luxury,664
VA60020,Nevada,F,High School or Below,3315,63583,83,0,Special Auto,Four-Door Car,167
TW53467,California,M,Bachelor,4566,0,66,0,Personal Auto,Four-Door Car,475
IC11062,Nevada,F,High School or Below,5597,37995,139,0,Personal Auto,SUV,667
OO11531,Nevada,F,Master,2541,37125,63,0,Personal Auto,Four-Door Car,291
JV80614,California,M,College,2939,53357,73,0,Personal Auto,Four-Door Car,55
IC70693,California,F,Bachelor,16068,70140,199,0,Corporate Auto,Luxury,955
JY45326,Oregon,M,College,7361,52380,186,2,Personal Auto,Luxury,893
QW17940,California,M,High School or Below,2701,79292,67,0,Corporate Auto,Four-Door Car,55
AV25133,Oregon,F,College,3096,0,92,1,Personal Auto,Two-Door Car,775
QJ57215,Nevada,F,College,4384,0,123,0,Personal Auto,SUV,1480
IG94072,Oregon,F,High School or Below,9929,75425,123,0,Personal Auto,Luxury,824
WC28543,Arizona,M,Bachelor,2399,20992,64,0,Personal Auto,Two-Door Car,307
DH13219,Washington,M,Bachelor,3403,57428,85,1,Corporate Auto,Four-Door Car,415
ET80689,California,M,College,8711,92606,109,0,Special Auto,SUV,287
JD10245,California,M,High School or Below,4359,86001,109,1,Personal Auto,SUV,523
XO96556,Arizona,M,Master,2551,79751,63,0,Personal Auto,Two-Door Car,392
UJ61336,Arizona,F,Bachelor,5643,68654,71,2,Personal Auto,Four-Door Car,208
XS94482,Arizona,F,Master,4152,0,61,3,Personal Auto,Two-Door Car,209
QX57337,Oregon,F,Doctor,2842,92629,72,3,Personal Auto,Four-Door Car,61
CZ35936,California,F,High School or Below,8791,54094,112,0,Corporate Auto,SUV,503
IM41800,Nevada,M,College,8268,95419,70,3,Personal Auto,Four-Door Car,336
GI70742,Oregon,F,High School or Below,8582,66466,71,0,Personal Auto,Four-Door Car,293
HQ32112,Arizona,M,High School or Below,5244,68131,130,0,Personal Auto,SUV,227
CC85895,Nevada,F,Bachelor,8509,56481,106,0,Personal Auto,SUV,273
CF40646,California,M,College,4744,70082,119,0,Personal Auto,SUV,571
RF39856,Nevada,M,Bachelor,22755,51437,115,0,Corporate Auto,SUV,244
VT85216,Nevada,M,High School or Below,5335,0,73,0,Personal Auto,Four-Door Car,526
SW69117,Oregon,M,College,6966,27972,90,0,Corporate Auto,Two-Door Car,240
EI58852,Arizona,F,High School or Below,21205,24930,76,0,Personal Auto,Four-Door Car,365
FN61865,Nevada,F,Master,4271,26245,110,0,Personal Auto,Two-Door Car,44
LI11560,California,F,Bachelor,5581,57883,69,0,Personal Auto,Four-Door Car,432
NY12562,Nevada,F,College,2224,0,64,0,Corporate Auto,Four-Door Car,483
GE46404,Oregon,F,College,2710,58828,68,0,Personal Auto,Four-Door Car,447
PP26786,Arizona,M,College,2890,51906,73,0,Corporate Auto,Four-Door Car,375
BE55425,Oregon,M,College,6404,28095,82,0,Personal Auto,Four-Door Car,394
SH75038,California,F,Bachelor,5981,88723,74,0,Personal Auto,Two-Door Car,355
LD22387,California,F,High School or Below,6225,53078,79,2,Corporate Auto,Four-Door Car,201
FF94034,California,F,Bachelor,8496,88895,106,0,Personal Auto,Luxury,210
YK16362,Arizona,F,Bachelor,10214,60078,127,0,Corporate Auto,SUV,141
DN10177,California,M,College,4547,0,67,0,Personal Auto,Two-Door Car,322
IV35546,Nevada,F,Master,5742,45820,71,0,Corporate Auto,Four-Door Car,250
SK12432,Arizona,M,Bachelor,2388,0,73,0,Personal Auto,Four-Door Car,678
DF71709,California,M,College,12625,12439,115,0,Corporate Auto,Two-Door Car,552
UT61518,California,M,Bachelor,8382,25998,71,0,Personal Auto,Four-Door Car,792
PU75847,Arizona,M,College,4965,98451,62,0,Personal Auto,Four-Door Car,317
XA47378,California,F,Bachelor,2871,23803,72,0,Corporate Auto,Two-Door Car,411
NE22677,California,M,College,13081,0,124,0,Special Auto,SUV,595
HV62406,Oregon,F,High School or Below,2482,26100,67,0,Personal Auto,Four-Door Car,482
VS20668,Nevada,F,Bachelor,2727,0,73,0,Personal Auto,Four-Door Car,377
YZ79232,Oregon,M,Master,4776,0,67,0,Personal Auto,Four-Door Car,315
ND87457,Nevada,M,Bachelor,6092,65252,78,0,Personal Auto,Four-Door Car,482
TY59231,California,F,Bachelor,5015,48567,130,0,Personal Auto,SUV,624
DA54619,Oregon,F,High School or Below,9036,34337,113,0,Personal Auto,Four-Door Car,542
OL27257,Nevada,F,College,4382,20394,115,0,Personal Auto,Two-Door Car,509
TH86528,Washington,F,High School or Below,5776,0,76,0,Personal Auto,Two-Door Car,785
DS34823,Arizona,F,High School or Below,4250,0,61,1,Personal Auto,Four-Door Car,293
HB24005,California,M,College,2347,31617,62,1,Personal Auto,Four-Door Car,244
ZV96574,California,F,High School or Below,6940,0,62,1,Corporate Auto,Four-Door Car,298
JC80093,Washington,M,Master,2573,21104,66,0,Personal Auto,Four-Door Car,118
KN24990,Arizona,M,College,41492,37748,181,2,Personal Auto,Luxury,869
RR39751,California,F,Bachelor,3571,0,96,0,Personal Auto,Four-Door Car,439
BN80677,Oregon,M,Bachelor,12734,25023,82,0,Corporate Auto,Two-Door Car,397
WL74893,Oregon,F,College,4529,0,62,0,Special Auto,Four-Door Car,271
ZN59196,Oregon,F,Bachelor,4178,14108,109,0,Personal Auto,Four-Door Car,523
PF77449,Washington,F,High School or Below,9825,23923,82,1,Personal Auto,Four-Door Car,394
HO38996,Oregon,M,High School or Below,2431,0,67,0,Special Auto,Four-Door Car,322
YU86361,Washington,F,Master,19161,22705,239,0,Personal Auto,Luxury,1295
PJ13204,California,F,High School or Below,3302,0,89,0,Corporate Auto,Two-Door Car,427
SP63623,Oregon,M,College,4692,0,69,0,Personal Auto,Four-Door Car,507
DP33625,Arizona,M,College,8093,50825,102,0,Personal Auto,SUV,370
BJ18904,Arizona,M,College,3965,14616,106,0,Personal Auto,SUV,575
TR26615,Oregon,M,High School or Below,2498,0,69,0,Corporate Auto,Two-Door Car,272
ZD44648,Arizona,M,College,9656,29504,125,0,Personal Auto,SUV,1225
QW60568,California,M,College,8888,58789,111,0,Corporate Auto,Four-Door Car,215
XS78545,Oregon,F,College,7347,29491,61,0,Personal Auto,Four-Door Car,293
EU19773,Arizona,F,High School or Below,8578,78077,107,2,Personal Auto,Four-Door Car,438
ZL45417,California,F,High School or Below,3467,0,96,0,Personal Auto,Two-Door Car,799
JS58659,Nevada,M,Bachelor,8901,76558,74,0,Special Auto,Four-Door Car,217
XK84089,California,M,Bachelor,2619,78618,66,0,Personal Auto,Two-Door Car,226
LH91968,Oregon,M,Bachelor,8838,82664,114,3,Corporate Auto,SUV,133
NX63627,Oregon,M,Doctor,10128,23053,132,0,Personal Auto,Luxury,781
ND62955,Nevada,M,Bachelor,4633,50250,117,0,Personal Auto,SUV,562
YQ11786,Oregon,M,High School or Below,7796,32169,199,0,Personal Auto,Luxury,786
TM13955,Washington,M,Master,2993,0,80,0,Corporate Auto,Four-Door Car,286
IA91291,Arizona,F,College,7985,99069,66,0,Corporate Auto,Four-Door Car,77
RO89785,Oregon,M,College,3509,20978,98,1,Personal Auto,Four-Door Car,1176
QW40898,Arizona,F,College,2722,17576,71,0,Personal Auto,Four-Door Car,399
ZD40816,Nevada,M,Bachelor,2784,42297,71,0,Personal Auto,Four-Door Car,200
PD82395,Arizona,F,Bachelor,8650,0,115,0,Special Auto,Four-Door Car,825
NW23827,California,F,College,4653,0,63,0,Personal Auto,Four-Door Car,151
GG61186,Nevada,F,Doctor,8396,0,110,0,Personal Auto,Four-Door Car,161
TB31268,Arizona,F,College,8805,48990,74,0,Personal Auto,Four-Door Car,355
SX98462,Oregon,M,College,7155,16916,64,0,Personal Auto,Four-Door Car,378
OL82456,Oregon,M,Bachelor,3954,18375,103,0,Personal Auto,Luxury,535
DN14211,Oregon,M,College,15033,17150,65,0,Personal Auto,Two-Door Car,690
ZG12619,Washington,F,Bachelor,8258,23815,73,0,Personal Auto,Four-Door Car,424
VH31071,Arizona,F,College,9257,21947,118,0,Personal Auto,SUV,566
SP36555,Arizona,M,Bachelor,6508,0,97,0,Personal Auto,Four-Door Car,863
ME83611,Nevada,F,Bachelor,2531,89451,63,0,Personal Auto,Four-Door Car,62
PH85036,Washington,F,Bachelor,5483,79325,68,0,Corporate Auto,Four-Door Car,251
PE54870,Oregon,M,College,4051,88454,101,0,Personal Auto,SUV,309
DT52189,California,F,High School or Below,6327,0,87,0,Personal Auto,Four-Door Car,418
XN48526,California,F,College,2628,20943,69,0,Personal Auto,Four-Door Car,240
KW52227,California,M,Bachelor,7815,51972,66,0,Personal Auto,Four-Door Car,317
JC98569,Oregon,F,College,6315,54408,79,0,Personal Auto,Four-Door Car,288
BG48083,Nevada,F,Bachelor,6386,23751,82,1,Personal Auto,Two-Door Car,587
PD19551,California,F,Bachelor,2538,37612,64,0,Personal Auto,Four-Door Car,307
BJ13380,Oregon,F,Bachelor,5335,91603,69,2,Personal Auto,Four-Door Car,473
HY25004,Arizona,F,High School or Below,4549,0,62,0,Personal Auto,Two-Door Car,640
WF50693,Oregon,M,High School or Below,4836,16450,128,0,Corporate Auto,SUV,871
MA45099,Oregon,M,Bachelor,6479,50864,83,1,Corporate Auto,Four-Door Car,158
ZC69696,Arizona,F,College,35440,74560,110,0,Personal Auto,SUV,528
VO43359,California,M,High School or Below,2404,62488,62,2,Personal Auto,Four-Door Car,201
OM63954,California,F,Bachelor,9265,55837,117,0,Personal Auto,Two-Door Car,742
GV71044,Oregon,F,College,2433,0,66,0,Personal Auto,Two-Door Car,475
TM79451,California,F,College,5367,97742,67,0,Personal Auto,Four-Door Car,68
PA84292,Oregon,F,Bachelor,2452,0,69,0,Personal Auto,Four-Door Car,497
QX67584,Nevada,F,High School or Below,8647,64125,108,0,Personal Auto,SUV,370
JK90180,Arizona,M,College,4340,0,62,0,Personal Auto,Four-Door Car,446
BH35482,Washington,M,Doctor,4931,70412,61,0,Corporate Auto,Two-Door Car,136
VU84949,Washington,F,Bachelor,5293,0,70,0,Personal Auto,Two-Door Car,336
SF46129,California,M,High School or Below,8987,66267,111,0,Personal Auto,Four-Door Car,1094
OH35544,Nevada,F,College,5620,0,82,0,Corporate Auto,Four-Door Car,864
ZF82387,Oregon,M,High School or Below,10340,40882,89,0,Corporate Auto,Two-Door Car,394
MD40054,Oregon,M,High School or Below,6369,34498,83,0,Personal Auto,Two-Door Car,398
LE96510,Oregon,F,High School or Below,2768,0,74,0,Personal Auto,Four-Door Car,355
MC11907,California,F,High School or Below,4831,23228,64,1,Corporate Auto,Four-Door Car,307
DA57177,Oregon,F,College,4283,40864,109,1,Personal Auto,SUV,167
SU77646,Oregon,M,Master,5718,46133,73,0,Personal Auto,Four-Door Car,20
YZ19736,Arizona,M,College,2581,46900,66,0,Personal Auto,Four-Door Car,317
JZ69749,Washington,F,High School or Below,6481,0,92,0,Personal Auto,Four-Door Car,442
BJ22117,Washington,M,Master,5133,53390,64,0,Personal Auto,Four-Door Car,279
UQ60825,California,F,College,9370,99185,115,0,Corporate Auto,SUV,449
ZZ89380,Oregon,F,Bachelor,3197,62815,80,0,Special Auto,Two-Door Car,47
LU87443,Oregon,F,College,4721,26277,61,0,Personal Auto,Four-Door Car,293
DG33206,Washington,F,Doctor,8862,41854,110,0,Personal Auto,Four-Door Car,481
AB98823,Arizona,M,College,6033,0,86,0,Personal Auto,Two-Door Car,413
MS34991,Arizona,M,High School or Below,6832,66627,85,0,Personal Auto,Four-Door Car,733
EE53627,Oregon,M,High School or Below,2242,12131,64,1,Personal Auto,Four-Door Car,251
XY39691,Arizona,F,High School or Below,4158,0,110,0,Personal Auto,SUV,528
ZU96776,California,M,Bachelor,6189,0,90,0,Personal Auto,Two-Door Car,648
FF84784,California,M,College,5644,33317,72,1,Personal Auto,Two-Door Car,346
QT90140,Arizona,F,Doctor,5332,68931,66,0,Personal Auto,Four-Door Car,310
TO71844,Oregon,M,College,2121,0,67,1,Personal Auto,Four-Door Car,322
HV69023,California,F,High School or Below,8282,19189,108,0,Personal Auto,SUV,518
RE32481,California,F,Master,7836,49390,195,0,Personal Auto,Luxury,738
CA79988,Oregon,M,College,2553,33124,67,0,Personal Auto,Four-Door Car,80
DO48071,California,F,College,2795,40516,70,0,Personal Auto,Two-Door Car,137
MW48891,Washington,F,High School or Below,8007,0,112,0,Personal Auto,Luxury,538
JC37277,Oregon,M,College,6886,34615,87,0,Personal Auto,Four-Door Car,418
YU80673,California,F,College,5107,29894,72,4,Personal Auto,Four-Door Car,17
BV69462,Oregon,F,Bachelor,5612,0,79,0,Corporate Auto,Two-Door Car,379
DW86238,Washington,M,High School or Below,5659,0,84,0,Personal Auto,Four-Door Car,847
BQ51616,Oregon,F,High School or Below,7264,86732,180,0,Personal Auto,Luxury,204
XX89213,Nevada,F,Master,8712,68516,216,0,Corporate Auto,Luxury,96
JC96695,California,M,Doctor,9199,31562,115,0,Personal Auto,SUV,552
RN55306,Oregon,F,High School or Below,5162,0,74,0,Personal Auto,Four-Door Car,582
WH36609,Arizona,F,Bachelor,6290,24477,79,0,Personal Auto,Four-Door Car,379
UO43395,Oregon,M,Master,3650,0,100,0,Personal Auto,SUV,480
DS32060,California,M,College,6767,20046,87,0,Personal Auto,Two-Door Car,418
LK51056,Arizona,M,Bachelor,4631,78152,114,0,Corporate Auto,SUV,547
PX71218,Arizona,M,Bachelor,6811,0,65,0,Personal Auto,Four-Door Car,734
NS19456,Oregon,F,College,9379,36067,117,0,Personal Auto,Luxury,562
MR60878,Oregon,F,Bachelor,15763,44362,66,0,Corporate Auto,Four-Door Car,142
MB32944,Nevada,M,Master,2636,77350,66,0,Personal Auto,Four-Door Car,317
FE70473,Oregon,F,College,5742,86641,71,0,Personal Auto,Two-Door Car,162
XB64251,Oregon,M,College,8415,72258,105,0,Personal Auto,SUV,12
WI38796,Oregon,M,Bachelor,9124,70737,114,0,Corporate Auto,SUV,742
KS12294,California,M,Bachelor,15994,0,159,0,Personal Auto,SUV,1410
US89453,California,M,College,9022,0,125,0,Personal Auto,SUV,989
XK39439,California,M,College,4760,0,81,3,Personal Auto,Four-Door Car,389
VJ71087,Arizona,M,Bachelor,3994,17672,110,0,Personal Auto,SUV,792
FM54600,Washington,F,High School or Below,18854,0,173,0,Corporate Auto,SUV,1246
UV43859,Oregon,F,High School or Below,8840,47297,115,4,Personal Auto,SUV,796
JP28293,California,F,Doctor,6697,57240,83,0,Corporate Auto,Four-Door Car,84
UV48189,California,M,Bachelor,8476,28181,109,0,Personal Auto,SUV,523
ZA34848,Arizona,F,Bachelor,5206,31275,66,0,Personal Auto,Two-Door Car,317
FA57012,California,M,College,6142,0,182,0,Special Auto,Luxury,1310
GU82757,California,F,Bachelor,4376,63774,111,0,Corporate Auto,Four-Door Car,60
KW12214,Oregon,M,High School or Below,12375,78441,103,0,Personal Auto,SUV,614
EG97649,Oregon,F,College,3451,0,104,2,Personal Auto,SUV,499
YB42706,Nevada,M,College,8107,0,76,0,Corporate Auto,Two-Door Car,365
WV74449,Washington,F,College,8662,0,117,0,Personal Auto,SUV,511
AZ77669,Oregon,M,High School or Below,8697,91423,109,1,Personal Auto,SUV,436
FM25704,Oregon,M,Bachelor,2535,86933,63,0,Corporate Auto,Two-Door Car,270
UR34922,California,M,Doctor,5634,65255,72,2,Personal Auto,Four-Door Car,321
RA17555,Oregon,M,High School or Below,5177,41533,65,0,Corporate Auto,Four-Door Car,233
AW71157,California,M,College,5532,50097,71,0,Personal Auto,Four-Door Car,17
IN91592,California,F,Bachelor,2811,73858,72,3,Personal Auto,Four-Door Car,423
WX37953,Oregon,F,College,2781,94943,69,0,Personal Auto,Four-Door Car,388
NL85206,California,F,College,2572,72685,68,5,Personal Auto,Four-Door Car,14
PR23514,California,M,College,7664,60184,199,1,Personal Auto,Luxury,162
XZ23352,California,F,High School or Below,3840,0,106,0,Corporate Auto,SUV,763
MX80067,California,M,High School or Below,2509,74045,64,0,Personal Auto,Four-Door Car,307
HR10835,Nevada,M,High School or Below,14566,52564,122,0,Personal Auto,SUV,42
FR15942,Washington,M,Bachelor,3221,19098,87,0,Personal Auto,Two-Door Car,418
GX22886,Arizona,M,College,3200,78784,80,0,Personal Auto,Four-Door Car,240
HQ70429,Washington,F,College,16045,0,65,0,Personal Auto,Two-Door Car,163
YT84266,Oregon,M,College,4919,29256,63,0,Personal Auto,Four-Door Car,302
GH48715,Arizona,F,High School or Below,5624,77912,71,1,Corporate Auto,Four-Door Car,24
BN46866,Oregon,M,College,5677,45345,72,0,Personal Auto,Four-Door Car,99
CG94611,Oregon,M,College,3016,25630,86,0,Corporate Auto,Two-Door Car,413
GK94889,California,M,College,5279,22280,68,0,Personal Auto,Four-Door Car,169
QN62538,Nevada,M,High School or Below,4804,0,69,0,Corporate Auto,Four-Door Car,497
UQ13133,Nevada,M,Master,2609,61567,65,0,Personal Auto,Four-Door Car,40
DI65961,Arizona,M,High School or Below,7833,34644,66,0,Personal Auto,Four-Door Car,317
WQ85760,California,M,College,4260,26991,119,0,Corporate Auto,SUV,857
No35621,Arizona,M,Bachelor,2369,49746,61,0,Personal Auto,Two-Door Car,624
IA11644,California,M,High School or Below,20604,0,72,1,Special Auto,Two-Door Car,723
TV53243,Arizona,F,College,2652,49625,66,0,Corporate Auto,Two-Door Car,262
WV53081,Arizona,F,College,2598,49308,65,0,Corporate Auto,Four-Door Car,150
LL57541,California,F,Master,7712,63624,95,0,Personal Auto,Four-Door Car,175
RP27249,Oregon,F,Master,4699,80358,116,0,Personal Auto,SUV,444
OT85112,Washington,M,College,3404,38460,88,1,Personal Auto,Four-Door Car,92
GV47847,California,M,High School or Below,4356,0,64,0,Personal Auto,Two-Door Car,461
BB48165,California,F,Bachelor,11096,0,101,0,Personal Auto,SUV,727
HH80006,Oregon,F,High School or Below,3301,0,92,0,Personal Auto,Four-Door Car,711
TH70115,California,M,College,6981,34835,89,2,Personal Auto,Two-Door Car,295
WE64781,Oregon,F,Bachelor,16922,93836,139,0,Corporate Auto,Luxury,497
KN27565,Oregon,M,Master,7640,34075,196,0,Special Auto,Luxury,452
LE85123,Oregon,M,Bachelor,19238,35624,66,2,Personal Auto,Four-Door Car,227
QF76244,Oregon,F,Doctor,2916,83218,72,0,Personal Auto,Four-Door Car,245
PU73561,Arizona,F,Bachelor,4196,24641,105,0,Personal Auto,SUV,504
HM38744,Oregon,M,Bachelor,16473,22828,106,0,Corporate Auto,SUV,509
ST59524,Oregon,M,College,2658,0,71,0,Personal Auto,Four-Door Car,341
EZ77297,California,M,Master,3268,28729,90,3,Personal Auto,Four-Door Car,339
DR84843,Arizona,M,Bachelor,2585,72731,65,0,Personal Auto,Four-Door Car,126
MV54498,California,F,College,5504,59932,71,1,Personal Auto,Four-Door Car,117
EM85557,Washington,F,College,8021,54292,67,0,Personal Auto,Four-Door Car,322
FY73682,California,M,Bachelor,19606,0,194,0,Personal Auto,Luxury,931
XT54610,California,F,Bachelor,1904,0,63,3,Personal Auto,Four-Door Car,302
CE16324,Nevada,F,College,7288,59414,91,0,Personal Auto,Two-Door Car,340
KX75698,Oregon,M,High School or Below,5554,96587,138,0,Personal Auto,SUV,749
UV82770,California,M,Bachelor,11702,0,111,0,Personal Auto,SUV,533
MX95450,Oregon,F,College,36898,0,133,0,Personal Auto,SUV,638
XF96605,California,M,College,2957,94362,74,0,Personal Auto,Two-Door Car,195
WQ75856,Oregon,F,Bachelor,19644,84488,61,0,Personal Auto,Four-Door Car,209
JG35886,California,F,College,4112,65085,103,0,Personal Auto,Four-Door Car,480
XY66810,California,F,Bachelor,15123,0,72,0,Personal Auto,Two-Door Car,518
ON50913,California,F,College,12807,0,69,0,Special Auto,Four-Door Car,451
LS59408,Arizona,M,High School or Below,2500,0,67,0,Personal Auto,Four-Door Car,664
XQ14689,Nevada,M,College,4261,0,62,0,Personal Auto,Four-Door Car,446
QF55724,California,M,Bachelor,2610,60798,66,0,Personal Auto,Four-Door Car,317
FD79560,Arizona,F,High School or Below,10796,30761,69,2,Special Auto,Two-Door Car,331
KM18818,Arizona,F,College,2591,25981,65,0,Personal Auto,Two-Door Car,78
XA28126,California,M,Bachelor,29200,67739,149,0,Personal Auto,SUV,270
LJ93770,Arizona,F,Doctor,4195,25581,105,0,Personal Auto,SUV,430
MK52711,California,F,High School or Below,10315,99759,65,3,Personal Auto,Two-Door Car,74
AZ68184,Washington,M,High School or Below,9028,76514,112,0,Personal Auto,SUV,574
NN52789,Arizona,M,Bachelor,3954,18375,103,0,Personal Auto,Luxury,535
XC68458,California,M,Bachelor,6090,21832,84,0,Personal Auto,Four-Door Car,403
AF49027,Arizona,F,College,12827,0,117,0,Personal Auto,Two-Door Car,842
PR22184,California,F,College,9135,95330,113,0,Corporate Auto,Luxury,542
GM98732,California,F,College,7903,0,106,0,Personal Auto,SUV,634
NP66209,California,F,College,14828,0,68,2,Personal Auto,Two-Door Car,326
GA46608,Oregon,M,Bachelor,2501,25899,63,0,Personal Auto,Four-Door Car,302
FZ79470,Arizona,F,Bachelor,5395,0,74,0,Personal Auto,Four-Door Car,355
KR10942,Oregon,F,Bachelor,2652,33201,66,0,Personal Auto,Two-Door Car,314
AW86033,California,M,College,2120,18287,61,4,Personal Auto,Two-Door Car,293
LM79063,Arizona,F,Doctor,7155,76506,89,0,Personal Auto,Two-Door Car,427
NB30963,California,M,High School or Below,5994,41859,76,0,Personal Auto,Two-Door Car,166
AO40386,Oregon,M,College,22647,27504,91,0,Personal Auto,Four-Door Car,437
BN74259,Arizona,M,High School or Below,2834,45360,73,0,Corporate Auto,Four-Door Car,350
XV69290,California,M,College,22332,49078,97,0,Corporate Auto,Four-Door Car,484
RE97741,California,M,High School or Below,5846,0,90,2,Personal Auto,Four-Door Car,648
HN69035,Arizona,F,College,2867,91810,71,0,Corporate Auto,Four-Door Car,166
SI48717,Oregon,M,College,14436,70600,122,1,Personal Auto,SUV,637
PJ67250,Arizona,F,College,5237,33554,131,0,Special Auto,SUV,935
SH85263,California,M,Bachelor,7711,77642,64,0,Personal Auto,Two-Door Car,282
WV37081,California,M,College,5159,25963,66,0,Personal Auto,Four-Door Car,299
No61408,California,F,Bachelor,5415,57452,136,1,Personal Auto,SUV,653
DE91458,Washington,F,Master,2904,0,77,0,Personal Auto,Four-Door Car,492
EP83939,Arizona,M,High School or Below,5576,91416,69,0,Personal Auto,Four-Door Car,110
IU17657,California,M,Bachelor,2616,22000,69,0,Personal Auto,Two-Door Car,383
EO95166,Oregon,M,Bachelor,4618,41167,118,0,Personal Auto,Four-Door Car,555
KX79225,Oregon,M,High School or Below,20124,0,70,0,Personal Auto,Four-Door Car,504
EZ60033,California,F,Bachelor,3201,0,86,0,Corporate Auto,Four-Door Car,413
KK58047,Oregon,M,College,8584,53944,71,0,Personal Auto,Two-Door Car,341
JW62354,Nevada,F,College,4349,75648,108,0,Personal Auto,SUV,113
TT18939,California,M,Bachelor,4730,29414,64,0,Personal Auto,Four-Door Car,71
IJ21010,Arizona,F,Bachelor,5015,48567,130,0,Personal Auto,SUV,624
PZ31902,Arizona,F,Bachelor,5798,69276,74,2,Personal Auto,Two-Door Car,201
WD88540,California,M,High School or Below,3475,0,96,0,Personal Auto,Two-Door Car,461
IL67915,Arizona,F,College,8542,50117,107,0,Corporate Auto,Four-Door Car,463
VQ76590,Arizona,M,Bachelor,16473,22828,106,0,Personal Auto,SUV,509
FJ60600,Oregon,F,High School or Below,6776,0,96,0,Personal Auto,Four-Door Car,819
MP53132,Oregon,F,High School or Below,9713,0,136,0,Corporate Auto,SUV,979
XP96549,Oregon,F,High School or Below,4429,20868,112,0,Personal Auto,SUV,538
VC34797,California,F,Bachelor,2436,40921,62,2,Corporate Auto,Four-Door Car,11
QV30663,Nevada,F,Master,9864,99654,121,0,Personal Auto,SUV,273
AK90865,Oregon,F,High School or Below,8208,0,110,0,Special Auto,Luxury,687
BX51438,Arizona,M,Bachelor,2781,56218,72,2,Personal Auto,Four-Door Car,303
DU38713,Arizona,F,High School or Below,5808,70717,72,0,Personal Auto,Two-Door Car,37
WQ13284,California,M,College,8395,62989,71,1,Personal Auto,Four-Door Car,319
JB36584,Arizona,M,Master,14334,41459,71,0,Personal Auto,Four-Door Car,341
WQ23548,California,F,Master,11004,0,102,1,Personal Auto,SUV,490
WZ98067,Oregon,M,College,4050,42512,105,1,Personal Auto,Four-Door Car,77
AQ11656,Arizona,M,Bachelor,2142,0,61,0,Personal Auto,Four-Door Car,437
KL14426,Nevada,F,Doctor,5080,83288,124,0,Personal Auto,SUV,353
PG48617,California,M,High School or Below,2896,46267,72,0,Personal Auto,Four-Door Car,232
QB24570,Oregon,F,Master,9031,0,122,0,Corporate Auto,Luxury,651
NI68379,Oregon,M,Master,6554,74424,81,0,Personal Auto,Four-Door Car,389
RS92763,Oregon,F,College,7488,0,72,0,Personal Auto,Four-Door Car,693
PA75237,Nevada,M,Doctor,15119,58883,62,0,Corporate Auto,Two-Door Car,432
LR35392,Oregon,M,High School or Below,9007,41539,116,0,Personal Auto,Four-Door Car,557
KC22636,California,F,High School or Below,5489,33881,68,0,Personal Auto,Four-Door Car,66
IJ98317,California,F,Bachelor,7234,86448,90,0,Personal Auto,Four-Door Car,60
DY49235,Arizona,F,College,5206,25237,69,0,Personal Auto,Four-Door Car,378
EG94409,Nevada,F,High School or Below,4697,0,67,0,Special Auto,Four-Door Car,482
GB59748,Arizona,F,College,6207,49419,77,0,Personal Auto,Four-Door Car,203
MP68135,Oregon,M,College,6616,90414,83,1,Personal Auto,Four-Door Car,398
CZ56843,California,M,College,9709,39930,86,1,Personal Auto,Four-Door Car,413
DJ47372,California,M,Doctor,10831,23202,96,0,Personal Auto,Four-Door Car,461
XZ51937,California,F,Master,4627,79487,114,0,Personal Auto,SUV,547
IZ27630,Oregon,M,Master,6748,68423,85,0,Personal Auto,Two-Door Car,324
IM14119,Arizona,F,Bachelor,2542,84495,63,0,Special Auto,Two-Door Car,302
PN53766,California,M,Doctor,5450,43091,69,1,Corporate Auto,Four-Door Car,330
DQ93036,Arizona,M,High School or Below,7244,41951,91,0,Personal Auto,Four-Door Car,41
WA70405,Nevada,M,College,8307,89834,105,0,Personal Auto,SUV,504
NF51705,Nevada,M,High School or Below,2735,92157,69,0,Corporate Auto,Two-Door Car,270
LR37068,Oregon,F,College,11031,35773,93,0,Personal Auto,Four-Door Car,446
EC18611,Nevada,M,High School or Below,3402,0,99,0,Personal Auto,Two-Door Car,475
NP88319,Oregon,F,High School or Below,6945,15850,61,0,Corporate Auto,Two-Door Car,315
AA11235,Nevada,F,Bachelor,2569,11167,73,3,Personal Auto,Two-Door Car,350
DL55489,Oregon,M,High School or Below,5765,21195,72,0,Corporate Auto,Four-Door Car,346
UU53919,Oregon,F,Master,5404,27430,68,0,Personal Auto,Two-Door Car,185
JI11950,California,F,High School or Below,4899,0,63,0,Personal Auto,Two-Door Car,302
QB82117,Oregon,M,High School or Below,9049,0,119,0,Personal Auto,Luxury,571
MR33456,Washington,M,High School or Below,8094,59839,107,2,Personal Auto,SUV,514
YN17362,California,M,College,2497,0,73,0,Corporate Auto,Two-Door Car,350
UR73910,California,M,College,2602,38166,67,1,Corporate Auto,Four-Door Car,237
KG63751,Washington,M,High School or Below,6751,0,95,0,Personal Auto,Four-Door Car,456
NK39001,Oregon,F,Bachelor,3622,13457,94,0,Personal Auto,Two-Door Car,286
HR85493,California,M,College,6896,0,68,0,Personal Auto,Two-Door Car,326
QC50643,California,F,Bachelor,5439,52721,136,0,Personal Auto,SUV,550
LO90345,Oregon,F,College,14473,22012,185,0,Corporate Auto,Luxury,76
WK64739,Arizona,F,Bachelor,2359,19864,63,0,Corporate Auto,Four-Door Car,352
QK88438,Arizona,F,College,5323,55289,67,0,Personal Auto,Four-Door Car,134
QX42433,California,M,College,7391,30449,92,0,Personal Auto,Four-Door Car,501
BH52611,California,F,Bachelor,11448,27362,144,0,Personal Auto,SUV,423
SA77508,Oregon,F,High School or Below,5755,29460,72,0,Personal Auto,Four-Door Car,29
HD99234,Oregon,F,College,10244,0,94,0,Personal Auto,Four-Door Car,451
DE37110,California,M,Master,4646,42532,118,0,Personal Auto,Luxury,201
DJ93289,California,F,High School or Below,4887,66707,61,0,Personal Auto,Two-Door Car,72
AC40767,Washington,M,Bachelor,2498,68041,64,0,Personal Auto,Two-Door Car,166
GA79817,Arizona,M,Bachelor,2369,0,65,0,Corporate Auto,Four-Door Car,468
QH62059,California,M,Bachelor,4491,0,64,1,Personal Auto,Four-Door Car,307
ZS35053,Arizona,M,High School or Below,3719,40968,97,1,Personal Auto,Four-Door Car,466
II37804,Nevada,M,Bachelor,4198,39913,106,0,Personal Auto,SUV,345
GE63585,California,M,Bachelor,2421,31710,62,0,Corporate Auto,Two-Door Car,200
UV86903,California,F,Bachelor,4463,0,73,3,Personal Auto,Two-Door Car,350
JL71713,California,F,Bachelor,6292,89113,78,0,Personal Auto,Four-Door Car,219
DO60145,Arizona,M,College,4270,0,122,0,Personal Auto,SUV,726
FC59209,California,F,Bachelor,2461,0,67,0,Personal Auto,Four-Door Car,322
XQ74827,Arizona,F,High School or Below,19436,38688,249,0,Special Auto,Luxury,2295
EY13576,Oregon,F,College,7374,0,110,4,Personal Auto,SUV,528
US82810,California,F,Bachelor,18270,0,127,0,Corporate Auto,SUV,610
RC61383,Oregon,M,High School or Below,11926,28014,104,0,Personal Auto,SUV,632
PO80505,Nevada,F,College,4223,14170,109,0,Personal Auto,SUV,523
MD17521,Oregon,M,High School or Below,10298,64825,129,0,Personal Auto,SUV,359
YV93921,California,M,Bachelor,5230,77357,67,0,Personal Auto,Four-Door Car,30
JP64518,Nevada,M,Bachelor,2403,21629,62,0,Corporate Auto,Two-Door Car,299
OI98135,Washington,M,High School or Below,3934,25927,103,0,Personal Auto,SUV,675
XS97845,Oregon,M,College,4300,44388,113,1,Personal Auto,Four-Door Car,497
DL20327,Oregon,F,College,7636,54539,63,0,Personal Auto,Four-Door Car,287
GD86131,California,F,College,2722,17576,71,0,Corporate Auto,Four-Door Car,399
ID21061,Arizona,F,Master,7292,84629,90,0,Personal Auto,Four-Door Car,412
EN65835,Arizona,F,Bachelor,58754,24964,185,0,Personal Auto,SUV,888
BE65350,Oregon,F,High School or Below,5261,43573,66,0,Personal Auto,Two-Door Car,410
GI82721,Arizona,F,College,16938,0,69,0,Corporate Auto,Four-Door Car,341
YR84813,Oregon,M,College,10576,0,105,0,Special Auto,Four-Door Car,756
JZ28301,Oregon,F,College,5552,35011,70,0,Personal Auto,Four-Door Car,216
HL40930,Oregon,M,Bachelor,7150,63651,92,0,Personal Auto,Four-Door Car,225
HL33607,Washington,M,College,8717,83846,74,3,Personal Auto,Four-Door Car,355
WU21638,California,M,Bachelor,6848,0,191,0,Personal Auto,Luxury,1317
AG32304,Nevada,F,College,5419,39133,67,0,Personal Auto,Four-Door Car,91
JX26859,California,M,Doctor,3528,31278,92,4,Personal Auto,Two-Door Car,442
KC75958,California,F,High School or Below,16468,0,63,0,Personal Auto,Four-Door Car,685
ZV32968,Oregon,M,High School or Below,7285,44788,61,0,Personal Auto,Four-Door Car,386
GU45597,Oregon,F,Bachelor,16964,0,117,0,Corporate Auto,SUV,562
SO95845,California,F,College,5808,62447,74,0,Personal Auto,Two-Door Car,134
GL32197,Oregon,M,College,5068,31475,64,1,Personal Auto,Four-Door Car,23
SC11374,Nevada,F,College,8798,80780,109,0,Corporate Auto,SUV,4
RT29777,Oregon,F,Bachelor,4440,88613,111,0,Personal Auto,SUV,359
OB73235,California,M,College,2404,45949,62,0,Corporate Auto,Two-Door Car,111
MV41462,Arizona,F,Bachelor,5067,35596,64,0,Personal Auto,Two-Door Car,307
FM67585,California,M,High School or Below,5891,76875,73,0,Personal Auto,Four-Door Car,17
KG57925,California,M,Bachelor,2410,41842,61,0,Corporate Auto,Two-Door Car,293
IY24560,California,M,Bachelor,5288,28884,72,1,Corporate Auto,Four-Door Car,518
BV33510,Arizona,F,High School or Below,26414,24631,83,1,Personal Auto,Four-Door Car,398
XA77673,Nevada,F,College,16236,0,74,2,Personal Auto,Four-Door Car,681
XN90861,Arizona,F,Bachelor,5535,71560,69,0,Personal Auto,Two-Door Car,179
WS84995,Nevada,M,Master,9203,0,80,0,Personal Auto,Four-Door Car,384
ZZ49347,Oregon,M,High School or Below,2592,72421,65,0,Personal Auto,Four-Door Car,312
XX85323,Arizona,F,Master,8020,54702,199,0,Personal Auto,SUV,955
JO64487,California,F,High School or Below,6944,0,76,5,Special Auto,Four-Door Car,547
TO55363,Oregon,F,High School or Below,13368,57335,67,0,Personal Auto,Two-Door Car,408
UE67791,Arizona,M,College,5885,0,67,3,Personal Auto,Two-Door Car,482
JN69287,California,M,High School or Below,3480,35033,87,0,Personal Auto,Two-Door Car,491
AT55072,Arizona,M,College,9104,65733,113,0,Personal Auto,Four-Door Car,685
LV34368,California,M,Bachelor,4813,0,69,0,Special Auto,Four-Door Car,473
QU40939,Arizona,F,College,9576,0,88,0,Personal Auto,Four-Door Car,634
IP94270,Arizona,F,Master,13736,16181,181,0,Personal Auto,SUV,1261
KW33804,Nevada,M,High School or Below,8091,86180,69,4,Personal Auto,Four-Door Car,48
IA42992,Arizona,M,High School or Below,8267,36881,104,0,Special Auto,SUV,499
CZ19025,Oregon,F,High School or Below,2489,47888,64,1,Personal Auto,Four-Door Car,545
EN54716,Oregon,F,Doctor,2396,21986,63,0,Personal Auto,Two-Door Car,334
UF27940,Washington,F,College,3863,47199,100,3,Corporate Auto,SUV,480
QD36118,Oregon,F,College,5173,0,69,0,Personal Auto,Four-Door Car,331
XI52305,California,M,Bachelor,4985,86305,62,0,Personal Auto,Four-Door Car,81
HZ25580,Washington,F,High School or Below,2396,39062,61,0,Corporate Auto,Two-Door Car,347
JY97451,California,F,College,2632,16976,69,0,Personal Auto,Four-Door Car,239
US78266,California,F,High School or Below,6994,0,65,2,Corporate Auto,Four-Door Car,468
SX25962,Arizona,M,College,15056,83283,193,1,Personal Auto,Luxury,274
XQ12791,California,M,High School or Below,3402,41972,86,0,Personal Auto,Four-Door Car,692
EU59853,California,M,College,4127,34080,107,1,Personal Auto,Four-Door Car,221
QR21417,California,F,Bachelor,4463,0,73,3,Corporate Auto,Two-Door Car,350
CI27304,California,M,College,9320,40269,81,2,Personal Auto,Four-Door Car,330
WJ52097,Oregon,F,Bachelor,3664,61894,91,0,Corporate Auto,Four-Door Car,437
FT65961,California,F,College,4962,23300,63,1,Corporate Auto,Four-Door Car,340
DP87594,Oregon,F,Bachelor,2817,66023,70,0,Personal Auto,Two-Door Car,266
KP96020,Arizona,F,Bachelor,4331,39660,107,0,Corporate Auto,Luxury,417
HQ15974,Nevada,F,College,8263,0,76,1,Personal Auto,Four-Door Car,33
VE98553,Oregon,M,Bachelor,4667,60466,117,0,Personal Auto,Four-Door Car,784
ME44353,Oregon,F,College,5876,32848,74,0,Personal Auto,Four-Door Car,250
AE62631,Oregon,M,Bachelor,8428,20662,72,0,Personal Auto,Two-Door Car,373
GX29162,Arizona,F,High School or Below,13024,64985,108,0,Personal Auto,Two-Door Car,16
LY69932,Oregon,M,High School or Below,8210,68022,103,0,Personal Auto,Luxury,494
YY74036,California,M,College,2464,72834,65,3,Corporate Auto,Four-Door Car,92
DP92488,Washington,F,Doctor,2728,74592,67,0,Personal Auto,Two-Door Car,322
FO74055,California,F,College,3086,73938,76,0,Personal Auto,Two-Door Car,53
GT97121,California,M,College,22068,15999,83,0,Personal Auto,Four-Door Car,398
VF83291,Oregon,F,College,4836,0,69,0,Personal Auto,Four-Door Car,632
OU76593,Oregon,M,College,6912,0,96,0,Personal Auto,Four-Door Car,461
HO40387,California,M,Master,2571,0,72,3,Personal Auto,Two-Door Car,346
GR37045,Nevada,F,Bachelor,2992,0,80,0,Corporate Auto,Four-Door Car,576
KZ84621,Nevada,F,High School or Below,8253,62375,103,1,Personal Auto,SUV,411
FR82361,Arizona,M,Doctor,10478,61427,88,0,Personal Auto,Four-Door Car,422
UM14883,California,M,High School or Below,16374,64396,103,0,Special Auto,SUV,355
UX32931,California,F,College,5185,49312,65,1,Corporate Auto,Four-Door Car,230
QA68548,California,F,High School or Below,10635,0,61,0,Personal Auto,Two-Door Car,293
QV40364,California,F,High School or Below,15114,28513,100,1,Personal Auto,SUV,480
TY87896,California,M,High School or Below,11876,0,108,0,Personal Auto,SUV,518
CV75841,California,M,College,4369,97321,110,0,Personal Auto,Four-Door Car,75
YO62357,California,F,College,7433,58839,65,3,Personal Auto,Two-Door Car,19
YN19139,Nevada,M,High School or Below,2559,0,72,0,Corporate Auto,Four-Door Car,518
PE63707,Nevada,M,Bachelor,5452,88567,67,0,Personal Auto,Four-Door Car,322
NS74173,Nevada,M,College,2968,91646,74,0,Corporate Auto,Two-Door Car,58
ZI73222,California,M,High School or Below,15700,0,211,0,Personal Auto,Luxury,1013
AC24378,Arizona,F,High School or Below,7477,48552,94,0,Corporate Auto,Four-Door Car,263
XR71687,Oregon,M,Bachelor,9407,31485,118,0,Personal Auto,SUV,295
GJ70481,Arizona,M,High School or Below,4428,0,64,0,Personal Auto,Four-Door Car,629
JI94264,Arizona,M,College,10054,16511,135,0,Personal Auto,SUV,972
YI95434,California,F,College,2908,51020,73,0,Personal Auto,Four-Door Car,350
RL34830,California,M,College,7645,43838,97,0,Corporate Auto,Four-Door Car,466
CA96568,Oregon,M,College,9710,0,133,0,Corporate Auto,SUV,827
UO16539,Washington,M,Bachelor,8440,22454,110,2,Personal Auto,SUV,556
NP18074,Arizona,F,Bachelor,4210,57933,105,0,Personal Auto,SUV,533
TW45475,Nevada,M,College,8556,0,124,3,Personal Auto,SUV,595
CM66204,Arizona,F,College,26770,26335,113,1,Personal Auto,SUV,356
DX80961,Arizona,F,Bachelor,16266,85322,134,0,Personal Auto,SUV,735
JZ15681,California,M,High School or Below,3625,37843,92,0,Personal Auto,Four-Door Car,354
ZZ31825,Oregon,M,Bachelor,2520,0,67,0,Personal Auto,Four-Door Car,482
TF77410,Arizona,M,College,4819,74730,61,0,Personal Auto,Four-Door Car,421
HI16452,Oregon,M,High School or Below,3029,0,94,1,Special Auto,Four-Door Car,484
CW98845,Oregon,M,Bachelor,2317,0,64,0,Personal Auto,Four-Door Car,307
NI99807,Oregon,M,College,13870,28432,118,0,Personal Auto,SUV,612
QL45827,Washington,F,College,25807,71210,214,1,Personal Auto,Luxury,1027
GU60969,Arizona,M,Bachelor,2342,19581,67,0,Corporate Auto,Four-Door Car,322
FS67103,Oregon,M,Bachelor,2748,0,80,0,Special Auto,Two-Door Car,576
FQ24929,Oregon,M,Master,5480,56005,68,1,Personal Auto,Four-Door Car,326
YA12007,California,F,College,9200,0,80,0,Personal Auto,Four-Door Car,573
EW46828,Arizona,M,High School or Below,8060,23671,69,0,Personal Auto,Four-Door Car,331
YP67379,Arizona,M,High School or Below,6686,22244,84,0,Personal Auto,Four-Door Car,115
KH16079,Washington,F,High School or Below,4710,0,66,0,Personal Auto,Four-Door Car,471
SJ87277,Arizona,M,High School or Below,2685,75329,67,0,Corporate Auto,Four-Door Car,46
DW14769,Arizona,F,High School or Below,3921,0,108,1,Personal Auto,Two-Door Car,525
CN13435,California,F,College,5494,44369,68,0,Personal Auto,Four-Door Car,185
KO95143,California,M,High School or Below,8522,37910,108,0,Personal Auto,Four-Door Car,518
GT66241,California,M,High School or Below,2414,0,71,0,Personal Auto,Four-Door Car,511
PP97061,Nevada,F,College,4283,40864,109,1,Personal Auto,SUV,167
KP97208,Oregon,F,College,5918,94846,73,0,Corporate Auto,Two-Door Car,305
SB24397,California,M,High School or Below,7519,96306,95,1,Personal Auto,Four-Door Car,185
EM32982,Arizona,F,Doctor,4472,53519,111,0,Corporate Auto,SUV,520
LB97434,Arizona,M,Bachelor,5532,50648,69,1,Personal Auto,Two-Door Car,331
RR37715,Oregon,M,Bachelor,8435,64692,70,0,Corporate Auto,Two-Door Car,336
TC81636,Arizona,M,High School or Below,10196,0,100,0,Corporate Auto,SUV,720
IC55961,Arizona,F,High School or Below,20553,0,187,1,Corporate Auto,Luxury,1430
HR48520,Oregon,M,Bachelor,3916,0,109,0,Personal Auto,SUV,785
VI42566,Oregon,M,Master,6011,49311,74,0,Personal Auto,Four-Door Car,355
NU84299,Arizona,M,High School or Below,2854,71126,71,0,Personal Auto,Four-Door Car,325
RT63209,California,F,Master,5994,74284,74,0,Personal Auto,Four-Door Car,268
AM52614,Oregon,F,Bachelor,4477,41402,119,4,Personal Auto,Luxury,571
UO40192,Nevada,M,High School or Below,5545,79619,71,3,Personal Auto,Four-Door Car,281
SD67101,Nevada,F,High School or Below,3601,25147,101,0,Personal Auto,SUV,695
EW35231,Oregon,F,High School or Below,9935,56379,125,1,Corporate Auto,SUV,600
CT18212,California,F,Bachelor,6875,0,96,0,Personal Auto,Four-Door Car,691
YL91587,Arizona,M,High School or Below,2374,48911,61,0,Personal Auto,Two-Door Car,293
HS14476,Washington,M,College,9162,29723,80,0,Personal Auto,Four-Door Car,21
DA28072,Arizona,F,Master,7380,21841,91,0,Corporate Auto,Four-Door Car,437
JO98946,Oregon,M,Bachelor,2656,31796,68,0,Personal Auto,Four-Door Car,377
BA26944,Nevada,M,Bachelor,7591,0,105,0,Corporate Auto,SUV,504
AR47849,Nevada,F,Bachelor,5015,48567,130,0,Personal Auto,SUV,624
FO82261,Oregon,M,College,4604,66161,118,0,Personal Auto,SUV,458
QO56662,Arizona,M,Master,2551,79751,63,0,Personal Auto,Two-Door Car,392
UF74084,Arizona,M,Bachelor,5641,39469,71,0,Personal Auto,Two-Door Car,316
OX75108,Arizona,F,Master,5464,44305,67,0,Personal Auto,Four-Door Car,215
QG25195,Oregon,F,Bachelor,4867,0,68,0,Personal Auto,Four-Door Car,444
HT50748,Oregon,F,Doctor,2780,38893,69,0,Personal Auto,Two-Door Car,280
HC42288,California,F,College,4563,39187,118,1,Corporate Auto,SUV,566
TC69546,Arizona,M,College,14377,70341,179,0,Personal Auto,SUV,254
GJ63345,Arizona,F,Bachelor,2280,0,64,0,Personal Auto,Four-Door Car,461
RK45396,California,M,Bachelor,5380,0,73,0,Corporate Auto,Four-Door Car,350
YA71207,California,F,High School or Below,8708,30090,73,0,Corporate Auto,Two-Door Car,330
FK95213,California,F,Master,18611,49673,232,0,Personal Auto,Luxury,1022
MC53402,Washington,M,College,2216,0,66,0,Personal Auto,Two-Door Car,390
VU18023,California,F,High School or Below,7781,0,70,0,Personal Auto,Four-Door Car,504
VN37592,Arizona,M,High School or Below,2861,50332,72,0,Personal Auto,Four-Door Car,346
KL58949,California,M,Bachelor,5578,70190,71,0,Corporate Auto,Two-Door Car,15
KU14261,Arizona,F,Master,7268,38179,90,1,Personal Auto,Four-Door Car,375
RL97327,Washington,M,Bachelor,4061,0,115,1,Personal Auto,Four-Door Car,700
TO60700,Washington,F,Bachelor,7813,25859,74,0,Special Auto,Four-Door Car,355
CR33417,Washington,F,Master,4762,36529,118,0,Personal Auto,SUV,255
ZK90062,Arizona,M,Bachelor,14166,67588,118,0,Personal Auto,Luxury,566
JP44710,Nevada,M,High School or Below,4354,0,121,0,Personal Auto,SUV,871
RR93140,California,F,College,2880,81565,71,0,Personal Auto,Four-Door Car,191
HW56522,Arizona,M,Bachelor,19185,35322,244,0,Personal Auto,Luxury,77
LR27773,California,F,Bachelor,5329,43671,67,0,Corporate Auto,Four-Door Car,191
CT88432,Arizona,F,Bachelor,4884,58682,61,0,Corporate Auto,Four-Door Car,207
OK86731,Oregon,M,College,4510,44230,114,0,Personal Auto,Luxury,738
GB75821,Oregon,M,Bachelor,15305,40269,193,0,Personal Auto,Luxury,926
KL48832,Nevada,F,College,5238,31756,66,0,Corporate Auto,Four-Door Car,161
CA54112,Nevada,M,Doctor,15120,47725,63,0,Personal Auto,Two-Door Car,142
VC43751,Arizona,F,Bachelor,5860,38684,74,0,Personal Auto,Two-Door Car,377
BC87551,California,F,High School or Below,32306,36301,118,0,Corporate Auto,SUV,648
TD58354,Nevada,M,High School or Below,4655,0,67,0,Personal Auto,Four-Door Car,482
XM19715,Oregon,F,College,5327,22268,67,0,Personal Auto,Two-Door Car,295
KH19280,Arizona,F,College,6514,50037,81,0,Special Auto,Four-Door Car,303
GE50763,Washington,M,Bachelor,3492,0,104,0,Corporate Auto,Four-Door Car,749
VW63894,California,M,Master,7870,75740,98,0,Personal Auto,Four-Door Car,47
YX36936,Arizona,M,College,4275,39621,109,1,Corporate Auto,SUV,25
AF49625,Oregon,F,Bachelor,7189,75838,90,0,Corporate Auto,Two-Door Car,429
QN30162,Oregon,F,Bachelor,11315,11885,101,0,Special Auto,Four-Door Car,485
UI21548,California,F,High School or Below,2481,29444,63,0,Personal Auto,Two-Door Car,302
IN52645,Oregon,F,High School or Below,7345,64371,181,0,Personal Auto,SUV,869
CQ76030,Oregon,M,High School or Below,6975,26514,91,0,Personal Auto,Four-Door Car,655
BW94308,Washington,F,High School or Below,20097,92766,71,0,Personal Auto,Two-Door Car,379
PP39078,California,F,College,5624,31504,71,0,Special Auto,Four-Door Car,341
LM86393,Oregon,F,High School or Below,2828,98680,72,2,Personal Auto,Four-Door Car,346
NB81923,Washington,F,College,7294,0,113,2,Personal Auto,Luxury,734
SZ61347,California,M,College,5584,76927,138,0,Personal Auto,SUV,115
VM53683,Nevada,F,Bachelor,25763,78804,71,0,Personal Auto,Four-Door Car,390
BA38428,Arizona,M,High School or Below,5640,73168,70,0,Corporate Auto,Four-Door Car,426
FX80133,California,F,Master,4577,48569,114,0,Personal Auto,Four-Door Car,435
MT41386,Washington,M,Bachelor,2875,84768,72,0,Personal Auto,Two-Door Car,110
KV53202,California,F,High School or Below,3031,0,86,0,Corporate Auto,Two-Door Car,619
DB79694,Arizona,F,High School or Below,5980,57693,76,0,Corporate Auto,Four-Door Car,547
VY75186,California,M,College,2242,0,65,0,Personal Auto,Four-Door Car,86
IR57729,California,M,High School or Below,16548,46593,70,0,Corporate Auto,Two-Door Car,129
FG16885,Arizona,M,College,15815,0,146,0,Personal Auto,SUV,1055
NW21079,Washington,F,Master,4879,67163,61,2,Personal Auto,Two-Door Car,33
FR81224,Oregon,M,Master,5495,89205,68,0,Personal Auto,Two-Door Car,166
YK92213,Oregon,M,Doctor,5060,0,138,0,Personal Auto,Luxury,571
JV99867,California,F,Bachelor,11269,65448,94,0,Special Auto,Four-Door Car,451
TN66124,California,M,High School or Below,10553,77627,88,0,Corporate Auto,Two-Door Car,205
NT78297,Oregon,F,Bachelor,7517,37695,96,0,Personal Auto,Two-Door Car,461
KG49115,California,F,College,6298,89411,78,0,Personal Auto,Four-Door Car,116
WC77067,Nevada,M,College,7822,0,114,0,Corporate Auto,SUV,914
DW62397,Oregon,F,Master,22806,10337,67,0,Personal Auto,Four-Door Car,322
GK67747,Washington,M,College,4386,10621,67,0,Special Auto,Four-Door Car,322
QM39493,California,M,High School or Below,3500,16711,91,1,Personal Auto,Four-Door Car,581
JD11661,Oregon,F,College,7528,0,106,0,Personal Auto,SUV,509
PT73521,California,M,College,2733,42968,69,0,Personal Auto,Four-Door Car,331
TC99043,California,F,Master,13736,16181,181,0,Personal Auto,SUV,1261
PY50779,Arizona,M,High School or Below,7060,85412,88,0,Personal Auto,Four-Door Car,135
FK97285,California,F,High School or Below,3732,75774,92,1,Corporate Auto,Four-Door Car,442
JG12505,Nevada,F,Master,4064,26599,101,0,Personal Auto,SUV,254
FX65946,Arizona,M,Bachelor,5755,34847,73,0,Personal Auto,Four-Door Car,526
OU88023,California,F,High School or Below,8461,0,115,0,Personal Auto,SUV,552
XN32623,Oregon,M,Bachelor,5638,85896,70,0,Personal Auto,Four-Door Car,49
EV78251,Oregon,F,Doctor,7164,0,66,0,Personal Auto,Two-Door Car,317
HC80108,California,F,College,2804,43775,70,0,Personal Auto,Four-Door Car,311
LG45661,Nevada,F,High School or Below,20940,0,67,0,Personal Auto,Four-Door Car,482
ZJ22132,Oregon,F,High School or Below,3131,42056,78,0,Personal Auto,Four-Door Car,222
LG53863,Oregon,F,High School or Below,3742,13093,100,0,Personal Auto,SUV,515
KR87696,California,F,College,3439,98278,85,0,Personal Auto,Four-Door Car,368
LN44535,Washington,F,College,7284,44605,91,0,Personal Auto,Four-Door Car,437
FU63281,Arizona,M,Bachelor,5279,32365,67,0,Personal Auto,Four-Door Car,193
KV17007,California,M,College,5680,82255,71,0,Personal Auto,Four-Door Car,145
GR42174,Oregon,M,College,2195,0,62,0,Personal Auto,Four-Door Car,624
SR71812,California,F,High School or Below,6473,0,88,0,Personal Auto,Four-Door Car,468
CA29908,Oregon,M,High School or Below,18522,65903,66,0,Personal Auto,Four-Door Car,317
OB98149,Washington,F,College,4700,11417,63,0,Personal Auto,Two-Door Car,302
FX30915,Arizona,F,High School or Below,21296,0,96,0,Corporate Auto,Two-Door Car,678
OC39051,California,M,College,6159,0,67,2,Personal Auto,Four-Door Car,322
LW80918,Oregon,M,Doctor,8654,69704,72,0,Personal Auto,Two-Door Car,90
EC94366,Oregon,M,Doctor,3776,20101,96,0,Corporate Auto,Four-Door Car,292
PI92163,Nevada,M,Bachelor,4897,24383,69,2,Corporate Auto,Four-Door Car,331
LZ68649,Washington,M,Bachelor,14948,22139,100,0,Personal Auto,SUV,480
IB39821,Arizona,M,Bachelor,9011,88708,112,0,Personal Auto,Luxury,500
WI75766,Arizona,F,High School or Below,10083,11828,90,0,Personal Auto,Four-Door Car,571
DR27120,Washington,F,Bachelor,2939,0,80,1,Corporate Auto,Two-Door Car,384
UQ67668,Nevada,M,High School or Below,5640,73168,70,0,Personal Auto,Four-Door Car,426
PR64751,Nevada,M,Bachelor,2606,0,71,0,Corporate Auto,Two-Door Car,409
CL79250,Nevada,M,Bachelor,52811,0,182,0,Corporate Auto,Luxury,874
ZR72236,Nevada,M,Master,5226,76646,65,0,Personal Auto,Two-Door Car,264
SG52649,Washington,M,High School or Below,8383,19683,117,1,Corporate Auto,Luxury,562
SG96896,Oregon,M,High School or Below,14703,0,71,1,Personal Auto,Four-Door Car,820
QJ50723,Oregon,F,Master,18948,0,124,0,Personal Auto,SUV,595
NU64028,Nevada,M,Bachelor,12266,35693,103,0,Personal Auto,Luxury,494
PM63319,Washington,F,College,4530,0,65,0,Personal Auto,Four-Door Car,438
YG46815,Arizona,M,High School or Below,9220,0,136,0,Personal Auto,SUV,979
XF94149,California,M,College,4088,24123,104,0,Personal Auto,SUV,749
ME99882,Arizona,M,Bachelor,9248,85654,116,0,Personal Auto,Two-Door Car,346
YZ67161,Oregon,M,Master,13024,0,125,0,Personal Auto,SUV,900
WA45944,Arizona,F,College,25807,71210,214,1,Corporate Auto,Luxury,1027
UM53032,California,M,College,6105,84822,76,0,Corporate Auto,Four-Door Car,220
LW43115,California,F,Master,2725,36650,69,1,Personal Auto,Four-Door Car,57
YK93229,Oregon,M,High School or Below,3261,0,90,0,Personal Auto,Two-Door Car,432
FH65253,Oregon,M,High School or Below,23740,28025,87,0,Personal Auto,Four-Door Car,611
IH43245,Nevada,M,College,7600,52113,97,0,Corporate Auto,Four-Door Car,466
TO20795,Washington,M,Doctor,32468,37675,104,0,Corporate Auto,Four-Door Car,732
TO14996,Oregon,M,High School or Below,5634,37595,70,0,Personal Auto,Four-Door Car,502
XN34686,Oregon,M,High School or Below,5640,41396,70,0,Special Auto,Four-Door Car,336
KA13067,Oregon,M,High School or Below,8370,77512,104,0,Corporate Auto,SUV,434
LQ76461,Oregon,F,High School or Below,5170,35334,65,0,Personal Auto,Four-Door Car,468
BH60627,Oregon,M,College,7521,0,104,0,Personal Auto,Four-Door Car,499
CD48033,Oregon,M,Doctor,12732,40870,105,0,Personal Auto,SUV,504
AC58002,California,F,Bachelor,5667,53907,71,0,Corporate Auto,Four-Door Car,190
VM21699,Oregon,F,Bachelor,4437,77609,111,0,Corporate Auto,Luxury,63
YM24654,Washington,F,High School or Below,17966,0,70,0,Personal Auto,Four-Door Car,504
RR66500,California,M,Master,2436,87462,61,1,Corporate Auto,Four-Door Car,51
GJ31412,Oregon,M,Bachelor,6651,99494,83,0,Personal Auto,Four-Door Car,398
WO64354,California,F,Bachelor,2751,42585,69,0,Personal Auto,Two-Door Car,288
UG37492,California,M,College,4363,58842,110,0,Personal Auto,Four-Door Car,528
PR51268,Arizona,F,Doctor,4014,37384,99,0,Personal Auto,Four-Door Car,475
NJ10602,Washington,F,College,8459,92717,70,0,Personal Auto,Two-Door Car,224
OP60201,Oregon,M,College,2203,0,72,2,Personal Auto,Four-Door Car,519
QK69627,Washington,F,High School or Below,9388,75264,78,0,Personal Auto,Four-Door Car,343
DP63956,Arizona,F,Bachelor,6791,0,101,1,Corporate Auto,SUV,727
MV89967,Oregon,F,College,23142,0,105,0,Personal Auto,Four-Door Car,565
MQ37971,Arizona,F,Bachelor,3038,31532,79,0,Personal Auto,Four-Door Car,241
CO12132,California,F,High School or Below,8880,52583,113,0,Personal Auto,SUV,528
UG19550,California,M,High School or Below,21590,62477,183,0,Personal Auto,Luxury,40
SQ18525,Arizona,F,College,8457,26023,72,1,Personal Auto,Four-Door Car,79
VG11458,California,M,Bachelor,4771,28666,64,0,Personal Auto,Four-Door Car,307
TG75223,California,M,Bachelor,4313,21004,62,0,Personal Auto,Two-Door Car,298
WW85018,Washington,M,Bachelor,6294,45430,81,0,Personal Auto,Two-Door Car,389
MY11682,California,M,Bachelor,7098,37511,185,2,Personal Auto,Luxury,579
NI49607,Oregon,F,College,4396,28719,110,0,Personal Auto,SUV,792
NX18821,Oregon,M,Master,5565,49833,69,0,Personal Auto,Four-Door Car,331
JZ63423,Arizona,M,College,5321,67431,136,1,Personal Auto,SUV,653
DG30586,Oregon,F,Bachelor,2867,23376,78,0,Personal Auto,Four-Door Car,374
QS79556,Arizona,F,College,9414,20455,84,2,Corporate Auto,Two-Door Car,565
SW74846,Washington,F,Bachelor,7414,62473,185,0,Personal Auto,Luxury,1299
FZ24763,California,M,Bachelor,5078,35289,65,0,Personal Auto,Four-Door Car,124
TW73441,Nevada,F,High School or Below,2773,73478,68,0,Personal Auto,Four-Door Car,242
FP60372,Nevada,M,Bachelor,8073,30584,68,0,Personal Auto,Two-Door Car,52
XS17260,Oregon,M,College,12281,88340,102,0,Personal Auto,Two-Door Car,490
HX77930,Washington,F,College,3136,49532,79,1,Personal Auto,Four-Door Car,220
OP47206,Arizona,M,College,5232,0,154,0,Corporate Auto,Luxury,1141
KI25980,Washington,M,Master,14722,43982,126,1,Personal Auto,SUV,605
SM88270,California,M,High School or Below,30119,68906,187,0,Personal Auto,Luxury,1053
RM83767,Washington,M,College,5971,64008,85,5,Personal Auto,Four-Door Car,373
YE45848,California,F,Bachelor,8026,87421,99,0,Corporate Auto,Two-Door Car,475
QO77034,California,M,Bachelor,3568,0,102,0,Personal Auto,SUV,660
FQ66070,California,M,College,8491,62076,71,0,Personal Auto,Four-Door Car,227
YQ44187,Oregon,F,Bachelor,2545,26746,66,0,Personal Auto,Two-Door Car,166
PW65305,California,M,College,8871,91580,73,0,Personal Auto,Two-Door Car,291
KB44286,Oregon,F,High School or Below,46771,64403,198,0,Corporate Auto,Luxury,111
JV89183,Oregon,M,Bachelor,9379,51425,119,0,Personal Auto,Four-Door Car,560
IS75141,Oregon,F,High School or Below,5646,44162,71,0,Personal Auto,Two-Door Car,161
XO90806,California,F,College,8407,67128,105,0,Personal Auto,SUV,339
QN44699,Oregon,F,Bachelor,4655,30383,119,0,Personal Auto,Two-Door Car,804
BV98316,Arizona,F,Bachelor,6521,93721,80,0,Personal Auto,Four-Door Car,490
JJ66819,Oregon,F,Bachelor,2990,79867,74,1,Personal Auto,Four-Door Car,78
KM72596,Arizona,M,Doctor,32677,39393,121,0,Personal Auto,SUV,491
HX72126,Nevada,F,Bachelor,21113,0,81,0,Personal Auto,Four-Door Car,137
WX48434,Arizona,M,College,4270,0,122,0,Corporate Auto,SUV,726
LW12893,California,F,High School or Below,7912,43916,68,2,Personal Auto,Four-Door Car,326
XO94933,California,F,Bachelor,3944,33282,100,1,Personal Auto,SUV,208
NS92256,Oregon,F,Master,23778,33032,86,1,Personal Auto,Two-Door Car,87
IR62720,Nevada,M,Bachelor,6843,25259,87,0,Personal Auto,Four-Door Car,418
XP81320,Oregon,F,College,2521,19637,67,0,Personal Auto,Four-Door Car,333
CA52541,California,F,College,3808,94903,94,0,Corporate Auto,Two-Door Car,451
IB59831,Oregon,M,College,15513,39794,133,0,Corporate Auto,SUV,638
VO61192,Oregon,M,High School or Below,6752,42433,85,0,Personal Auto,Four-Door Car,411
UV17888,California,F,Bachelor,7405,22044,65,0,Corporate Auto,Four-Door Car,10
WX31658,Arizona,F,Doctor,7218,32312,61,3,Personal Auto,Two-Door Car,277
RQ79244,California,F,College,3363,0,97,0,Personal Auto,Four-Door Car,698
UL90124,Oregon,F,High School or Below,5039,72919,130,5,Personal Auto,SUV,936
PN12718,California,M,Bachelor,8681,0,86,2,Personal Auto,Two-Door Car,541
CN63432,Arizona,F,College,13198,0,68,3,Personal Auto,Four-Door Car,326
WA24038,Oregon,M,Bachelor,4595,76357,117,1,Personal Auto,SUV,4
TR40401,Oregon,M,Doctor,5073,57709,125,0,Personal Auto,SUV,600
UQ73252,Arizona,M,College,4637,26802,66,1,Personal Auto,Two-Door Car,317
LK91880,California,F,College,8376,26448,105,0,Personal Auto,Luxury,75
UA50747,Washington,F,High School or Below,25998,62262,72,0,Corporate Auto,Four-Door Car,194
RV22056,Oregon,F,Bachelor,4971,98784,124,1,Personal Auto,Luxury,155
FW92569,Arizona,M,College,13271,28727,113,0,Corporate Auto,SUV,351
AS26192,Oregon,M,High School or Below,5519,50406,70,0,Corporate Auto,Four-Door Car,132
PX72779,Arizona,M,Master,7942,41832,66,0,Personal Auto,Four-Door Car,403
PZ47901,Arizona,F,Bachelor,5504,0,73,0,Corporate Auto,Four-Door Car,350
LE41874,Nevada,F,High School or Below,5140,0,138,0,Corporate Auto,SUV,901
WT10649,Oregon,M,Bachelor,6583,0,97,0,Personal Auto,Four-Door Car,466
SP80065,California,F,High School or Below,7899,40032,99,0,Special Auto,Four-Door Car,475
WW37525,California,M,High School or Below,7659,95701,98,3,Personal Auto,Four-Door Car,100
MF15503,Nevada,M,Bachelor,7056,0,108,1,Special Auto,Two-Door Car,778
GJ52970,California,M,High School or Below,7239,0,66,1,Personal Auto,Four-Door Car,394
GX84338,Washington,F,Doctor,3824,62530,95,0,Personal Auto,Four-Door Car,62
QL54532,California,M,Master,3870,0,106,0,Personal Auto,SUV,509
WY43888,Washington,M,High School or Below,16525,24414,104,0,Personal Auto,SUV,499
TN51356,Oregon,M,Bachelor,2451,82695,62,0,Personal Auto,Four-Door Car,218
QJ21876,California,F,College,5667,48156,143,0,Personal Auto,SUV,686
MM49431,Washington,M,Bachelor,7299,74069,63,2,Personal Auto,Two-Door Car,276
DY38083,California,M,Bachelor,8838,82664,114,3,Personal Auto,SUV,133
KZ95954,Arizona,M,High School or Below,5376,0,80,1,Personal Auto,Four-Door Car,749
DC70690,Arizona,F,College,5598,51737,71,0,Personal Auto,Four-Door Car,430
QI31659,California,F,Bachelor,16953,76797,71,0,Personal Auto,Four-Door Car,235
JU72142,Oregon,M,Bachelor,14003,61225,117,0,Personal Auto,SUV,442
QS26062,California,M,High School or Below,2807,80915,70,0,Corporate Auto,Four-Door Car,188
LF61343,California,M,High School or Below,10529,12688,140,0,Personal Auto,SUV,672
YK23193,Nevada,M,Bachelor,6057,27681,83,0,Personal Auto,Two-Door Car,398
ID40186,Oregon,F,Bachelor,12905,27778,109,0,Personal Auto,Four-Door Car,523
AS17174,Oregon,M,High School or Below,2472,95697,61,0,Personal Auto,Two-Door Car,114
IQ95180,Oregon,M,Bachelor,5651,44634,71,1,Personal Auto,Four-Door Car,396
RS59102,California,M,College,12886,37050,110,1,Personal Auto,Luxury,528
OI83286,Oregon,F,College,5551,56872,69,0,Personal Auto,Two-Door Car,193
XH93021,Nevada,M,High School or Below,5439,0,82,0,Personal Auto,Four-Door Car,590
QJ22057,Nevada,F,College,4454,0,68,1,Personal Auto,Four-Door Car,326
NR49426,Nevada,M,College,5196,69488,68,3,Personal Auto,Four-Door Car,326
BM39234,Oregon,M,High School or Below,4551,0,62,0,Personal Auto,Two-Door Car,446
MJ95558,California,M,Bachelor,16570,23589,211,0,Special Auto,Luxury,1013
WC21120,California,F,College,8002,0,107,0,Personal Auto,SUV,514
EU81458,Oregon,F,Doctor,2744,95782,68,1,Personal Auto,Four-Door Car,248
JO32686,Arizona,F,Bachelor,8139,24992,106,0,Personal Auto,SUV,509
YY27420,Arizona,M,Bachelor,10508,20043,92,0,Personal Auto,Four-Door Car,516
SX22647,California,M,College,7218,0,104,0,Personal Auto,SUV,749
HT31871,Arizona,M,High School or Below,4861,36305,61,0,Personal Auto,Four-Door Car,293
ZB81881,California,M,Bachelor,5786,44784,73,0,Personal Auto,Two-Door Car,395
XY91562,Oregon,F,College,7708,0,113,0,Personal Auto,Four-Door Car,542
CQ72935,Arizona,M,Bachelor,4975,75644,65,3,Personal Auto,Two-Door Car,468
XR36002,California,F,High School or Below,10627,27339,97,2,Personal Auto,Two-Door Car,45
RW70500,Oregon,F,Master,7997,43657,66,0,Personal Auto,Two-Door Car,317
VK53354,Washington,M,Bachelor,27946,0,95,0,Special Auto,Two-Door Car,684
OI77877,Oregon,M,High School or Below,7498,31134,96,0,Personal Auto,Four-Door Car,667
EH13261,California,M,Master,2637,50512,67,0,Personal Auto,Four-Door Car,351
GW14698,Arizona,F,College,4882,80604,61,0,Corporate Auto,Four-Door Car,256
PO56357,California,F,High School or Below,5364,64604,67,1,Personal Auto,Four-Door Car,272
IC47914,California,M,College,3548,0,103,0,Corporate Auto,Four-Door Car,742
IK12576,Oregon,F,Bachelor,4234,95647,106,0,Personal Auto,Two-Door Car,509
NC68853,Oregon,M,High School or Below,11294,0,104,0,Personal Auto,SUV,499
TG40558,Oregon,M,High School or Below,7259,60969,61,0,Corporate Auto,Four-Door Car,146
NB40107,Arizona,M,High School or Below,2695,0,76,0,Corporate Auto,Four-Door Car,547
XD86462,Oregon,M,College,6063,20676,79,0,Personal Auto,Four-Door Car,379
HA45220,California,F,High School or Below,5258,37874,65,0,Corporate Auto,Four-Door Car,41
OT24208,California,M,Bachelor,12390,14382,66,0,Personal Auto,Four-Door Car,317
LM93586,Arizona,M,High School or Below,3678,32314,92,0,Personal Auto,Four-Door Car,662
CA70404,California,M,High School or Below,6105,62455,77,1,Personal Auto,Two-Door Car,338
UY94269,Oregon,F,Master,2991,35605,74,0,Personal Auto,Two-Door Car,355
FM59265,Washington,F,Bachelor,8035,0,103,0,Personal Auto,SUV,742
TZ51184,Arizona,M,College,9779,0,137,0,Corporate Auto,SUV,986
BZ85280,Oregon,M,College,7284,10334,64,0,Personal Auto,Four-Door Car,297
BL93527,Arizona,M,High School or Below,2728,44025,69,0,Personal Auto,Two-Door Car,331
FL77069,California,F,Bachelor,7519,32397,190,0,Corporate Auto,Luxury,335
HX31231,Arizona,F,Bachelor,8184,24345,106,0,Corporate Auto,Four-Door Car,638
OO11998,Oregon,M,Master,4584,94804,115,4,Personal Auto,SUV,765
CW12066,Oregon,F,College,11639,25370,102,0,Corporate Auto,Luxury,490
GD17919,Arizona,F,College,14456,0,78,0,Special Auto,Four-Door Car,562
HA40978,California,M,College,8478,53234,109,0,Personal Auto,Four-Door Car,1213
DO80363,Arizona,M,High School or Below,3923,0,108,0,Personal Auto,Four-Door Car,913
UH79890,Oregon,M,High School or Below,5202,0,70,0,Personal Auto,Four-Door Car,336
HA82735,Arizona,F,Bachelor,3858,0,121,2,Personal Auto,SUV,1032
DQ71306,Oregon,M,High School or Below,3650,19013,95,0,Corporate Auto,Four-Door Car,456
GN64199,Oregon,F,Doctor,2652,0,73,0,Personal Auto,Four-Door Car,491
OU78642,Arizona,F,Master,7584,81568,186,0,Personal Auto,Luxury,737
PR59105,Oregon,F,High School or Below,8535,53223,72,0,Personal Auto,Four-Door Car,300
TM94572,Arizona,M,Bachelor,4153,0,123,0,Personal Auto,SUV,886
AP63665,Oregon,F,Bachelor,7166,59253,89,0,Personal Auto,Four-Door Car,68
AZ64856,California,F,High School or Below,5048,34452,126,0,Personal Auto,SUV,605
IC12985,Arizona,M,Bachelor,4580,40160,118,1,Personal Auto,Four-Door Car,566
KH81863,Oregon,F,College,4605,22571,63,0,Corporate Auto,Four-Door Car,302
EE49066,Oregon,F,High School or Below,4970,62365,62,0,Corporate Auto,Four-Door Car,298
IZ37104,California,M,Doctor,2268,0,61,0,Personal Auto,Four-Door Car,293
BA66627,Nevada,F,Bachelor,36229,22220,105,0,Personal Auto,Luxury,22
XZ54522,Nevada,F,Bachelor,8811,76266,110,1,Personal Auto,Two-Door Car,156
VE46465,Oregon,M,Master,4656,0,128,1,Personal Auto,Luxury,1548
LD71221,Oregon,F,Bachelor,4318,0,68,3,Personal Auto,Two-Door Car,230
YB66933,Washington,F,Bachelor,5383,77552,68,1,Corporate Auto,Four-Door Car,45
EQ15944,Oregon,F,Doctor,2954,76474,74,2,Personal Auto,Four-Door Car,355
CR92272,Arizona,F,Doctor,8052,57664,100,0,Personal Auto,SUV,345
JJ94311,Oregon,M,Bachelor,6627,82377,83,0,Personal Auto,Four-Door Car,498
EO42272,California,F,Bachelor,10148,44856,66,1,Corporate Auto,Four-Door Car,317
LA34671,Arizona,M,College,7629,0,77,0,Personal Auto,Four-Door Car,370
ZF73834,California,F,Bachelor,2582,76731,64,0,Personal Auto,Four-Door Car,201
UM14135,Nevada,F,Bachelor,3265,25820,82,0,Personal Auto,Four-Door Car,394
YA14448,Arizona,F,College,5996,0,83,0,Personal Auto,Four-Door Car,398
QL10321,California,F,Doctor,5769,92509,71,0,Personal Auto,Four-Door Car,109
ZL17677,Washington,F,Master,21481,15505,68,0,Personal Auto,Two-Door Car,384
WE57129,Washington,M,Master,2892,21979,73,0,Personal Auto,Two-Door Car,519
SO57563,Arizona,M,College,7382,54878,96,3,Personal Auto,Four-Door Car,205
SO38188,Oregon,M,Bachelor,5309,40178,136,0,Special Auto,SUV,653
YD65161,California,F,Bachelor,2913,65436,73,0,Personal Auto,Four-Door Car,41
QH12810,Oregon,F,Bachelor,11814,0,106,0,Personal Auto,SUV,763
OU81877,Oregon,M,High School or Below,4727,0,64,0,Personal Auto,Four-Door Car,307
CN49086,California,M,Doctor,5073,57709,125,0,Corporate Auto,SUV,600
BD53342,Washington,F,College,3097,21604,79,0,Personal Auto,Four-Door Car,379
FI75266,Oregon,M,Bachelor,7892,28422,68,1,Corporate Auto,Four-Door Car,454
GH86762,California,F,Bachelor,19454,59853,124,0,Special Auto,SUV,571
HP55853,California,M,College,22332,49078,97,0,Corporate Auto,Four-Door Car,484
WB43408,Oregon,F,College,4598,51523,116,0,Personal Auto,SUV,739
MF41879,Oregon,M,Doctor,8215,0,110,0,Personal Auto,SUV,601
YU21725,Washington,F,High School or Below,4903,0,66,1,Corporate Auto,Four-Door Car,475
AY98473,Arizona,F,College,24187,32989,102,0,Personal Auto,SUV,490
TX34322,Oregon,M,College,2419,0,70,1,Personal Auto,Two-Door Car,336
AK61491,Oregon,M,Doctor,2491,36631,62,0,Personal Auto,Four-Door Car,68
XC32316,Arizona,M,High School or Below,9658,0,131,0,Corporate Auto,SUV,629
WN59735,California,F,College,2621,26477,66,0,Personal Auto,Four-Door Car,145
WW99844,Oregon,F,High School or Below,4944,53607,61,0,Personal Auto,Four-Door Car,94
YG38576,Arizona,M,College,5207,21594,71,3,Personal Auto,Four-Door Car,341
AT62618,Oregon,F,Bachelor,6109,0,85,0,Personal Auto,Four-Door Car,612
EE48429,Nevada,F,High School or Below,2601,80584,65,0,Personal Auto,Two-Door Car,312
SX95355,Oregon,F,Bachelor,5849,67511,73,0,Personal Auto,Four-Door Car,350
IU54219,Oregon,F,Master,16302,19614,85,0,Special Auto,Two-Door Car,574
WX65636,Arizona,F,Bachelor,26463,0,82,2,Corporate Auto,Four-Door Car,511
ZE71012,Nevada,M,Bachelor,26200,20346,74,0,Corporate Auto,Two-Door Car,359
PU36617,Arizona,M,College,6471,48638,82,0,Personal Auto,Four-Door Car,183
PA18731,Oregon,F,College,9501,46855,119,0,Personal Auto,SUV,472
IC51895,Arizona,F,College,10970,38873,92,0,Personal Auto,Two-Door Car,600
FU43761,Nevada,F,Doctor,2436,25703,62,0,Personal Auto,Four-Door Car,298
BG51419,Washington,M,College,4363,58842,110,0,Corporate Auto,Four-Door Car,528
VY96711,California,F,Master,19232,99772,158,0,Corporate Auto,SUV,52
KT97561,Arizona,M,High School or Below,8383,19683,117,1,Personal Auto,Luxury,562
BW80872,Washington,M,High School or Below,4434,34549,111,0,Personal Auto,Four-Door Car,126
TZ81094,Nevada,F,High School or Below,2372,19030,62,0,Corporate Auto,Two-Door Car,356
XA27536,Washington,M,College,3611,63329,92,0,Personal Auto,Four-Door Car,442
LR61007,Arizona,M,High School or Below,3035,79253,76,0,Corporate Auto,Two-Door Car,255
WH20102,California,M,College,9095,37937,116,0,Personal Auto,SUV,557
FG60807,Oregon,F,High School or Below,4884,21766,62,0,Corporate Auto,Four-Door Car,179
TV77808,Arizona,M,High School or Below,5681,67132,71,0,Corporate Auto,Four-Door Car,466
LA66902,Arizona,M,College,2459,0,71,1,Personal Auto,Two-Door Car,511
PA38372,Washington,F,High School or Below,9358,33060,117,0,Personal Auto,Four-Door Car,57
NX11526,Arizona,M,Bachelor,2760,92296,69,0,Corporate Auto,Two-Door Car,331
HU72679,Oregon,M,Doctor,9636,90334,119,0,Corporate Auto,SUV,424
HC60268,Oregon,M,College,8346,40105,104,0,Personal Auto,Four-Door Car,878
SO18542,Oregon,F,Bachelor,8371,33409,105,0,Personal Auto,SUV,554
SM54018,California,F,College,12689,0,117,1,Personal Auto,Two-Door Car,1164
CN22369,California,M,Bachelor,2539,18608,71,0,Special Auto,Four-Door Car,341
WY17333,California,M,High School or Below,4732,55385,61,0,Personal Auto,Four-Door Car,293
LP76290,Oregon,M,Master,8247,62588,104,0,Special Auto,Four-Door Car,499
UF93434,Oregon,F,College,2548,22050,66,0,Personal Auto,Four-Door Car,317
VW70435,Oregon,M,Bachelor,4930,25632,63,0,Personal Auto,Two-Door Car,351
AV96010,Oregon,M,College,3289,40097,92,4,Personal Auto,Two-Door Car,227
DX70966,Nevada,F,College,2771,50071,71,0,Personal Auto,Two-Door Car,19
VW65429,Arizona,M,High School or Below,6900,37308,86,0,Personal Auto,Four-Door Car,301
LY17372,Arizona,M,College,5112,44743,137,4,Personal Auto,SUV,741
BE61743,Washington,M,Bachelor,4110,86657,103,0,Personal Auto,Luxury,316
GP56044,Washington,M,High School or Below,27441,84306,137,0,Personal Auto,SUV,863
EA63660,California,F,College,20958,0,118,0,Personal Auto,SUV,566
DP50640,California,M,Bachelor,2549,47346,65,0,Personal Auto,Four-Door Car,312
MM45897,Nevada,M,Bachelor,2715,88545,68,0,Personal Auto,Four-Door Car,374
OZ86942,California,F,Bachelor,5790,52443,73,1,Corporate Auto,Four-Door Car,350
WI65397,Oregon,F,Bachelor,7627,36084,99,1,Corporate Auto,Two-Door Car,153
OQ69520,Arizona,F,Master,7904,35406,69,4,Corporate Auto,Four-Door Car,68
QK12068,Oregon,F,High School or Below,5294,0,74,0,Personal Auto,Four-Door Car,712
KF98735,California,M,Bachelor,3674,41185,99,4,Special Auto,Four-Door Car,364
BH28530,California,M,High School or Below,21592,51204,181,0,Personal Auto,Luxury,930
DW62043,Oregon,F,College,2452,30216,63,0,Corporate Auto,Four-Door Car,302
AF41118,California,M,College,7256,10710,94,0,Personal Auto,Two-Door Car,451
KI82366,Arizona,M,College,7413,0,112,0,Personal Auto,Four-Door Car,806
GF97506,Nevada,M,High School or Below,9049,0,119,0,Personal Auto,Luxury,571
UQ62739,Oregon,M,College,4270,0,122,0,Corporate Auto,SUV,726
WY58555,Oregon,M,Bachelor,4930,25632,63,0,Personal Auto,Two-Door Car,351
PU11172,Oregon,F,High School or Below,3540,0,99,0,Personal Auto,Four-Door Car,1159
DN30013,Oregon,F,College,5569,53295,70,0,Personal Auto,Four-Door Car,250
ZI60303,Oregon,M,High School or Below,9817,0,139,0,Personal Auto,Luxury,1001
MR56401,Oregon,F,College,2543,37072,64,0,Personal Auto,Four-Door Car,307
FM14335,Washington,F,College,10485,61108,89,0,Personal Auto,Four-Door Car,49
FK54851,California,M,High School or Below,6310,79880,79,1,Personal Auto,Two-Door Car,569
YF38355,Washington,M,Master,8106,81580,101,0,Personal Auto,SUV,633
TN39471,Arizona,F,High School or Below,3398,0,92,0,Personal Auto,Two-Door Car,612
MT53449,Arizona,F,Master,16302,19614,85,0,Personal Auto,Two-Door Car,574
DV22542,California,M,High School or Below,2722,58620,68,0,Personal Auto,Two-Door Car,292
TO82744,California,F,High School or Below,15790,0,212,0,Personal Auto,Luxury,1526
OG17756,Arizona,F,College,4905,12902,139,0,Personal Auto,Luxury,667
DO51363,Oregon,F,Bachelor,3786,26318,96,0,Personal Auto,Two-Door Car,679
BJ26599,Oregon,M,Bachelor,4201,20263,63,0,Personal Auto,Four-Door Car,373
LX24476,Oregon,F,Bachelor,3619,0,98,0,Personal Auto,Four-Door Car,311
IO63361,Arizona,M,College,4881,52819,124,0,Personal Auto,SUV,283
SD30853,Oregon,F,College,12687,63918,64,0,Personal Auto,Four-Door Car,307
OJ41819,Oregon,F,College,4849,0,66,0,Personal Auto,Four-Door Car,317
MO63575,Oregon,F,Bachelor,4334,23904,123,3,Corporate Auto,SUV,590
BV16459,Oregon,M,College,6677,0,97,1,Personal Auto,Two-Door Car,252
YV93784,Arizona,F,Master,8973,69736,111,0,Personal Auto,SUV,424
UF32055,California,M,Bachelor,7109,69700,181,0,Personal Auto,SUV,646
UQ16798,Arizona,F,College,10209,35482,129,0,Personal Auto,SUV,619
LS59637,Arizona,F,College,2720,14030,72,0,Corporate Auto,Two-Door Car,346
TX35617,California,F,Bachelor,4466,50909,112,0,Personal Auto,SUV,339
EX89625,Arizona,F,Bachelor,5593,96406,69,0,Personal Auto,Two-Door Car,331
FD11364,Oregon,F,Bachelor,6769,77001,85,0,Special Auto,Four-Door Car,408
FA90076,Oregon,F,Bachelor,2455,0,72,0,Personal Auto,Two-Door Car,518
BG96711,California,M,Bachelor,2576,24732,67,0,Corporate Auto,Four-Door Car,322
PW31239,Oregon,F,College,4283,40864,109,1,Personal Auto,SUV,167
MD95935,California,F,Bachelor,5845,43145,73,0,Corporate Auto,Two-Door Car,516
UL10037,Oregon,F,College,10485,61108,89,0,Corporate Auto,Four-Door Car,49
RE67051,California,M,Bachelor,5509,34236,70,0,Corporate Auto,Four-Door Car,336
SB44315,Arizona,M,College,3011,39010,78,2,Personal Auto,Four-Door Car,374
OX21474,California,M,High School or Below,2698,88867,69,1,Personal Auto,Four-Door Car,331
HN60464,California,M,Bachelor,6106,0,84,0,Personal Auto,Four-Door Car,396
TJ51874,Washington,M,High School or Below,8558,13908,116,2,Corporate Auto,SUV,804
PB63095,Washington,M,High School or Below,5569,0,79,1,Personal Auto,Two-Door Car,407
VR81851,Oregon,F,College,11042,0,64,0,Personal Auto,Four-Door Car,416
DP13082,California,M,Bachelor,23595,76358,66,0,Personal Auto,Four-Door Car,86
LP34743,Oregon,F,Bachelor,4727,13037,124,0,Personal Auto,SUV,839
GO75708,Arizona,F,Master,6054,17200,83,4,Personal Auto,Four-Door Car,49
UD99460,Washington,M,Bachelor,9655,67772,82,0,Personal Auto,Four-Door Car,503
MJ77630,Oregon,M,High School or Below,47156,39891,133,0,Personal Auto,SUV,631
OO49507,Washington,F,Doctor,4530,52957,112,0,Personal Auto,Luxury,425
GB12561,Oregon,F,College,7276,0,108,2,Corporate Auto,Luxury,778
PW69692,Oregon,F,College,3861,93272,95,0,Personal Auto,Four-Door Car,281
SM36624,Arizona,M,High School or Below,7055,0,207,0,Personal Auto,Luxury,1490
DA61021,California,M,Master,15167,40467,197,3,Personal Auto,Luxury,519
KJ72146,Oregon,M,Bachelor,7126,30895,62,0,Personal Auto,Four-Door Car,298
XJ61632,Oregon,M,Bachelor,2035,0,62,2,Personal Auto,Four-Door Car,446
CO23919,Oregon,F,Bachelor,30719,90607,109,0,Special Auto,SUV,243
PV24005,Oregon,M,High School or Below,4221,0,62,0,Personal Auto,Four-Door Car,614
YD22081,Arizona,F,College,9701,45668,80,0,Personal Auto,Four-Door Car,345
SG51259,California,F,High School or Below,4503,0,129,0,Personal Auto,SUV,1486
OK31456,California,F,Bachelor,11009,51643,283,0,Corporate Auto,Luxury,1358
UN38117,California,F,College,2714,0,74,0,Personal Auto,Four-Door Car,300
TN17395,California,M,College,22104,0,102,0,Personal Auto,SUV,490
UO49439,Oregon,M,College,5634,90289,71,1,Personal Auto,Four-Door Car,22
JK13254,Oregon,M,Bachelor,4237,29465,118,1,Personal Auto,SUV,566
BL29240,Oregon,M,Bachelor,2858,81893,73,3,Corporate Auto,Four-Door Car,151
IP81759,Nevada,M,High School or Below,9367,60613,240,0,Personal Auto,Luxury,1152
DY18947,Arizona,F,High School or Below,9152,60423,114,0,Personal Auto,Four-Door Car,138
PY98041,Oregon,M,Bachelor,5407,27166,71,0,Personal Auto,Four-Door Car,341
GP99578,Nevada,F,High School or Below,7086,0,196,0,Personal Auto,Luxury,1645
QB15706,Washington,F,College,17289,0,158,0,Special Auto,SUV,758
PY42157,Washington,F,High School or Below,2472,62006,61,0,Personal Auto,Four-Door Car,293
FM38725,Oregon,F,High School or Below,2432,0,69,0,Personal Auto,Four-Door Car,764
QX84402,California,F,College,25465,13663,97,0,Corporate Auto,Four-Door Car,466
DH95491,California,M,High School or Below,2229,0,61,0,Personal Auto,Four-Door Car,293
JH36501,Arizona,M,Doctor,2508,97673,63,0,Personal Auto,Four-Door Car,179
DG46291,Nevada,F,High School or Below,9500,96276,117,0,Personal Auto,Four-Door Car,554
LY14355,Washington,F,High School or Below,2936,73847,73,1,Personal Auto,Two-Door Car,350
AU94279,California,M,High School or Below,5493,24976,72,1,Personal Auto,Two-Door Car,566
AG62140,California,F,College,5386,33716,68,1,Personal Auto,Four-Door Car,349
YK66939,Arizona,F,College,4385,23480,117,0,Personal Auto,SUV,842
BA75404,Oregon,F,Doctor,5790,77221,71,0,Personal Auto,Four-Door Car,260
ZG10765,Nevada,F,Bachelor,5678,0,76,0,Personal Auto,Four-Door Car,365
TA22923,Arizona,M,Master,4944,40463,61,0,Personal Auto,Four-Door Car,293
OM55336,Nevada,M,College,7507,60920,64,0,Personal Auto,Two-Door Car,231
MB60322,Arizona,F,Doctor,5332,68931,66,0,Special Auto,Four-Door Car,310
FS97588,Oregon,F,Bachelor,5475,88251,68,0,Personal Auto,Four-Door Car,267
OX73233,Oregon,F,College,2275,0,65,0,Corporate Auto,Two-Door Car,468
KR25511,Washington,M,High School or Below,6005,26876,76,0,Corporate Auto,Four-Door Car,365
PE39479,Washington,M,College,18321,88592,76,0,Corporate Auto,Four-Door Car,200
AO46433,California,F,Bachelor,8079,0,114,1,Personal Auto,Four-Door Car,547
CD71502,Arizona,M,High School or Below,3664,0,103,0,Personal Auto,SUV,643
ZS94723,Arizona,F,High School or Below,2960,0,82,0,Personal Auto,Four-Door Car,590
EV32492,Arizona,M,Bachelor,2496,49136,64,0,Personal Auto,Four-Door Car,307
IW27109,Oregon,M,College,4651,0,68,0,Personal Auto,Two-Door Car,723
XX37955,Nevada,M,College,14002,67627,117,0,Corporate Auto,SUV,562
MO68226,California,F,College,7463,70263,93,0,Personal Auto,Two-Door Car,7
HY86417,Arizona,F,College,3654,74126,90,0,Corporate Auto,Two-Door Car,479
WI14444,California,F,High School or Below,5639,74286,70,0,Personal Auto,Two-Door Car,278
XC72555,Oregon,F,High School or Below,4475,97949,112,3,Personal Auto,SUV,325
SZ37147,California,M,Bachelor,2720,41005,70,0,Personal Auto,Four-Door Car,336
HF44881,Arizona,M,High School or Below,4542,29875,119,1,Corporate Auto,Luxury,571
GA98025,Arizona,M,Bachelor,12876,26121,119,0,Personal Auto,SUV,754
LO57874,Oregon,M,Bachelor,2301,25905,63,0,Corporate Auto,Four-Door Car,302
VJ83206,California,M,College,8365,72117,70,0,Personal Auto,Four-Door Car,107
CV35709,Oregon,F,High School or Below,14024,81872,115,0,Corporate Auto,Four-Door Car,256
VX67206,Oregon,F,Bachelor,27790,33806,89,0,Corporate Auto,Four-Door Car,396
WY38315,California,M,College,3589,0,106,0,Personal Auto,SUV,763
AY52869,California,M,College,4386,10621,67,0,Personal Auto,Four-Door Car,322
PT29055,Oregon,F,Bachelor,6648,0,65,0,Personal Auto,Four-Door Car,312
HF62608,Oregon,F,College,6753,44213,85,0,Personal Auto,Four-Door Car,78
PJ54354,California,M,Bachelor,4763,0,65,0,Personal Auto,Four-Door Car,366
VW13019,Nevada,F,College,4905,12902,139,0,Corporate Auto,Luxury,667
PY80506,Oregon,M,High School or Below,4765,78757,119,3,Personal Auto,Luxury,384
CF46699,Oregon,M,Bachelor,3568,0,102,0,Personal Auto,SUV,660
SF15712,Oregon,M,High School or Below,3904,51833,99,0,Personal Auto,Four-Door Car,191
MX69639,California,F,High School or Below,10442,30786,90,0,Personal Auto,Four-Door Car,29
EZ41764,California,M,Bachelor,2499,76792,62,0,Personal Auto,Four-Door Car,298
BD58297,California,F,Bachelor,2863,76356,71,2,Personal Auto,Two-Door Car,341
FM55990,California,M,College,5990,66839,154,0,Personal Auto,Luxury,739
LZ89104,Oregon,M,High School or Below,7143,59789,90,0,Personal Auto,Four-Door Car,528
CI38330,Washington,M,Bachelor,2550,72217,64,0,Personal Auto,Four-Door Car,91
NT15165,California,F,Bachelor,12048,43324,101,0,Corporate Auto,Two-Door Car,285
RQ77476,Oregon,M,Bachelor,20461,87502,102,0,Personal Auto,Four-Door Car,421
QB15345,California,F,High School or Below,2782,0,74,0,Personal Auto,Four-Door Car,533
DX65548,Arizona,F,College,4835,38713,66,4,Personal Auto,Four-Door Car,317
RI52095,Washington,M,High School or Below,7611,51878,66,1,Personal Auto,Four-Door Car,317
RK76184,Arizona,M,College,2159,0,61,0,Personal Auto,Four-Door Car,293
EH86912,California,M,College,8420,28617,112,0,Personal Auto,SUV,798
TJ90326,California,F,Doctor,13530,75037,85,2,Personal Auto,Four-Door Car,181
ES93923,Oregon,F,Bachelor,8798,24550,111,0,Personal Auto,Four-Door Car,536
BY23642,Arizona,F,Bachelor,4595,0,64,0,Personal Auto,Two-Door Car,461
CV64725,California,M,High School or Below,6546,55366,86,2,Personal Auto,Four-Door Car,456
RN56430,Nevada,F,High School or Below,5444,41449,69,1,Personal Auto,Two-Door Car,331
PD32052,California,M,High School or Below,7958,51125,67,0,Personal Auto,Four-Door Car,430
YG87460,Arizona,M,College,2445,0,71,1,Personal Auto,Four-Door Car,245
BN90616,Washington,F,Bachelor,8590,63110,72,0,Personal Auto,Four-Door Car,68
BH36973,Oregon,F,College,2730,63401,68,0,Personal Auto,Four-Door Car,203
QN76156,Oregon,F,College,2926,30752,73,0,Personal Auto,Four-Door Car,400
ZJ15114,California,M,High School or Below,5332,60986,67,0,Corporate Auto,Four-Door Car,418
CM84035,Arizona,M,College,11321,41692,101,1,Corporate Auto,Four-Door Car,246
TZ22914,Oregon,M,Master,5131,12940,68,0,Personal Auto,Two-Door Car,268
MW80236,Washington,M,Master,7920,0,70,0,Personal Auto,Four-Door Car,336
WO89464,Oregon,M,Bachelor,2619,78618,66,0,Personal Auto,Two-Door Car,226
MK56815,California,M,College,9591,54538,119,0,Personal Auto,Four-Door Car,508
LJ64287,Nevada,M,High School or Below,4197,0,64,1,Personal Auto,Two-Door Car,775
UK86050,Arizona,F,High School or Below,7888,76590,65,0,Personal Auto,Four-Door Car,183
TQ24692,Oregon,M,High School or Below,8677,76214,72,0,Special Auto,Four-Door Car,203
QO16222,California,F,College,6384,0,196,2,Personal Auto,Luxury,2327
SU86402,Arizona,F,High School or Below,6569,25876,83,0,Personal Auto,Two-Door Car,398
CI95726,Nevada,F,High School or Below,3645,82477,90,0,Personal Auto,Two-Door Car,432
JE98863,Arizona,F,Bachelor,3911,58713,98,0,Special Auto,Four-Door Car,470
DD89544,Arizona,M,Bachelor,18705,64929,240,3,Corporate Auto,Luxury,1262
HK28125,California,M,High School or Below,24337,0,85,1,Personal Auto,Four-Door Car,612
VT52978,Nevada,M,High School or Below,12547,32857,105,0,Corporate Auto,Four-Door Car,504
DU66620,Nevada,M,College,4583,19065,61,0,Personal Auto,Two-Door Car,293
YC83239,Washington,F,Bachelor,2864,0,83,0,Personal Auto,Two-Door Car,825
VS40267,California,M,High School or Below,30851,25503,115,0,Personal Auto,SUV,552
WJ55369,Arizona,M,High School or Below,7366,30250,93,0,Personal Auto,Four-Door Car,398
MZ23183,Oregon,M,Bachelor,4225,0,63,0,Personal Auto,Four-Door Car,454
DV58197,California,F,Bachelor,8256,62902,69,0,Personal Auto,Two-Door Car,159
RZ97514,Oregon,F,Master,7499,0,66,0,Personal Auto,Four-Door Car,317
ET90029,Arizona,F,Doctor,25627,14278,134,0,Personal Auto,Luxury,346
SD21312,Nevada,M,College,5990,66839,154,0,Personal Auto,Luxury,739
FG31425,Arizona,F,College,2531,37811,63,0,Special Auto,Four-Door Car,365
FA15338,Arizona,M,High School or Below,13569,20978,70,0,Personal Auto,Two-Door Car,336
HD53787,California,F,College,13113,28519,86,0,Personal Auto,Two-Door Car,413
ME11422,California,M,College,5085,0,72,1,Personal Auto,Four-Door Car,572
QN36109,Nevada,F,Master,4555,85140,118,4,Personal Auto,SUV,88
UL80763,Oregon,F,Doctor,4014,37384,99,0,Personal Auto,Four-Door Car,475
DH61947,Oregon,M,Bachelor,2863,0,79,0,Personal Auto,Two-Door Car,169
QX54905,Nevada,F,College,7201,0,66,0,Corporate Auto,Four-Door Car,317
XQ39498,Oregon,M,High School or Below,30909,57659,111,0,Personal Auto,Four-Door Car,756
FQ51281,Oregon,F,Bachelor,8171,95241,68,1,Personal Auto,Four-Door Car,88
NA45983,Arizona,M,College,2878,38870,74,0,Special Auto,Four-Door Car,145
LC23144,California,F,High School or Below,8478,13870,109,0,Personal Auto,SUV,550
SG54382,Arizona,M,Bachelor,8647,25964,76,2,Corporate Auto,Four-Door Car,365
XH54129,California,F,High School or Below,4756,72193,118,0,Personal Auto,Four-Door Car,553
QD28391,Washington,M,College,7426,84302,62,0,Personal Auto,Four-Door Car,77
HX55735,Nevada,F,Bachelor,4463,0,73,3,Personal Auto,Two-Door Car,350
AI49712,Washington,F,High School or Below,2594,0,72,0,Personal Auto,Four-Door Car,346
YM53951,Oregon,M,College,6006,39482,77,0,Corporate Auto,Four-Door Car,278
JO77924,Oregon,M,High School or Below,10010,66371,125,0,Personal Auto,SUV,43
EZ20115,California,M,Bachelor,26305,35300,74,0,Personal Auto,Four-Door Car,226
DD88614,California,F,Doctor,7097,67735,88,0,Corporate Auto,Four-Door Car,3
BO21461,California,M,College,2860,98879,73,1,Personal Auto,Four-Door Car,109
EX13440,Oregon,M,High School or Below,29590,0,108,0,Corporate Auto,SUV,778
UB87714,Oregon,M,Master,9667,72885,124,2,Personal Auto,SUV,234
VW84197,Oregon,F,Bachelor,21942,26378,70,1,Personal Auto,Four-Door Car,148
HP56518,Oregon,M,Bachelor,5548,67798,69,0,Personal Auto,Four-Door Car,331
SP81997,Washington,F,Master,7753,41275,96,0,Personal Auto,Four-Door Car,41
VH66357,California,M,College,2770,39646,70,0,Personal Auto,Four-Door Car,280
IM30965,Oregon,M,High School or Below,2545,71868,65,0,Corporate Auto,Four-Door Car,312
TQ37204,Oregon,F,High School or Below,8629,59107,107,0,Personal Auto,SUV,481
NN54114,Arizona,M,Bachelor,4915,0,70,0,Personal Auto,Four-Door Car,504
BI27443,Arizona,F,College,4897,36428,124,0,Personal Auto,SUV,559
WL86517,Nevada,F,Doctor,4014,93284,99,0,Personal Auto,Two-Door Car,475
HW40931,Oregon,F,College,10835,34612,91,1,Special Auto,Four-Door Car,655
NN44758,Arizona,F,High School or Below,4669,76157,116,0,Personal Auto,Two-Door Car,557
NQ18750,Oregon,M,College,29577,0,106,0,Personal Auto,Two-Door Car,763
GC34791,Nevada,M,High School or Below,9260,17109,62,0,Personal Auto,Two-Door Car,298
SY22123,California,F,College,6300,29539,85,0,Personal Auto,Four-Door Car,408
DY17416,Oregon,M,College,6032,49539,79,0,Personal Auto,Two-Door Car,287
KE57057,California,F,High School or Below,2300,0,66,1,Corporate Auto,Four-Door Car,475
AT24793,Oregon,M,College,6863,25352,173,0,Special Auto,Luxury,830
SL71998,Oregon,M,College,2798,63223,71,0,Personal Auto,Two-Door Car,398
AP66226,Nevada,M,Bachelor,4479,18505,66,4,Personal Auto,Four-Door Car,317
HI91534,California,F,College,4572,91485,114,0,Personal Auto,SUV,393
TK61994,Oregon,F,College,6105,18690,80,0,Personal Auto,Four-Door Car,18
CW35098,Washington,M,College,3298,0,91,0,Personal Auto,Two-Door Car,655
WX30852,Arizona,F,Bachelor,2640,69819,66,0,Personal Auto,Four-Door Car,21
SK69036,California,M,Bachelor,13780,25708,118,0,Personal Auto,Four-Door Car,566
YI79084,Nevada,M,Doctor,3703,33738,95,0,Personal Auto,Two-Door Car,542
KF46546,Arizona,F,Bachelor,5789,75845,72,0,Personal Auto,Four-Door Car,74
GA71186,Nevada,M,High School or Below,13465,83392,112,0,Personal Auto,SUV,524
KL65897,California,F,Bachelor,6331,0,87,0,Personal Auto,Two-Door Car,95
CF15086,California,M,College,3838,76375,96,0,Personal Auto,Four-Door Car,138
HG40729,Oregon,M,College,11275,0,114,0,Personal Auto,Four-Door Car,821
VP55618,California,M,College,6052,32330,79,1,Corporate Auto,Four-Door Car,379
ZL23478,California,F,Bachelor,33452,85689,92,0,Corporate Auto,Four-Door Car,238
EY75197,Arizona,F,Bachelor,5612,0,158,0,Personal Auto,SUV,1138
SF11920,Arizona,F,College,5607,39507,70,0,Corporate Auto,Two-Door Car,284
DY57308,California,F,Bachelor,8835,22373,112,0,Personal Auto,SUV,420
HP73832,California,F,College,3797,20217,96,2,Personal Auto,Four-Door Car,513
WP58797,Oregon,M,Bachelor,3937,19245,106,0,Personal Auto,SUV,509
ZM33786,Arizona,F,High School or Below,37151,17774,108,0,Personal Auto,SUV,116
LY19199,Oregon,M,Bachelor,4816,80355,62,1,Corporate Auto,Two-Door Car,83
IX60436,Arizona,M,Bachelor,2853,65099,73,2,Special Auto,Four-Door Car,350
UK29448,Oregon,M,Bachelor,2467,0,73,0,Personal Auto,Two-Door Car,526
QA49556,Washington,M,Master,5200,23401,66,0,Personal Auto,Four-Door Car,317
ST78006,Oregon,F,High School or Below,4594,0,63,1,Personal Auto,Four-Door Car,139
KD63903,Arizona,M,College,8587,0,118,0,Personal Auto,SUV,566
GV62858,California,F,Bachelor,4092,38692,102,0,Personal Auto,Four-Door Car,502
DN66715,California,F,Master,5182,97131,64,0,Personal Auto,Four-Door Car,307
LU30834,Oregon,F,Bachelor,14230,78046,119,2,Personal Auto,SUV,759
HN35280,Arizona,M,Bachelor,2447,82225,61,0,Personal Auto,Two-Door Car,293
DG21323,California,F,High School or Below,4759,0,64,0,Personal Auto,Four-Door Car,608
KD16729,Nevada,M,College,6646,21144,86,0,Personal Auto,Two-Door Car,391
WO17738,Oregon,F,High School or Below,8718,36645,112,0,Corporate Auto,Four-Door Car,614
VB22338,Nevada,M,High School or Below,4111,31842,108,0,Special Auto,SUV,406
JU66696,California,F,Master,9810,0,131,0,Corporate Auto,Luxury,629
AE60813,Oregon,F,College,4993,75090,63,1,Personal Auto,Four-Door Car,101
AS99827,Oregon,F,Bachelor,4464,0,62,0,Personal Auto,Four-Door Car,567
XQ80738,Oregon,F,High School or Below,2895,72014,72,0,Personal Auto,Four-Door Car,188
KX82226,Arizona,M,High School or Below,3185,13512,92,0,Personal Auto,Two-Door Car,442
MA43940,Oregon,M,High School or Below,9343,75909,117,0,Special Auto,Luxury,562
JL93248,Oregon,F,High School or Below,7297,18884,64,0,Personal Auto,Four-Door Car,307
PY98628,Arizona,M,High School or Below,5569,0,79,1,Personal Auto,Two-Door Car,407
GX32768,Oregon,F,Bachelor,7627,0,74,1,Corporate Auto,Four-Door Car,807
AM89558,Nevada,M,College,4637,26802,66,1,Corporate Auto,Two-Door Car,317
EL41362,California,F,College,5329,99839,66,0,Personal Auto,Four-Door Car,468
XK91603,California,F,College,2478,24186,64,0,Personal Auto,Four-Door Car,307
MG77033,California,M,College,5523,46971,69,0,Corporate Auto,Four-Door Car,120
OM70085,Oregon,F,Bachelor,8587,0,83,0,Personal Auto,Four-Door Car,484
NB57112,Oregon,F,Bachelor,8105,0,117,1,Personal Auto,Luxury,842
WH60140,Arizona,M,Bachelor,2357,0,69,0,Personal Auto,Two-Door Car,497
FV92759,Oregon,F,College,2004,0,66,4,Personal Auto,Four-Door Car,317
YW85018,Nevada,M,Bachelor,2810,26790,71,0,Personal Auto,Two-Door Car,341
BY84257,Arizona,M,College,2380,0,71,0,Special Auto,Four-Door Car,747
JT69863,Arizona,M,Bachelor,2410,16258,64,0,Personal Auto,Two-Door Car,307
OE15600,California,M,College,2545,91169,65,0,Personal Auto,Two-Door Car,140
BU81591,California,M,College,10154,0,90,0,Corporate Auto,Four-Door Car,432
XL44677,California,M,Bachelor,2301,25905,63,0,Personal Auto,Four-Door Car,302
No73821,Oregon,M,High School or Below,10145,44577,131,0,Personal Auto,SUV,640
VJ24328,Oregon,M,High School or Below,2599,53021,68,4,Personal Auto,Four-Door Car,326
XW63353,Oregon,M,High School or Below,6689,56980,84,0,Personal Auto,Two-Door Car,599
JZ31045,California,F,College,2722,97719,67,0,Personal Auto,Four-Door Car,319
UM27359,Arizona,M,Bachelor,7525,49530,63,0,Personal Auto,Four-Door Car,278
ND71187,Arizona,M,Master,9488,56233,79,0,Corporate Auto,Four-Door Car,559
YR63096,Nevada,F,High School or Below,5978,79140,74,0,Corporate Auto,Four-Door Car,488
SN21895,Arizona,F,Bachelor,6411,13088,82,0,Personal Auto,Four-Door Car,394
FY90924,Arizona,F,High School or Below,2944,73601,73,0,Personal Auto,Four-Door Car,340
CN30964,California,F,Bachelor,6686,31517,84,2,Personal Auto,Two-Door Car,605
BN14307,Oregon,M,College,4693,0,69,0,Personal Auto,Two-Door Car,549
XG35514,California,M,High School or Below,4503,0,69,2,Personal Auto,Four-Door Car,497
RL28918,California,M,High School or Below,16505,42148,104,0,Personal Auto,SUV,367
SR74929,Oregon,F,High School or Below,9460,0,133,0,Personal Auto,SUV,1443
HK93338,Washington,F,High School or Below,7932,23769,69,0,Personal Auto,Four-Door Car,470
QR53727,Arizona,F,High School or Below,7974,0,109,0,Personal Auto,SUV,523
SQ35375,Oregon,F,Doctor,5054,22241,63,0,Personal Auto,Four-Door Car,343
UD77728,Arizona,F,Bachelor,5658,23550,72,0,Personal Auto,Four-Door Car,223
GP13187,California,F,Master,14917,0,190,0,Personal Auto,Luxury,1368
AQ70619,California,M,High School or Below,13047,71024,65,1,Corporate Auto,Four-Door Car,267
IP65887,Oregon,F,Bachelor,38411,71644,105,0,Corporate Auto,SUV,504
KS98084,California,F,Master,5069,50363,63,0,Personal Auto,Four-Door Car,13
QU55718,California,F,Bachelor,10979,92914,136,0,Personal Auto,Luxury,979
TS31417,Washington,M,College,39770,16645,117,0,Personal Auto,SUV,697
QG83213,California,M,College,6559,0,94,0,Personal Auto,Four-Door Car,451
SA40041,Washington,F,Bachelor,5750,22814,73,0,Personal Auto,Four-Door Car,361
MC36247,Oregon,M,Bachelor,16473,22828,106,0,Personal Auto,SUV,509
FO13070,California,M,High School or Below,5780,51066,74,0,Personal Auto,Four-Door Car,788
VL97142,Oregon,M,College,26201,68507,110,0,Personal Auto,SUV,140
CI57475,Arizona,F,College,3272,0,87,0,Personal Auto,Four-Door Car,626
KJ19260,Arizona,M,College,4682,37929,61,0,Corporate Auto,Four-Door Car,120
GN93462,California,M,Bachelor,6496,89285,81,0,Personal Auto,Four-Door Car,109
QB86817,Oregon,F,High School or Below,7447,98235,93,0,Personal Auto,Four-Door Car,377
AZ68072,Oregon,F,Bachelor,4549,23650,61,2,Personal Auto,Four-Door Car,14
MZ43298,California,F,Bachelor,5200,90167,131,0,Corporate Auto,SUV,524
KS12490,Oregon,M,High School or Below,10594,64669,131,0,Personal Auto,Luxury,629
TL18087,Washington,M,Bachelor,3059,65083,77,0,Personal Auto,Four-Door Car,370
ZT18953,Oregon,F,Bachelor,8182,0,109,0,Corporate Auto,SUV,523
EF13716,Oregon,M,College,2697,60462,68,1,Personal Auto,Four-Door Car,217
RN87402,California,F,College,10369,0,69,0,Corporate Auto,Four-Door Car,454
RJ40995,Arizona,M,Doctor,2491,36631,62,0,Personal Auto,Four-Door Car,68
GB47529,Oregon,F,High School or Below,5396,40308,136,0,Corporate Auto,Luxury,653
MB63131,Oregon,F,Bachelor,4653,0,64,1,Corporate Auto,Four-Door Car,307
KN57002,Arizona,M,Bachelor,9016,0,130,0,Corporate Auto,SUV,936
DR68556,Oregon,M,High School or Below,7857,85067,65,0,Personal Auto,Four-Door Car,256
CS70768,California,F,High School or Below,6763,0,64,0,Personal Auto,Four-Door Car,461
XY33610,Washington,M,College,15696,97750,65,0,Personal Auto,Four-Door Car,303
LO17953,Oregon,F,Doctor,5219,38704,65,0,Personal Auto,Four-Door Car,10
LZ35469,California,F,Bachelor,2582,76731,64,0,Personal Auto,Four-Door Car,201
BM27144,California,F,College,7653,57446,64,0,Personal Auto,Four-Door Car,77
EA14700,California,M,Bachelor,4967,0,73,0,Personal Auto,Two-Door Car,526
FQ70521,California,F,High School or Below,8927,96768,111,2,Personal Auto,Four-Door Car,3
OA99158,California,M,Bachelor,21424,0,65,0,Corporate Auto,Two-Door Car,312
YS84064,Arizona,M,Bachelor,15481,0,180,3,Corporate Auto,SUV,1296
YD45065,Oregon,F,College,8715,0,118,0,Personal Auto,SUV,566
OC88207,California,M,Master,5577,77265,69,0,Special Auto,Two-Door Car,171
IL47644,Oregon,F,High School or Below,8861,48736,111,0,Personal Auto,SUV,286
CW27031,Washington,F,High School or Below,13451,0,126,0,Corporate Auto,SUV,907
XX44146,California,F,High School or Below,6464,0,89,0,Personal Auto,Two-Door Car,641
LH26131,Nevada,F,High School or Below,3877,0,108,0,Personal Auto,Two-Door Car,1099
HU94030,Arizona,F,High School or Below,10104,46667,129,1,Corporate Auto,SUV,60
GP39118,Washington,M,High School or Below,4997,71600,63,0,Personal Auto,Two-Door Car,46
QL80658,Arizona,M,High School or Below,3935,84229,98,0,Personal Auto,Four-Door Car,470
LU63980,Nevada,M,College,2220,0,62,0,Personal Auto,Two-Door Car,298
HQ41200,Oregon,F,College,7975,26118,101,0,Personal Auto,Four-Door Car,485
DZ81394,Oregon,F,High School or Below,8708,0,118,0,Personal Auto,SUV,1380
IN41344,Washington,M,College,2907,24049,74,0,Personal Auto,Four-Door Car,491
QJ22615,Arizona,F,Master,4881,37998,61,0,Special Auto,Four-Door Car,293
FJ24418,Arizona,F,Doctor,3653,0,95,0,Personal Auto,Four-Door Car,456
JR45097,Oregon,M,College,12780,0,184,0,Personal Auto,Luxury,1395
DT82702,Arizona,F,College,7201,0,66,0,Personal Auto,Four-Door Car,317
ME87834,Oregon,M,Bachelor,4219,62396,107,0,Personal Auto,SUV,693
DB91647,California,M,College,5817,99239,74,0,Personal Auto,Four-Door Car,379
UM44109,Oregon,M,College,7908,94303,65,0,Personal Auto,Four-Door Car,150
RT22532,Arizona,M,Bachelor,3954,18375,103,0,Personal Auto,Luxury,535
DU60004,Nevada,F,College,3561,76769,88,0,Corporate Auto,Four-Door Car,170
XR17548,Oregon,M,High School or Below,5064,78735,63,1,Personal Auto,Four-Door Car,226
VR14881,Oregon,M,Bachelor,8490,0,130,0,Personal Auto,Luxury,624
FS81127,California,F,Bachelor,2425,0,67,1,Corporate Auto,Four-Door Car,426
VD19899,California,F,Doctor,27542,50494,114,0,Personal Auto,Two-Door Car,491
SP93911,California,F,High School or Below,8829,86721,110,1,Corporate Auto,Two-Door Car,373
GH49378,California,F,Bachelor,5059,67371,63,0,Personal Auto,Four-Door Car,87
MZ30958,Nevada,M,High School or Below,6716,21835,90,0,Corporate Auto,Two-Door Car,432
FU55433,Arizona,M,High School or Below,2672,62452,67,0,Corporate Auto,Two-Door Car,408
SZ14518,California,F,College,8099,0,72,0,Personal Auto,Four-Door Car,518
XI58886,California,M,High School or Below,2796,69809,70,0,Personal Auto,Two-Door Car,112
NL17031,Washington,M,High School or Below,2972,0,84,0,Personal Auto,Two-Door Car,605
OB32861,Nevada,M,High School or Below,6288,0,84,0,Special Auto,Two-Door Car,403
AZ84403,Oregon,F,College,61850,0,238,0,Personal Auto,Luxury,1142
PU34934,Arizona,F,College,10394,22601,88,0,Personal Auto,Four-Door Car,634
WX87964,Washington,M,High School or Below,4935,29560,62,0,Personal Auto,Four-Door Car,298
VI12468,Oregon,F,Bachelor,35014,0,133,0,Personal Auto,SUV,533
RC44077,California,M,Bachelor,2810,26790,71,0,Personal Auto,Two-Door Car,341
ZQ48144,California,F,Bachelor,3637,34986,91,0,Corporate Auto,Four-Door Car,74
MA83261,Arizona,M,High School or Below,2785,66378,71,0,Corporate Auto,Two-Door Car,158
ER63193,California,F,High School or Below,7715,48784,96,0,Corporate Auto,Four-Door Car,252
XZ34917,Washington,M,Bachelor,5644,41043,72,0,Personal Auto,Four-Door Car,346
WH36754,Oregon,F,College,19088,32775,61,0,Personal Auto,Four-Door Car,252
ZG90341,Oregon,M,Bachelor,9156,61200,118,0,Personal Auto,Four-Door Car,566
KR82385,California,M,Master,5455,66334,69,0,Personal Auto,Two-Door Car,331
MC48570,Arizona,F,Doctor,2470,18661,62,0,Personal Auto,Two-Door Car,197
MP13698,Oregon,F,College,7810,0,111,0,Personal Auto,Two-Door Car,533
JE84351,Oregon,M,Bachelor,6939,53133,91,0,Personal Auto,Two-Door Car,652
BU72276,California,F,Bachelor,5319,25134,67,0,Personal Auto,Four-Door Car,322
DC78147,Arizona,M,College,13728,0,126,0,Personal Auto,SUV,605
DB17162,Arizona,M,High School or Below,5363,64324,67,0,Personal Auto,Four-Door Car,322
TG97744,Oregon,F,Bachelor,3265,25820,82,0,Corporate Auto,Four-Door Car,394
QT26393,California,M,Bachelor,2447,29152,67,0,Personal Auto,Two-Door Car,255
UG49716,Washington,F,College,4197,0,114,0,Personal Auto,Luxury,1182
HF11584,Arizona,M,Master,12913,62448,107,0,Personal Auto,SUV,514
MS87381,California,F,High School or Below,23866,0,81,1,Personal Auto,Four-Door Car,389
YU79270,Arizona,M,College,4633,27132,63,1,Personal Auto,Four-Door Car,302
HU81007,Oregon,F,Bachelor,8196,21706,108,0,Personal Auto,SUV,518
XH53960,Arizona,F,Bachelor,2167,0,61,0,Personal Auto,Four-Door Car,439
MM62953,Arizona,M,High School or Below,5620,66620,70,0,Personal Auto,Four-Door Car,336
DA74095,Arizona,F,Bachelor,6102,42800,153,1,Personal Auto,Luxury,734
QD46343,Arizona,F,High School or Below,3919,66676,97,0,Personal Auto,Four-Door Car,558
FR17176,Arizona,F,High School or Below,14945,0,68,0,Personal Auto,Four-Door Car,326
WY26014,California,F,High School or Below,10820,37433,90,0,Personal Auto,Four-Door Car,410
RY32848,Oregon,M,Doctor,15839,44930,132,0,Personal Auto,SUV,111
JG83987,Arizona,F,Bachelor,6451,30857,81,0,Personal Auto,Two-Door Car,309
MQ48266,Arizona,F,Bachelor,5565,46507,73,4,Personal Auto,Two-Door Car,326
EA68909,California,M,Bachelor,2445,48473,63,0,Personal Auto,Four-Door Car,302
KP51068,Oregon,M,Bachelor,2641,59961,68,0,Personal Auto,Four-Door Car,292
CM78608,California,F,High School or Below,5823,88359,73,0,Personal Auto,Two-Door Car,36
TZ11597,California,M,College,5756,97607,71,0,Personal Auto,Two-Door Car,60
GS76685,California,M,High School or Below,10409,20228,101,1,Corporate Auto,SUV,524
BR40272,California,M,College,8248,49009,105,0,Personal Auto,Four-Door Car,504
FX36546,Washington,M,Master,3679,60804,92,0,Personal Auto,Four-Door Car,213
FY31714,Oregon,M,Bachelor,16331,78374,82,0,Personal Auto,Four-Door Car,207
GL99349,California,M,High School or Below,20474,95621,66,5,Personal Auto,Two-Door Car,352
HH49391,Oregon,M,High School or Below,9415,15741,132,0,Special Auto,SUV,634
WG26617,Oregon,M,Bachelor,9733,38279,82,0,Personal Auto,Two-Door Car,64
JL97265,Oregon,M,Master,4611,0,61,0,Personal Auto,Four-Door Car,293
QQ25666,Arizona,M,High School or Below,14511,60120,182,0,Personal Auto,Luxury,716
VE72838,Arizona,F,High School or Below,13771,59207,116,0,Personal Auto,Four-Door Car,557
ZN27809,Oregon,F,College,8084,0,116,0,Personal Auto,SUV,820
IZ71030,California,F,College,2570,69446,64,1,Personal Auto,Four-Door Car,27
LU79958,Washington,F,Bachelor,2274,0,73,4,Personal Auto,Four-Door Car,801
KT30737,California,M,College,3995,0,119,0,Corporate Auto,SUV,857
IU32539,California,F,Bachelor,7282,50886,95,1,Personal Auto,Two-Door Car,620
UI73924,Oregon,F,Bachelor,2470,55257,64,3,Personal Auto,Two-Door Car,210
RZ89359,California,F,College,2451,61883,62,0,Personal Auto,Four-Door Car,18
CE21829,Oregon,M,College,10856,37233,136,0,Personal Auto,SUV,243
BU17847,Arizona,M,Master,9076,37722,116,0,Personal Auto,Luxury,158
XA63646,California,F,Master,4655,81883,114,0,Personal Auto,Four-Door Car,376
EA40332,Oregon,M,Bachelor,15395,35822,197,0,Personal Auto,SUV,1405
KB75939,Oregon,F,Bachelor,9421,23059,126,0,Corporate Auto,Luxury,96
PR98117,Oregon,F,Bachelor,2641,97666,66,0,Personal Auto,Four-Door Car,136
ZE62067,Arizona,M,Master,8510,26057,74,0,Corporate Auto,Four-Door Car,524
AU45793,Arizona,M,Doctor,3436,30817,88,0,Corporate Auto,Four-Door Car,92
RE29131,Oregon,F,College,4349,75648,108,0,Personal Auto,SUV,113
FZ19620,Oregon,M,High School or Below,9673,0,96,0,Corporate Auto,Four-Door Car,1121
HM93220,Arizona,F,High School or Below,15266,25852,135,1,Personal Auto,Luxury,648
BO94261,Arizona,M,Doctor,7551,0,68,1,Personal Auto,Four-Door Car,100
TC18805,Washington,M,Bachelor,9939,13207,137,2,Personal Auto,SUV,393
UQ24268,Oregon,F,High School or Below,14962,0,82,0,Personal Auto,Four-Door Car,394
NF25863,Nevada,M,High School or Below,7888,32150,98,0,Personal Auto,Two-Door Car,470
FD98839,Oregon,M,College,2894,52674,73,0,Personal Auto,Two-Door Car,167
FN99437,California,M,College,4398,91653,111,0,Corporate Auto,SUV,344
DZ35379,Arizona,F,High School or Below,5781,69512,72,0,Personal Auto,Two-Door Car,197
IA67715,California,F,High School or Below,7720,67332,192,0,Personal Auto,Luxury,922
JG61793,Washington,M,High School or Below,3046,0,98,2,Personal Auto,Four-Door Car,706
CR41258,Nevada,M,College,2590,53304,65,0,Personal Auto,Four-Door Car,116
BE75190,California,M,College,10155,28754,89,0,Corporate Auto,Four-Door Car,427
EW16697,Arizona,F,High School or Below,2552,50201,64,0,Personal Auto,Two-Door Car,100
HI60054,California,F,Bachelor,9404,51593,80,2,Personal Auto,Two-Door Car,203
MU57098,Oregon,F,Bachelor,5678,0,76,0,Personal Auto,Four-Door Car,365
WB21698,California,F,High School or Below,3723,31974,92,0,Personal Auto,Four-Door Car,388
MU75490,Oregon,M,Bachelor,8417,31756,107,0,Corporate Auto,SUV,416
UA44429,California,F,College,2520,0,68,0,Personal Auto,Four-Door Car,326
PP64004,Nevada,F,Bachelor,8186,20369,105,0,Personal Auto,SUV,1127
FI77477,Washington,M,College,4230,0,126,0,Personal Auto,SUV,907
NT40494,California,F,High School or Below,5074,66933,63,0,Personal Auto,Four-Door Car,161
YM98727,California,F,High School or Below,12982,39843,109,1,Personal Auto,Four-Door Car,523
NT77164,Arizona,M,Doctor,2744,16686,71,0,Personal Auto,Four-Door Car,126
IL91509,Oregon,F,Bachelor,13226,0,190,1,Special Auto,Luxury,1398
PS47550,California,F,High School or Below,13178,80237,108,0,Personal Auto,SUV,777
PK66498,California,M,High School or Below,8794,72897,73,0,Personal Auto,Two-Door Car,508
NG93751,California,M,Bachelor,3245,46435,82,0,Corporate Auto,Two-Door Car,350
KL84615,Arizona,M,High School or Below,4625,0,68,2,Personal Auto,Four-Door Car,469
AP27994,Oregon,F,High School or Below,4372,23124,112,0,Special Auto,Luxury,538
TP20456,Arizona,M,High School or Below,9090,45310,229,0,Personal Auto,Luxury,1550
OB21477,Oregon,M,College,10778,53437,91,0,Personal Auto,Two-Door Car,437
LH80781,Washington,F,College,5007,0,73,1,Personal Auto,Four-Door Car,656
UU70820,Arizona,F,College,5867,27880,74,0,Personal Auto,Four-Door Car,199
ER66372,California,F,Bachelor,14915,45963,63,2,Personal Auto,Four-Door Car,302
XD81935,Oregon,F,Bachelor,5107,35625,65,1,Personal Auto,Four-Door Car,289
AT30076,Nevada,F,High School or Below,3537,31727,92,0,Personal Auto,Four-Door Car,496
EW34576,Arizona,F,High School or Below,2840,53071,72,0,Corporate Auto,Four-Door Car,386
XC14741,California,M,High School or Below,2940,97735,73,0,Corporate Auto,Four-Door Car,189
PG84165,California,M,High School or Below,2777,0,77,0,Personal Auto,Four-Door Car,554
CN16311,Oregon,F,Master,5477,52218,68,0,Corporate Auto,Four-Door Car,34
TZ19823,California,F,Bachelor,3265,25820,82,0,Personal Auto,Four-Door Car,394
NC34154,California,F,High School or Below,8066,17950,71,2,Special Auto,Two-Door Car,341
LQ50657,Arizona,F,High School or Below,3645,82477,90,0,Personal Auto,Two-Door Car,432
JL16084,Arizona,F,College,6611,0,95,0,Personal Auto,Four-Door Car,564
CJ81391,Oregon,M,College,7582,64801,64,0,Personal Auto,Four-Door Car,268
WQ89892,Washington,F,College,2608,0,70,1,Special Auto,Two-Door Car,336
JW70372,Arizona,F,Doctor,7124,61233,89,2,Personal Auto,Four-Door Car,181
AW17574,Nevada,F,Bachelor,9436,0,129,0,Corporate Auto,SUV,628
GL66847,Arizona,F,Bachelor,8256,62902,69,0,Personal Auto,Two-Door Car,159
DC62428,Arizona,M,High School or Below,5091,20244,65,0,Personal Auto,Four-Door Car,312
KR54589,California,F,High School or Below,5882,86812,73,0,Personal Auto,Four-Door Car,45
BC47264,California,F,College,7685,62192,98,0,Special Auto,Two-Door Car,243
SN58128,Oregon,F,College,10397,34948,130,0,Personal Auto,SUV,444
TD97297,Oregon,M,Bachelor,8546,35456,109,0,Personal Auto,Luxury,505
TK13024,Oregon,M,College,4408,80640,111,0,Personal Auto,SUV,313
LR97507,Arizona,M,High School or Below,2563,0,74,0,Corporate Auto,Four-Door Car,663
KC14861,Oregon,M,High School or Below,14887,91193,185,1,Personal Auto,Luxury,2
DC37886,Arizona,F,High School or Below,24339,73692,67,0,Personal Auto,Two-Door Car,25
SP56326,Arizona,F,High School or Below,7453,12195,101,0,Personal Auto,Four-Door Car,671
OQ99704,Washington,F,Bachelor,3982,52801,100,0,Personal Auto,SUV,475
GQ92754,Nevada,M,College,16060,0,87,0,Personal Auto,Four-Door Car,418
DX28320,California,F,High School or Below,5111,0,72,2,Personal Auto,Four-Door Car,595
BM83544,Arizona,F,Bachelor,7440,0,108,0,Personal Auto,SUV,518
YB96664,Washington,M,Bachelor,4975,75644,65,3,Corporate Auto,Two-Door Car,468
RO90746,California,F,High School or Below,17817,60192,220,0,Personal Auto,Luxury,1056
UV46349,Oregon,F,Bachelor,6238,0,90,2,Personal Auto,Four-Door Car,134
MY32188,Oregon,M,Bachelor,2683,0,74,0,Corporate Auto,Two-Door Car,355
OV87950,California,M,College,2837,29242,73,0,Personal Auto,Two-Door Car,350
ZG82132,Oregon,F,Bachelor,4119,69379,103,0,Personal Auto,Two-Door Car,494
LZ31103,Oregon,F,College,2472,63860,62,0,Personal Auto,Four-Door Car,209
HO79663,Arizona,F,Doctor,4140,45281,104,1,Personal Auto,Luxury,65
RS57109,Arizona,F,Bachelor,4100,51193,104,2,Personal Auto,Two-Door Car,97
NA21420,Oregon,F,Bachelor,5278,62074,67,0,Corporate Auto,Four-Door Car,49
MY98825,California,F,Bachelor,8057,64304,68,0,Corporate Auto,Two-Door Car,65
VW73816,Oregon,M,Bachelor,9185,73795,116,1,Personal Auto,SUV,502
FN66189,Oregon,F,College,15418,84376,96,0,Personal Auto,Four-Door Car,44
HU75748,Arizona,F,High School or Below,6829,0,66,1,Personal Auto,Two-Door Car,471
OS11465,Oregon,M,High School or Below,8501,79153,106,0,Special Auto,SUV,509
UY61913,Oregon,M,College,8847,17950,118,0,Personal Auto,SUV,425
OD70577,Arizona,F,College,2841,0,80,1,Personal Auto,Two-Door Car,963
DC91024,Oregon,M,Bachelor,15985,0,69,0,Personal Auto,Two-Door Car,331
VQ67172,Oregon,F,College,18542,0,72,0,Corporate Auto,Four-Door Car,623
MF23895,Arizona,F,College,2610,58139,65,1,Corporate Auto,Four-Door Car,33
AA10041,California,M,High School or Below,7902,0,113,0,Personal Auto,SUV,1258
DV36320,California,F,High School or Below,17996,80991,223,0,Personal Auto,Luxury,937
UE72026,California,F,College,5022,69678,126,0,Personal Auto,Luxury,307
SE78641,Arizona,M,Bachelor,4655,0,67,0,Personal Auto,Two-Door Car,577
YC69616,Arizona,F,College,2720,14030,72,0,Personal Auto,Two-Door Car,346
SM10254,Oregon,F,Bachelor,4727,13037,124,0,Personal Auto,SUV,839
AG45299,California,M,College,8596,76763,108,0,Personal Auto,SUV,186
KS45476,Washington,F,High School or Below,15626,50461,131,0,Personal Auto,Luxury,810
No69427,California,M,High School or Below,2798,69604,70,0,Corporate Auto,Four-Door Car,112
BA52133,California,M,Master,5345,22908,68,0,Personal Auto,Four-Door Car,388
WT59944,California,F,College,17558,68273,146,0,Personal Auto,Luxury,76
XV30885,California,M,College,4596,95550,116,1,Personal Auto,SUV,382
LU79865,Nevada,M,Bachelor,5794,88370,74,1,Personal Auto,Four-Door Car,355
BL29046,Oregon,F,Doctor,5332,68931,66,0,Corporate Auto,Four-Door Car,310
AM34581,Oregon,F,Bachelor,6680,24432,87,3,Corporate Auto,Two-Door Car,71
YN75239,Oregon,M,College,7911,77577,199,1,Personal Auto,Luxury,36
OJ84485,California,M,High School or Below,12517,12607,110,0,Personal Auto,SUV,528
JA12995,Oregon,F,College,2325,0,63,0,Personal Auto,Four-Door Car,302
OD85990,Oregon,F,Bachelor,3964,23474,102,0,Corporate Auto,SUV,490
NZ57264,California,M,Bachelor,7486,0,113,0,Personal Auto,SUV,814
OL39995,Oregon,M,Bachelor,6708,0,65,0,Personal Auto,Four-Door Car,360
LK51620,California,M,High School or Below,12902,98478,106,0,Corporate Auto,Four-Door Car,509
ZB91993,Arizona,M,College,5927,23091,96,5,Personal Auto,Four-Door Car,461
SZ60342,Arizona,M,College,5149,51071,65,0,Personal Auto,Two-Door Car,312
WE80653,Oregon,F,Bachelor,6827,0,103,2,Personal Auto,SUV,2
EE28119,Arizona,F,Bachelor,4670,69921,118,2,Personal Auto,Two-Door Car,373
GA49547,Washington,M,High School or Below,5363,36357,68,0,Personal Auto,Four-Door Car,17
BA92673,Oregon,F,High School or Below,6962,0,63,0,Personal Auto,Four-Door Car,41
PT70350,Oregon,M,High School or Below,28511,27607,104,0,Corporate Auto,Four-Door Car,641
KL29678,Oregon,F,Master,8625,43610,106,0,Personal Auto,Luxury,509
HL84679,Oregon,F,Bachelor,3382,0,91,0,Personal Auto,Four-Door Car,437
GH94657,California,M,Bachelor,2320,14660,61,0,Personal Auto,Four-Door Car,397
EZ71780,Arizona,F,High School or Below,8807,26864,78,0,Special Auto,Four-Door Car,374
BW76745,Oregon,M,Doctor,2491,36631,62,0,Personal Auto,Four-Door Car,68
TN64240,California,F,Bachelor,7854,42582,99,0,Corporate Auto,Four-Door Car,629
AE23906,Arizona,M,College,9817,37256,62,0,Personal Auto,Four-Door Car,129
CX20455,Arizona,M,College,22104,0,102,0,Corporate Auto,SUV,490
KX18446,Washington,M,High School or Below,6689,56980,84,0,Corporate Auto,Two-Door Car,599
NR66922,Oregon,M,Master,11323,98254,94,3,Corporate Auto,Four-Door Car,230
PQ27923,Washington,M,Master,6333,71737,79,0,Personal Auto,Two-Door Car,339
No81415,Arizona,M,Bachelor,3139,31177,79,0,Personal Auto,Four-Door Car,906
OI48534,California,F,High School or Below,2617,98338,65,0,Personal Auto,Four-Door Car,36
FH83537,California,F,High School or Below,3733,0,106,0,Personal Auto,Luxury,879
VH94792,California,F,Bachelor,4434,0,65,0,Special Auto,Four-Door Car,312
VD37089,Washington,M,College,3479,29938,90,0,Corporate Auto,Four-Door Car,562
UW68708,California,F,Bachelor,5010,0,69,0,Personal Auto,Four-Door Car,497
PV39600,California,M,Bachelor,8417,24285,111,0,Personal Auto,Two-Door Car,1258
ZD42919,California,M,Master,4484,32983,113,0,Personal Auto,SUV,467
ZX68434,California,F,Doctor,5125,0,134,0,Personal Auto,SUV,643
CH81088,Oregon,F,Bachelor,3721,71333,93,0,Personal Auto,Four-Door Car,344
SV68939,Arizona,F,Master,9989,33157,124,0,Personal Auto,SUV,286
WI81695,Oregon,F,College,3342,0,91,0,Personal Auto,Four-Door Car,437
OU50429,California,M,Bachelor,7525,36580,64,1,Personal Auto,Four-Door Car,461
TE44937,Oregon,F,High School or Below,13467,11432,119,0,Personal Auto,SUV,571
GC29421,California,F,High School or Below,2949,78596,73,0,Personal Auto,Four-Door Car,106
RF71693,Arizona,F,Bachelor,5180,35143,65,0,Corporate Auto,Four-Door Car,171
JZ22920,Arizona,M,Master,3225,29606,81,0,Personal Auto,Four-Door Car,438
ZL68596,Arizona,M,Master,8850,53228,73,0,Special Auto,Four-Door Car,137
GV91160,Oregon,F,High School or Below,2886,10312,78,0,Personal Auto,Four-Door Car,486
PC80039,Oregon,F,Bachelor,2359,19864,63,0,Personal Auto,Four-Door Car,352
RH72839,Nevada,F,High School or Below,4669,76157,116,0,Personal Auto,Two-Door Car,557
SV15363,California,M,High School or Below,6366,44368,80,0,Personal Auto,Two-Door Car,384
CN17219,Oregon,M,College,25582,27961,72,0,Personal Auto,Two-Door Car,346
ZM84839,California,F,College,8146,92777,68,2,Personal Auto,Two-Door Car,158
ZO31878,Oregon,F,Master,5412,55992,67,0,Personal Auto,Four-Door Car,191
BU70181,Arizona,M,Master,5757,88997,72,0,Personal Auto,Four-Door Car,174
RN20799,Arizona,F,High School or Below,4755,21926,63,0,Personal Auto,Four-Door Car,302
VF58561,Oregon,F,Bachelor,4995,82413,62,0,Personal Auto,Four-Door Car,298
HU26687,California,M,Bachelor,2825,48008,73,4,Personal Auto,Four-Door Car,137
VT84289,California,F,College,5908,87796,74,0,Personal Auto,Four-Door Car,355
ZG17326,Oregon,M,Bachelor,4989,38928,64,0,Personal Auto,Four-Door Car,327
ZR84007,Arizona,M,Bachelor,7405,58779,64,1,Personal Auto,Four-Door Car,307
WM17695,Washington,F,Doctor,16553,98912,135,0,Personal Auto,SUV,715
YR76491,Oregon,F,College,15102,0,137,0,Personal Auto,SUV,33
NY93341,Arizona,F,High School or Below,9119,33882,114,0,Personal Auto,SUV,273
BC87161,Oregon,M,Bachelor,2760,92296,69,0,Personal Auto,Two-Door Car,331
PW23851,Oregon,F,Bachelor,15252,63287,127,0,Personal Auto,SUV,617
UM73815,Arizona,F,High School or Below,14517,74871,178,0,Personal Auto,SUV,854
HW19506,Arizona,F,High School or Below,5597,37995,139,0,Personal Auto,SUV,667
JF90784,California,F,High School or Below,19323,0,139,1,Personal Auto,SUV,1389
OW15518,Washington,F,College,15950,0,87,1,Personal Auto,Two-Door Car,46
BR28896,Nevada,M,High School or Below,3176,64706,81,0,Personal Auto,Two-Door Car,373
PD32943,Oregon,M,Bachelor,4526,0,64,1,Personal Auto,Four-Door Car,307
GM83516,Arizona,M,College,2574,29500,67,0,Corporate Auto,Four-Door Car,322
BK15048,Arizona,M,College,6657,0,69,1,Personal Auto,Four-Door Car,497
RA27021,Nevada,F,Bachelor,27565,26410,91,0,Corporate Auto,Four-Door Car,185
JW15941,California,M,Master,3843,97832,95,0,Personal Auto,Two-Door Car,108
GP20408,Oregon,F,College,3808,94903,94,0,Personal Auto,Two-Door Car,451
AM57175,Oregon,F,High School or Below,15001,62473,76,1,Personal Auto,Four-Door Car,508
RI40862,Nevada,M,College,5573,85704,69,0,Personal Auto,Four-Door Car,325
EY86980,Oregon,M,Bachelor,6222,74270,78,0,Corporate Auto,Two-Door Car,122
FG24850,Oregon,F,Master,5097,22886,65,0,Personal Auto,Four-Door Car,312
JB39997,California,F,College,6183,36464,78,0,Personal Auto,Four-Door Car,94
CG43444,California,F,Bachelor,9389,33599,80,0,Personal Auto,Four-Door Car,111
ZG69918,Oregon,M,College,8169,20819,73,1,Special Auto,Four-Door Car,207
GM70734,California,F,College,13561,29095,91,1,Corporate Auto,Two-Door Car,281
PM14429,California,M,College,6699,30852,88,0,Personal Auto,Four-Door Car,319
FD55376,California,M,High School or Below,20231,48448,74,1,Corporate Auto,Four-Door Car,355
PS25185,Washington,F,Bachelor,4097,20079,110,0,Corporate Auto,Two-Door Car,528
YE70791,California,M,High School or Below,5169,12430,73,0,Personal Auto,Four-Door Car,350
UN52560,Arizona,M,Bachelor,6279,47669,80,0,Personal Auto,Four-Door Car,384
SS95187,Arizona,M,Bachelor,3344,40794,87,0,Personal Auto,Four-Door Car,334
OU62959,California,M,Bachelor,15532,95340,198,2,Personal Auto,Luxury,809
ZV36800,Oregon,M,Bachelor,4237,14476,113,0,Corporate Auto,Luxury,542
XF83901,Arizona,F,College,3693,0,105,0,Personal Auto,Four-Door Car,756
RE12758,California,M,High School or Below,6783,26116,85,0,Personal Auto,Four-Door Car,612
CH97666,California,M,Bachelor,3683,12454,100,0,Personal Auto,Luxury,720
NU25698,Oregon,F,High School or Below,13996,48245,121,3,Personal Auto,SUV,581
ZV80216,Oregon,M,High School or Below,5620,0,153,0,Personal Auto,SUV,1027
PB47955,Oregon,F,Bachelor,8332,0,119,0,Personal Auto,SUV,857
BD36887,Nevada,F,College,4171,37478,105,0,Personal Auto,Luxury,654
JG65202,Oregon,M,High School or Below,7874,0,74,0,Personal Auto,Two-Door Car,569
YV76240,Oregon,F,College,10677,45732,134,0,Corporate Auto,SUV,612
LN28900,California,M,Bachelor,14687,0,85,0,Personal Auto,Four-Door Car,612
IN77241,Washington,M,Bachelor,5395,65978,67,0,Corporate Auto,Two-Door Car,252
DI42246,Arizona,M,College,2231,0,62,0,Personal Auto,Four-Door Car,326
SE86346,Nevada,F,College,7771,58467,65,0,Corporate Auto,Four-Door Car,453
FK46365,Washington,F,College,4104,82427,102,0,Personal Auto,SUV,490
XW93623,Nevada,M,Bachelor,7221,33811,184,0,Personal Auto,Luxury,587
FJ62579,Oregon,M,High School or Below,12285,0,183,2,Personal Auto,Luxury,878
ZZ22193,California,F,Master,5705,37675,71,0,Personal Auto,Four-Door Car,381
ZY77695,Arizona,M,Bachelor,2434,0,72,0,Personal Auto,Two-Door Car,346
ZJ65064,California,F,College,4922,0,70,0,Personal Auto,Four-Door Car,336
FA59186,California,M,High School or Below,4660,0,67,0,Personal Auto,Two-Door Car,482
XS74336,Washington,F,High School or Below,2542,0,71,0,Personal Auto,Four-Door Car,511
RT80802,Nevada,M,College,11659,19851,102,0,Personal Auto,Luxury,220
KN65809,Washington,F,High School or Below,11132,0,99,0,Personal Auto,Four-Door Car,475
QF17381,Arizona,F,Bachelor,4734,0,62,0,Corporate Auto,Four-Door Car,741
JF16897,Oregon,F,High School or Below,8776,28360,73,0,Personal Auto,Four-Door Car,864
PB90912,California,M,High School or Below,7804,70833,193,0,Personal Auto,Luxury,926
CH50339,Arizona,F,Master,2522,0,69,1,Corporate Auto,Four-Door Car,470
GU41198,California,F,Bachelor,9536,62421,80,2,Corporate Auto,Four-Door Car,384
CT96082,Oregon,F,Bachelor,4711,13933,62,0,Corporate Auto,Two-Door Car,49
KP26590,Nevada,F,Bachelor,3801,40513,96,1,Personal Auto,Four-Door Car,152
ZQ51896,Oregon,M,College,21159,0,108,0,Special Auto,SUV,778
BI34286,Oregon,M,Master,6515,47259,81,0,Corporate Auto,Four-Door Car,389
XJ97760,California,M,Master,4740,35039,61,0,Personal Auto,Four-Door Car,254
CO71128,California,F,College,21241,0,190,0,Personal Auto,Luxury,1368
SJ88799,Washington,M,High School or Below,3981,92539,101,0,Personal Auto,Four-Door Car,707
RC74014,Oregon,F,College,4990,0,71,0,Special Auto,Two-Door Car,850
CP66511,Oregon,M,High School or Below,2563,92038,65,2,Personal Auto,Two-Door Car,178
JG13893,Nevada,M,Bachelor,7355,51789,61,0,Corporate Auto,Two-Door Car,436
ER49844,Arizona,M,College,5041,61972,64,2,Personal Auto,Four-Door Car,139
AU91447,Oregon,M,Doctor,12732,40870,105,0,Special Auto,SUV,504
SK58227,California,F,High School or Below,8880,52583,113,0,Personal Auto,SUV,528
HG23705,Arizona,F,Bachelor,2873,79681,73,1,Personal Auto,Four-Door Car,9
MV93555,Oregon,F,High School or Below,11058,69792,137,0,Personal Auto,SUV,697
VQ20924,Arizona,F,High School or Below,7138,19794,93,0,Corporate Auto,Two-Door Car,603
AR59416,Oregon,M,High School or Below,29037,0,113,0,Personal Auto,SUV,542
DF65548,California,F,Master,8613,26680,106,0,Personal Auto,Two-Door Car,509
PA28328,California,F,College,3861,93272,95,0,Corporate Auto,Four-Door Car,281
WY31530,Oregon,M,Doctor,2483,0,68,0,Personal Auto,Two-Door Car,87
LV89056,California,F,Bachelor,3133,0,91,1,Personal Auto,Four-Door Car,655
KC49055,Oregon,M,Bachelor,7123,21835,92,0,Personal Auto,Two-Door Car,622
RA62150,Arizona,F,College,28436,0,116,0,Personal Auto,SUV,900
OY70124,Washington,F,Bachelor,12742,73054,106,1,Personal Auto,SUV,419
OT94107,Oregon,F,Bachelor,3177,35551,81,1,Personal Auto,Four-Door Car,565
CF27806,California,F,Bachelor,5470,54507,138,0,Personal Auto,SUV,703
EK50729,Oregon,M,Bachelor,4583,0,67,0,Personal Auto,Four-Door Car,322
TF53472,Oregon,F,Bachelor,5350,41336,68,0,Personal Auto,Four-Door Car,263
PG50529,California,F,High School or Below,5581,31972,70,0,Personal Auto,Four-Door Car,416
QT46509,Oregon,M,College,7049,20416,93,0,Personal Auto,Four-Door Car,446
LI72489,Nevada,M,Bachelor,15306,46338,193,0,Corporate Auto,SUV,19
MF74413,Oregon,M,High School or Below,9658,0,131,0,Personal Auto,SUV,629
SI58884,California,M,College,3985,17220,105,0,Personal Auto,SUV,504
KG53604,Oregon,M,College,9817,37256,62,0,Personal Auto,Four-Door Car,129
XB97091,Arizona,F,High School or Below,37244,53602,115,0,Personal Auto,Luxury,295
JS12902,Oregon,F,High School or Below,4123,24732,107,0,Corporate Auto,Luxury,73
LL14393,Oregon,M,High School or Below,2557,23867,65,0,Personal Auto,Four-Door Car,312
UJ71101,California,M,High School or Below,17254,0,124,0,Personal Auto,Luxury,929
ZY95807,California,M,Bachelor,36181,0,180,0,Corporate Auto,Luxury,864
GA72966,Oregon,F,Bachelor,8427,46503,215,1,Personal Auto,Luxury,1032
WS36101,Oregon,M,High School or Below,2348,0,63,0,Personal Auto,Four-Door Car,454
GY88677,Oregon,F,Bachelor,23675,46268,199,1,Personal Auto,Luxury,842
XT45580,Oregon,F,College,4089,60759,104,0,Corporate Auto,SUV,499
RY23571,California,F,Bachelor,2484,75615,65,5,Personal Auto,Four-Door Car,157
NB82190,Oregon,M,College,5278,73742,68,0,Personal Auto,Two-Door Car,27
XG14438,Arizona,M,College,13728,0,126,0,Personal Auto,SUV,605
TQ84956,California,M,High School or Below,10964,55687,276,0,Corporate Auto,Luxury,1325
FV58292,Oregon,M,Bachelor,5556,74015,72,0,Personal Auto,Four-Door Car,471
EF52334,Washington,M,Bachelor,3261,0,93,0,Personal Auto,Four-Door Car,670
ZV17267,Oregon,F,Bachelor,11030,37056,92,0,Personal Auto,Four-Door Car,442
RH71877,Arizona,F,College,4771,12964,65,0,Personal Auto,Two-Door Car,363
GS23406,California,F,High School or Below,2734,30916,70,0,Personal Auto,Four-Door Car,21
VZ66567,California,M,Bachelor,3748,0,106,0,Personal Auto,SUV,509
VP57785,Oregon,F,College,4771,12964,65,0,Personal Auto,Two-Door Car,363
NS51605,Oregon,M,Master,8510,26057,74,0,Personal Auto,Four-Door Car,524
QV48556,Arizona,F,Master,5421,29981,71,0,Corporate Auto,Two-Door Car,341
PR10005,Oregon,M,Bachelor,2916,85210,74,0,Personal Auto,Four-Door Car,101
IF80474,Washington,M,College,13364,86653,111,0,Personal Auto,Four-Door Car,277
NE73773,Oregon,M,High School or Below,3975,0,113,0,Personal Auto,SUV,542
WM72573,California,M,College,14710,22872,131,2,Personal Auto,SUV,755
NX71501,California,F,Doctor,5936,42889,74,0,Personal Auto,Four-Door Car,177
LR79755,California,M,College,2862,74034,72,0,Personal Auto,Four-Door Car,267
KC26486,Arizona,F,Bachelor,8427,46503,215,1,Personal Auto,Luxury,1032
DY22077,Arizona,M,Bachelor,8623,97361,73,0,Corporate Auto,Four-Door Car,350
UV54104,Oregon,M,Bachelor,2301,25905,63,0,Personal Auto,Four-Door Car,302
SG66076,Arizona,M,Bachelor,10057,16097,139,0,Personal Auto,Luxury,1001
GW52309,Nevada,F,High School or Below,9118,56446,114,0,Personal Auto,SUV,547
DC46965,Nevada,M,Master,5507,11343,72,0,Personal Auto,Four-Door Car,155
JK57654,California,M,Doctor,10972,24164,137,0,Personal Auto,Luxury,658
QO62792,Oregon,M,College,7840,58414,210,2,Personal Auto,Luxury,1008
XI56955,Washington,F,Bachelor,5504,0,73,0,Personal Auto,Four-Door Car,350
NR99710,Arizona,F,High School or Below,4793,24395,62,0,Personal Auto,Two-Door Car,357
QH90382,Oregon,F,Master,4188,52471,103,0,Personal Auto,Two-Door Car,164
SI30451,Arizona,F,College,2718,30009,68,0,Personal Auto,Four-Door Car,317
UM39817,Oregon,F,Bachelor,8258,23815,73,0,Personal Auto,Four-Door Car,424
YG98004,Oregon,F,Master,12664,27739,104,0,Corporate Auto,Four-Door Car,3
KF80172,Nevada,M,College,2648,37876,69,0,Personal Auto,Four-Door Car,300
LD95617,California,M,Bachelor,4831,0,72,0,Corporate Auto,Four-Door Car,346
YJ24476,Nevada,F,Bachelor,4558,14665,61,0,Personal Auto,Four-Door Car,293
LM67096,Oregon,F,Bachelor,2128,0,61,1,Corporate Auto,Four-Door Car,31
FB21121,California,F,Bachelor,2547,86595,63,0,Corporate Auto,Two-Door Car,446
LW91009,Washington,M,College,4993,24368,68,1,Personal Auto,Four-Door Car,326
RD28560,Washington,F,Bachelor,12742,73054,106,1,Corporate Auto,SUV,419
DD22139,Washington,F,College,7863,0,72,0,Corporate Auto,Two-Door Car,732
LN50415,Oregon,M,Bachelor,5131,50994,128,0,Corporate Auto,SUV,346
OP62891,Oregon,F,High School or Below,2275,0,64,0,Personal Auto,Two-Door Car,461
JT47995,Arizona,F,College,60556,0,204,0,Personal Auto,Luxury,979
AG39150,Oregon,M,Bachelor,2356,0,63,0,Personal Auto,Four-Door Car,302
QJ65440,California,F,Bachelor,28824,0,87,1,Corporate Auto,Four-Door Car,626
IJ40048,California,M,Bachelor,4979,28695,64,0,Corporate Auto,Four-Door Car,221
PX86841,Arizona,F,College,6521,72608,82,3,Special Auto,Four-Door Car,394
ES87355,Oregon,F,Bachelor,7565,48381,63,0,Personal Auto,Two-Door Car,302
EZ85603,Arizona,F,College,11632,0,152,0,Personal Auto,SUV,1083
YJ96611,Arizona,F,High School or Below,7180,0,104,0,Special Auto,Luxury,1210
UB18338,Oregon,M,Bachelor,12169,14973,115,0,Personal Auto,SUV,828
TF67147,Oregon,F,Bachelor,2248,24910,63,1,Personal Auto,Four-Door Car,348
FY83287,Washington,M,Doctor,2530,50577,63,0,Personal Auto,Two-Door Car,12
JO11457,Oregon,M,High School or Below,4653,0,70,1,Personal Auto,Two-Door Car,585
BS94221,Arizona,F,College,2354,26184,62,0,Special Auto,Two-Door Car,298
CB64729,Nevada,M,Bachelor,8417,20215,112,0,Personal Auto,Four-Door Car,538
XB32430,California,M,Bachelor,5718,68342,72,0,Personal Auto,Four-Door Car,149
LN43251,Oregon,M,High School or Below,4624,0,133,0,Personal Auto,SUV,958
BX20227,Oregon,F,College,6521,72608,82,3,Personal Auto,Four-Door Car,394
PC12390,Nevada,M,Master,5507,74960,69,1,Corporate Auto,Four-Door Car,108
XQ44462,Oregon,M,College,2675,56342,69,0,Corporate Auto,Four-Door Car,331
GF59560,Oregon,F,College,5818,86824,72,0,Personal Auto,Four-Door Car,189
FE67098,Nevada,M,College,4646,37530,117,0,Personal Auto,SUV,562
LO98108,Oregon,M,Bachelor,2227,0,62,0,Personal Auto,Two-Door Car,298
SP94430,California,F,Bachelor,7651,53330,65,0,Personal Auto,Four-Door Car,224
SH44158,Oregon,M,Bachelor,2305,0,63,0,Special Auto,Four-Door Car,328
WY41435,Nevada,F,College,11960,52436,76,0,Personal Auto,Four-Door Car,109
MR77933,Arizona,F,Bachelor,11315,11885,101,0,Personal Auto,Four-Door Car,485
WJ38827,Oregon,M,High School or Below,7213,0,97,0,Corporate Auto,Two-Door Car,499
TM33419,Washington,F,College,5256,44536,137,1,Personal Auto,SUV,47
QF91596,Nevada,F,Bachelor,4795,82763,61,0,Personal Auto,Four-Door Car,245
DB16336,Nevada,F,College,2660,0,87,3,Corporate Auto,Four-Door Car,420
BX35013,Arizona,F,Master,27643,63401,113,0,Personal Auto,SUV,52
JB20891,Arizona,F,High School or Below,10083,11828,90,0,Personal Auto,Four-Door Car,571
WE68750,Oregon,M,Bachelor,5688,99747,72,0,Corporate Auto,Two-Door Car,62
RN65450,California,M,College,3059,0,88,0,Personal Auto,Four-Door Car,634
BW79345,Nevada,F,High School or Below,4945,78796,61,0,Personal Auto,Two-Door Car,293
OZ64384,Oregon,F,Bachelor,8609,79090,107,0,Personal Auto,SUV,289
KV99077,Nevada,M,College,5157,43906,65,0,Personal Auto,Two-Door Car,468
NY24020,Arizona,M,High School or Below,3749,82189,94,0,Personal Auto,Two-Door Car,354
CJ81799,Oregon,F,College,7463,70263,93,0,Personal Auto,Two-Door Car,7
QI69873,Washington,M,Master,15064,19132,207,0,Personal Auto,Luxury,1009
VC70716,Arizona,M,High School or Below,9658,0,131,0,Corporate Auto,SUV,629
ZB88708,Nevada,M,Master,2799,78127,69,0,Personal Auto,Four-Door Car,136
XG64081,Arizona,M,Bachelor,2760,92296,69,0,Personal Auto,Two-Door Car,331
ZZ35218,Oregon,M,Doctor,5392,0,74,0,Corporate Auto,Two-Door Car,317
KA95976,California,F,High School or Below,5393,80550,68,3,Personal Auto,Four-Door Car,266
TF23305,Arizona,F,College,3575,51950,89,0,Personal Auto,Two-Door Car,429
TU72516,Oregon,F,College,5608,20392,73,0,Personal Auto,Four-Door Car,350
DM16101,Washington,F,College,4755,30886,61,0,Special Auto,Four-Door Car,8
UF93725,Oregon,M,Bachelor,2240,0,66,0,Personal Auto,Four-Door Car,475
IH62666,California,F,Bachelor,7356,33089,61,0,Personal Auto,Four-Door Car,293
FG23952,Oregon,M,College,13284,0,132,0,Personal Auto,SUV,950
NH85248,Arizona,M,College,6893,0,68,0,Corporate Auto,Two-Door Car,326
XO75323,California,M,College,3966,72439,100,1,Personal Auto,SUV,480
FX78901,Oregon,F,Bachelor,16549,81639,82,0,Special Auto,Four-Door Car,48
KG40352,Oregon,F,College,5447,68815,68,0,Personal Auto,Four-Door Car,115
GX27974,California,F,College,4645,0,63,0,Personal Auto,Four-Door Car,95
ST31207,California,F,Bachelor,5319,25134,67,0,Personal Auto,Four-Door Car,322
VC64410,Arizona,F,High School or Below,2491,25965,65,0,Personal Auto,Four-Door Car,329
YO49328,Arizona,M,High School or Below,12296,55193,105,1,Personal Auto,SUV,504
KP10993,California,F,College,6274,18577,86,0,Personal Auto,Four-Door Car,413
FR15853,Nevada,M,High School or Below,6366,44368,80,0,Corporate Auto,Two-Door Car,384
BR13613,Oregon,M,College,6006,13528,86,0,Personal Auto,Four-Door Car,413
MM27192,Oregon,F,Master,11982,21514,62,0,Personal Auto,Two-Door Car,257
HI36042,California,M,High School or Below,11886,0,105,0,Personal Auto,SUV,756
GT89774,Arizona,F,Bachelor,17109,87139,213,0,Personal Auto,Luxury,364
SB83749,California,M,High School or Below,4718,20355,61,1,Personal Auto,Four-Door Car,439
WE77831,California,M,Bachelor,4779,0,73,2,Personal Auto,Four-Door Car,350
HM21382,Washington,M,Bachelor,2402,46210,61,3,Personal Auto,Two-Door Car,439
ML10022,Nevada,F,College,13198,0,68,3,Personal Auto,Four-Door Car,326
QJ65472,California,M,High School or Below,29233,28613,114,0,Personal Auto,Four-Door Car,821
TZ71391,Oregon,M,Master,8510,26057,74,0,Personal Auto,Four-Door Car,524
AS62048,Arizona,M,Bachelor,4774,0,73,0,Personal Auto,Four-Door Car,526
PL14941,Nevada,F,High School or Below,9114,76700,112,0,Personal Auto,Four-Door Car,322
LK87874,Nevada,F,Bachelor,7664,0,109,0,Personal Auto,SUV,523
NK53938,Oregon,M,Master,2600,45181,65,0,Personal Auto,Four-Door Car,312
VF96109,Oregon,M,High School or Below,8819,99845,110,1,Personal Auto,SUV,528
IV32877,Oregon,M,Bachelor,6858,0,101,0,Personal Auto,SUV,1022
EE96187,Oregon,F,High School or Below,7109,92423,88,0,Personal Auto,Four-Door Car,404
FJ31683,Washington,F,Doctor,2843,43793,71,0,Personal Auto,Four-Door Car,16
ON90223,Washington,M,College,12846,93210,107,2,Personal Auto,SUV,514
SC70396,Oregon,M,Bachelor,3499,58484,88,1,Personal Auto,Two-Door Car,44
WF44706,Oregon,M,High School or Below,6005,26876,76,0,Personal Auto,Four-Door Car,365
CF15252,Arizona,F,Bachelor,4345,48054,109,0,Personal Auto,SUV,523
DG51590,Arizona,F,Bachelor,25402,36800,91,0,Personal Auto,Two-Door Car,237
LE12782,Arizona,M,College,4467,28663,61,4,Personal Auto,Four-Door Car,293
LD98568,California,F,College,7849,54431,97,0,Personal Auto,Four-Door Car,284
WX92363,Washington,F,Bachelor,4251,27608,108,0,Personal Auto,SUV,309
KX57885,California,M,Bachelor,6073,22103,89,1,Personal Auto,Four-Door Car,427
XI30683,Arizona,M,College,6730,0,103,0,Personal Auto,SUV,742
TM13510,Arizona,M,Doctor,2589,46168,65,0,Personal Auto,Four-Door Car,312
LU95652,Oregon,M,College,7306,83221,91,0,Personal Auto,Four-Door Car,14
OD45969,California,M,Bachelor,8531,98677,105,0,Personal Auto,Four-Door Car,108
MU96709,California,F,High School or Below,8618,46379,72,0,Corporate Auto,Four-Door Car,346
KX55910,Oregon,F,College,4957,62803,62,0,Personal Auto,Two-Door Car,401
KE10223,California,M,Bachelor,12255,0,177,0,Personal Auto,SUV,1274
QS29824,Nevada,M,College,9625,0,134,0,Personal Auto,SUV,965
OF12725,California,F,Bachelor,7080,28139,97,2,Personal Auto,Four-Door Car,466
WE52840,Arizona,F,College,7053,52982,89,0,Corporate Auto,Four-Door Car,31
OJ65117,Oregon,F,Bachelor,5366,77095,68,1,Personal Auto,Four-Door Car,462
FC52000,Oregon,F,College,4307,26322,111,2,Corporate Auto,SUV,180
IN57582,California,F,College,5971,25125,81,1,Corporate Auto,Four-Door Car,583
UY13430,Oregon,F,High School or Below,8880,52583,113,0,Special Auto,SUV,528
PD66941,Arizona,M,Bachelor,4458,17622,65,1,Personal Auto,Four-Door Car,312
IB36843,California,M,Master,5566,90607,70,0,Personal Auto,Four-Door Car,312
VE51810,Arizona,M,Bachelor,5813,42795,73,0,Personal Auto,Four-Door Car,350
RX50446,Arizona,F,High School or Below,8366,27042,110,0,Personal Auto,Four-Door Car,1263
TK22471,Oregon,M,College,7276,27984,62,1,Personal Auto,Four-Door Car,445
YR85283,Nevada,F,High School or Below,15084,26021,126,0,Personal Auto,SUV,332
WH83589,Arizona,F,High School or Below,8459,25448,71,0,Personal Auto,Four-Door Car,345
NM40177,California,M,Bachelor,8011,52009,68,0,Personal Auto,Four-Door Car,250
UV44069,Oregon,F,High School or Below,2514,23504,69,0,Corporate Auto,Two-Door Car,374
CO25601,Washington,M,High School or Below,4113,0,71,3,Personal Auto,Four-Door Car,570
IS58493,Oregon,M,Master,4370,40774,110,1,Personal Auto,Luxury,395
YF54705,Nevada,M,College,7356,36812,92,1,Personal Auto,Two-Door Car,393
ES66762,Oregon,F,Bachelor,10657,72540,88,0,Personal Auto,Two-Door Car,632
CX85598,Arizona,M,Bachelor,5366,51240,70,2,Personal Auto,Four-Door Car,284
QF74806,California,M,College,6047,20396,76,1,Personal Auto,Four-Door Car,365
LO17461,Arizona,F,High School or Below,2886,35654,72,0,Personal Auto,Two-Door Car,515
KW95891,Oregon,F,High School or Below,2635,93884,65,0,Personal Auto,Four-Door Car,312
YR45605,Oregon,F,Bachelor,2414,0,68,0,Personal Auto,Four-Door Car,379
OW83209,Nevada,M,Bachelor,8342,30344,107,0,Personal Auto,SUV,343
AT86990,Arizona,F,Bachelor,2487,28738,62,0,Personal Auto,Two-Door Car,82
CW80905,Nevada,M,High School or Below,9213,70958,115,0,Personal Auto,Luxury,115
TK65222,California,M,Bachelor,16408,22103,109,0,Personal Auto,Four-Door Car,160
FQ89652,Oregon,F,College,7017,0,103,0,Special Auto,SUV,742
PH70685,California,F,Bachelor,5482,70795,68,0,Corporate Auto,Four-Door Car,178
AP34711,Arizona,F,Master,10382,32821,129,0,Personal Auto,SUV,26
AZ31562,Arizona,M,College,5499,22520,73,0,Personal Auto,Four-Door Car,350
VU87728,Nevada,M,High School or Below,4846,0,72,0,Personal Auto,Four-Door Car,518
XX34879,Oregon,M,College,14718,56263,93,0,Corporate Auto,Four-Door Car,446
GG91020,Nevada,M,Bachelor,9657,0,72,0,Personal Auto,Four-Door Car,346
RO58812,California,M,College,4466,0,64,0,Personal Auto,Four-Door Car,307
GU29647,Oregon,M,Bachelor,21424,0,65,0,Personal Auto,Two-Door Car,312
QF66202,Nevada,M,College,2532,31993,66,1,Personal Auto,Four-Door Car,40
GB44176,Arizona,M,College,8378,40994,106,0,Personal Auto,Four-Door Car,60
RH70194,Nevada,M,Bachelor,5093,29638,64,0,Personal Auto,Four-Door Car,307
TL40288,Oregon,F,College,13353,0,119,0,Personal Auto,Four-Door Car,730
VZ70667,Oregon,F,College,14207,26056,73,0,Personal Auto,Four-Door Car,356
GK21260,Oregon,F,Doctor,10233,22821,131,0,Personal Auto,SUV,740
GS92994,Washington,F,College,15436,84581,96,0,Personal Auto,Four-Door Car,4
KI91500,California,F,High School or Below,8641,22193,74,0,Personal Auto,Two-Door Car,416
TL51969,Washington,M,Bachelor,7335,30969,63,1,Personal Auto,Two-Door Car,358
NR16284,California,F,College,7463,70263,93,0,Personal Auto,Two-Door Car,7
MA68039,California,M,High School or Below,3635,35056,96,3,Personal Auto,Two-Door Car,461
ZI51939,Oregon,M,College,5526,73435,69,0,Corporate Auto,Two-Door Car,331
NX93393,Oregon,M,High School or Below,4335,86096,108,0,Corporate Auto,Two-Door Car,518
SE30128,California,M,High School or Below,4832,0,139,0,Personal Auto,SUV,1001
VT78222,Oregon,M,Master,9268,55808,116,0,Personal Auto,SUV,551
AH17051,California,M,Bachelor,14700,29695,94,0,Personal Auto,Four-Door Car,554
NC76877,California,F,Bachelor,4905,88043,61,0,Corporate Auto,Four-Door Car,189
JD71348,California,M,College,7289,60875,92,0,Personal Auto,Four-Door Car,411
DR88293,Arizona,M,Bachelor,8479,0,77,0,Personal Auto,Four-Door Car,13
ZB23962,Oregon,M,High School or Below,7953,0,118,0,Personal Auto,SUV,850
JO90877,Washington,F,Bachelor,2870,70974,71,0,Personal Auto,Four-Door Car,341
IR45546,Oregon,F,Bachelor,10530,37518,131,0,Special Auto,Luxury,473
LO99872,Oregon,M,College,5498,28128,70,0,Personal Auto,Two-Door Car,336
CW16221,Oregon,F,Bachelor,7090,45254,93,3,Corporate Auto,Four-Door Car,446
UU92753,Oregon,F,Doctor,26416,85537,108,0,Personal Auto,SUV,285
WH63678,Oregon,M,Master,2728,74608,68,1,Corporate Auto,Four-Door Car,408
TE31876,California,F,High School or Below,11815,41004,102,3,Personal Auto,Luxury,490
MU59158,Arizona,F,Master,4091,38884,102,0,Personal Auto,Two-Door Car,424
LV57595,California,F,Master,5182,97131,64,0,Corporate Auto,Four-Door Car,307
GY99495,Oregon,M,Master,6172,0,84,0,Corporate Auto,Four-Door Car,403
FN67085,California,M,College,2487,22331,64,0,Corporate Auto,Four-Door Car,61
US82470,Arizona,M,Bachelor,13094,37541,109,0,Corporate Auto,SUV,96
UN53508,Oregon,F,Bachelor,4688,27357,61,0,Corporate Auto,Four-Door Car,293
FK37308,Oregon,F,Doctor,2703,0,72,0,Corporate Auto,Two-Door Car,42
EW34780,California,F,Bachelor,11315,11885,101,0,Personal Auto,Four-Door Car,485
HG97353,Oregon,F,Bachelor,8680,52717,109,0,Corporate Auto,Four-Door Car,60
FM31768,Arizona,F,High School or Below,5980,57693,76,0,Personal Auto,Four-Door Car,547
DO18118,Oregon,F,High School or Below,10997,0,104,0,Personal Auto,SUV,749
BC31913,Arizona,F,Bachelor,11718,73903,73,0,Corporate Auto,Four-Door Car,439
HB29169,Washington,F,Bachelor,42463,0,281,1,Personal Auto,Luxury,1500
KO86181,Oregon,F,College,6942,0,111,3,Personal Auto,SUV,533
NT38409,California,M,College,2551,79452,65,0,Corporate Auto,Four-Door Car,188
IP77666,Nevada,F,Bachelor,10657,72540,88,0,Personal Auto,Two-Door Car,632
KL80110,Arizona,F,College,9333,89513,116,0,Personal Auto,SUV,233
KR35099,Washington,M,College,7507,60920,64,0,Personal Auto,Two-Door Car,231
YP41539,Oregon,F,High School or Below,5320,88669,66,1,Personal Auto,Four-Door Car,214
MM10866,California,F,Bachelor,8609,79090,107,0,Personal Auto,SUV,289
WD88264,Washington,M,High School or Below,12299,17101,113,0,Corporate Auto,SUV,542
XN18885,Oregon,M,High School or Below,7285,44788,61,0,Personal Auto,Four-Door Car,386
VB94165,Nevada,M,Master,6714,0,93,1,Special Auto,Two-Door Car,604
FG71665,Arizona,M,Bachelor,2810,26790,71,0,Personal Auto,Two-Door Car,341
IV98398,California,M,Bachelor,15320,81955,126,0,Corporate Auto,SUV,720
YN39714,Oregon,F,High School or Below,8489,80213,70,0,Personal Auto,Two-Door Car,440
WL92199,Arizona,M,Doctor,2379,0,66,0,Personal Auto,Four-Door Car,91
KC36987,Oregon,M,Bachelor,13334,47950,170,1,Personal Auto,SUV,781
JW24212,Oregon,M,Bachelor,3123,0,101,4,Personal Auto,SUV,960
OG57342,Washington,M,Doctor,2383,0,65,0,Corporate Auto,Four-Door Car,312
SN49269,Oregon,M,High School or Below,7813,72353,66,0,Personal Auto,Two-Door Car,317
RE52529,California,F,High School or Below,14024,81872,115,0,Corporate Auto,Four-Door Car,256
EQ68292,Arizona,M,Bachelor,5335,74606,68,0,Corporate Auto,Two-Door Car,109
KF88603,Oregon,M,High School or Below,9700,0,138,0,Personal Auto,SUV,994
JR62870,California,M,High School or Below,5703,41438,72,0,Personal Auto,Two-Door Car,324
NN40477,Arizona,F,Bachelor,4281,52679,110,2,Personal Auto,Luxury,528
JP40952,Arizona,M,High School or Below,3398,0,101,0,Personal Auto,SUV,1184
FG24548,Oregon,M,Bachelor,11044,44524,70,0,Personal Auto,Four-Door Car,201
DZ89536,Oregon,M,Master,3238,60244,83,3,Corporate Auto,Four-Door Car,326
GH64274,California,M,High School or Below,25805,22711,82,0,Personal Auto,Two-Door Car,394
NX62002,Oregon,M,College,17498,0,73,0,Corporate Auto,Two-Door Car,350
CV57391,Arizona,F,Bachelor,22261,50398,71,0,Personal Auto,Four-Door Car,339
ZN36983,California,M,College,9007,0,86,1,Personal Auto,Four-Door Car,413
OT40088,Oregon,F,High School or Below,9905,0,66,0,Personal Auto,Four-Door Car,475
CD56261,California,F,High School or Below,7432,0,102,0,Corporate Auto,SUV,1037
OG72448,Arizona,M,Bachelor,8151,0,114,0,Personal Auto,Four-Door Car,1310
IH64929,California,M,High School or Below,4956,87197,63,0,Personal Auto,Two-Door Car,247
FD20455,California,M,Bachelor,6537,0,100,0,Personal Auto,Luxury,720
ET89070,California,F,High School or Below,9449,85221,117,0,Personal Auto,Luxury,517
DY87071,Arizona,M,High School or Below,7519,96306,95,1,Personal Auto,Four-Door Car,185
AX10148,California,F,Bachelor,2409,0,66,0,Personal Auto,Four-Door Car,317
DB28487,California,F,High School or Below,17041,22249,64,0,Personal Auto,Four-Door Car,455
KU92052,California,F,High School or Below,4398,0,62,0,Personal Auto,Four-Door Car,382
FB17016,Oregon,F,Bachelor,5470,54507,138,0,Personal Auto,SUV,703
BM45823,Oregon,M,College,3173,0,101,4,Personal Auto,Four-Door Car,485
NN53003,California,M,College,13258,20754,184,0,Personal Auto,Luxury,1325
LF94873,California,F,College,13045,0,190,1,Personal Auto,SUV,1654
VB57504,California,M,High School or Below,2561,30027,65,0,Personal Auto,Four-Door Car,312
NT25078,Nevada,M,Bachelor,3388,23156,88,2,Special Auto,Four-Door Car,422
FH86704,California,M,High School or Below,6439,0,93,0,Personal Auto,Four-Door Car,670
KX32370,California,M,College,7079,23222,90,0,Corporate Auto,Two-Door Car,253
NN76284,California,F,College,2418,0,65,0,Corporate Auto,Four-Door Car,468
LJ43988,California,F,Master,20493,27317,102,0,Personal Auto,Four-Door Car,490
MM44301,California,F,College,7805,21073,106,1,Corporate Auto,SUV,509
ED63600,California,M,College,22063,0,225,0,Corporate Auto,Luxury,1620
RT37588,Arizona,F,High School or Below,11218,69268,93,0,Personal Auto,Two-Door Car,19
LF19061,Arizona,F,High School or Below,5427,74561,68,1,Personal Auto,Two-Door Car,234
EW73451,Arizona,M,High School or Below,2592,72421,65,0,Personal Auto,Four-Door Car,312
UC29668,Oregon,F,Master,2601,0,71,0,Corporate Auto,Two-Door Car,17
ZC32761,Arizona,M,Bachelor,8433,57961,72,0,Personal Auto,Two-Door Car,39
FQ22639,California,M,College,2968,35205,76,0,Personal Auto,Four-Door Car,179
YZ60434,Oregon,M,Master,5380,0,74,0,Personal Auto,Four-Door Car,59
MJ45965,Oregon,M,High School or Below,8060,72309,68,0,Personal Auto,Four-Door Car,245
IS95398,Nevada,F,Bachelor,8445,76352,109,2,Personal Auto,SUV,502
LZ81665,Washington,M,High School or Below,9655,0,100,2,Personal Auto,SUV,720
OP43389,California,F,College,8178,29057,102,0,Corporate Auto,SUV,490
PI98333,Oregon,F,Bachelor,2353,0,66,0,Personal Auto,Four-Door Car,501
YX67409,California,M,Bachelor,8059,25595,101,0,Personal Auto,SUV,485
XR85926,Oregon,M,Bachelor,8012,58058,67,0,Personal Auto,Four-Door Car,355
MJ54807,Nevada,M,Bachelor,16473,22828,106,0,Personal Auto,SUV,509
AX36597,Arizona,F,College,5907,0,81,0,Personal Auto,Four-Door Car,390
IC94434,California,F,Bachelor,8258,23815,73,0,Corporate Auto,Four-Door Car,424
ZX56541,California,M,Bachelor,4954,45329,65,3,Personal Auto,Two-Door Car,312
RI76571,Washington,M,Master,43027,59349,119,0,Personal Auto,SUV,222
YL78930,Oregon,M,College,3795,19794,105,0,Personal Auto,Four-Door Car,504
ZX17330,Arizona,M,Bachelor,2537,92401,64,0,Personal Auto,Four-Door Car,50
MK92016,Oregon,M,Bachelor,8026,0,109,0,Corporate Auto,SUV,898
KH93541,Nevada,F,College,7787,83000,97,1,Corporate Auto,Four-Door Car,379
UG12132,Washington,F,College,5257,77693,65,0,Personal Auto,Four-Door Car,225
BV35683,Arizona,F,Bachelor,8256,62902,69,0,Personal Auto,Two-Door Car,159
PN69476,Nevada,M,Master,2453,0,70,2,Personal Auto,Two-Door Car,450
HB70063,Washington,M,College,4313,43386,111,0,Personal Auto,SUV,413
CR59224,California,M,Bachelor,5557,29120,72,0,Corporate Auto,Two-Door Car,346
RH97231,Washington,M,Bachelor,8694,48893,110,0,Personal Auto,SUV,788
FY67942,California,F,College,11831,92931,146,0,Personal Auto,SUV,503
HG68775,Washington,F,College,4506,15462,115,0,Corporate Auto,Four-Door Car,612
ED28429,Washington,M,Bachelor,4160,0,62,0,Personal Auto,Two-Door Car,446
IH17933,Washington,M,College,4462,70088,112,0,Personal Auto,SUV,536
NE67816,Oregon,M,College,2515,25558,63,0,Personal Auto,Four-Door Car,454
QJ65091,Arizona,F,High School or Below,8007,0,112,0,Corporate Auto,Luxury,538
TR75465,Washington,M,Master,9901,0,134,0,Personal Auto,SUV,643
LM12349,Washington,F,Bachelor,12283,36328,155,0,Corporate Auto,SUV,388
XZ62712,Washington,F,High School or Below,44468,32948,127,1,Personal Auto,SUV,1429
SL70555,California,M,Bachelor,8185,69114,103,0,Personal Auto,SUV,162
XI31845,Oregon,F,High School or Below,16008,45302,133,0,Personal Auto,SUV,638
DQ34772,Arizona,M,High School or Below,6362,0,88,0,Personal Auto,Four-Door Car,111
XU57332,California,F,College,8737,53173,112,0,Personal Auto,SUV,1169
SJ87108,Arizona,F,Bachelor,4334,23904,123,3,Corporate Auto,SUV,590
PL33465,Arizona,F,Bachelor,4376,63774,111,0,Personal Auto,Four-Door Car,60
XL80761,California,M,College,9294,67544,116,0,Corporate Auto,SUV,557
SB41594,California,M,College,2543,26691,65,0,Personal Auto,Four-Door Car,312
UB51030,Washington,F,High School or Below,6582,0,62,0,Special Auto,Four-Door Car,298
KT46283,California,M,College,4686,58089,118,0,Corporate Auto,SUV,566
WZ65217,Nevada,M,Bachelor,14325,0,136,0,Personal Auto,SUV,653
JB11283,California,M,Bachelor,12743,99583,64,0,Personal Auto,Four-Door Car,100
TM13014,California,M,Bachelor,2434,0,68,0,Personal Auto,Four-Door Car,271
QS81789,Oregon,F,Bachelor,25107,24410,73,0,Corporate Auto,Four-Door Car,350
FP78531,California,F,Bachelor,13432,68956,118,2,Personal Auto,SUV,119
RN41087,California,F,High School or Below,2754,0,73,0,Personal Auto,Four-Door Car,299
WJ88394,Nevada,F,College,8653,20588,113,0,Personal Auto,SUV,586
LH94971,Oregon,M,Bachelor,7058,37840,90,0,Corporate Auto,Four-Door Car,432
VW34309,Oregon,F,Bachelor,5907,43440,74,0,Personal Auto,Four-Door Car,128
XH47320,Nevada,F,Master,2937,83195,73,1,Personal Auto,Two-Door Car,333
GX13549,California,F,High School or Below,4974,0,70,0,Personal Auto,Four-Door Car,336
VY32314,Oregon,M,High School or Below,4269,43209,110,0,Personal Auto,Luxury,528
TF65501,California,F,High School or Below,4602,37308,115,0,Personal Auto,SUV,552
EO24423,Arizona,M,Master,2405,22239,62,0,Personal Auto,Four-Door Car,298
LA79102,California,F,Doctor,7638,66106,95,1,Personal Auto,Two-Door Car,250
FT74388,Nevada,M,High School or Below,4624,97065,117,0,Personal Auto,SUV,562
ZE59592,Oregon,M,College,5470,24910,69,0,Personal Auto,Two-Door Car,746
JU64043,Oregon,M,Master,4999,49414,68,5,Personal Auto,Four-Door Car,160
TR96772,Arizona,F,High School or Below,15957,61148,132,0,Personal Auto,Luxury,98
DQ35195,Arizona,F,Bachelor,9276,52494,119,0,Corporate Auto,Two-Door Car,571
No74162,Arizona,M,High School or Below,7595,20538,104,0,Personal Auto,SUV,499
XP52012,Arizona,M,High School or Below,24259,0,89,0,Personal Auto,Two-Door Car,539
HQ16068,Washington,M,High School or Below,24637,73716,103,0,Special Auto,Luxury,163
QM78112,Washington,M,Bachelor,2810,26790,71,0,Personal Auto,Two-Door Car,341
GI30974,Oregon,M,Bachelor,2337,0,65,0,Corporate Auto,Four-Door Car,468
NM51858,Oregon,M,High School or Below,4668,53252,117,0,Personal Auto,SUV,562
ZL37444,California,M,Doctor,10972,24164,137,0,Personal Auto,Luxury,658
CI60365,California,F,High School or Below,34611,20090,109,0,Special Auto,Luxury,523
IX45386,Arizona,M,College,2479,81721,63,0,Personal Auto,Four-Door Car,134
ZO29478,Washington,F,High School or Below,26197,18495,113,0,Personal Auto,SUV,542
NG34818,California,M,Bachelor,6282,42314,80,0,Personal Auto,Four-Door Car,56
EE95568,California,F,Bachelor,10954,89892,135,0,Personal Auto,SUV,526
LM84166,California,M,Bachelor,3164,0,92,1,Personal Auto,Two-Door Car,662
RO32883,Oregon,F,Bachelor,7805,0,117,4,Personal Auto,Four-Door Car,91
OI68331,California,F,Doctor,5207,21576,65,0,Personal Auto,Four-Door Car,312
PW95813,Oregon,F,High School or Below,2886,10312,78,0,Personal Auto,Four-Door Car,486
LM50087,Arizona,F,College,2484,50632,62,0,Corporate Auto,Two-Door Car,55
JD82896,California,F,High School or Below,4896,0,139,0,Personal Auto,SUV,1001
KA62636,Oregon,M,High School or Below,4928,97917,67,5,Personal Auto,Two-Door Car,279
VG85511,Arizona,M,College,8760,28280,116,0,Personal Auto,Luxury,557
GT18023,California,F,High School or Below,11282,86195,139,0,Special Auto,SUV,602
VI35467,Nevada,F,Master,4316,89797,106,0,Personal Auto,SUV,71
LF75926,Arizona,M,College,4492,0,63,0,Personal Auto,Four-Door Car,302
SS13550,Nevada,M,High School or Below,6745,0,192,0,Personal Auto,Luxury,1921
AA34092,California,M,College,28800,33635,240,0,Personal Auto,Luxury,1152
GQ15708,Oregon,M,Bachelor,14503,29790,194,0,Personal Auto,Luxury,931
JR72064,Arizona,M,High School or Below,8271,44656,70,0,Personal Auto,Two-Door Car,336
AN79079,Arizona,M,Doctor,12732,40870,105,0,Personal Auto,SUV,504
DS45844,California,M,College,4167,0,117,0,Corporate Auto,Luxury,95
QJ90136,California,F,High School or Below,10455,28363,133,0,Personal Auto,Luxury,638
OS95734,California,F,Bachelor,7074,94508,88,0,Personal Auto,Four-Door Car,491
KT21352,Oregon,M,High School or Below,7046,0,64,0,Personal Auto,Four-Door Car,325
CG33085,Oregon,M,Doctor,13357,0,124,0,Personal Auto,SUV,696
IU94124,Arizona,M,College,18709,0,77,1,Personal Auto,Four-Door Car,554
HW93117,California,F,Bachelor,8169,0,116,0,Corporate Auto,Luxury,835
ON63161,Oregon,F,High School or Below,8583,18017,114,0,Personal Auto,Four-Door Car,547
HT64629,Washington,F,High School or Below,12234,0,117,0,Personal Auto,SUV,931
XE59612,Nevada,M,High School or Below,7186,63741,91,0,Corporate Auto,Four-Door Car,37
VZ39362,Oregon,F,High School or Below,9060,57078,113,1,Personal Auto,Luxury,542
SL71970,Oregon,F,High School or Below,2336,0,67,0,Special Auto,Four-Door Car,459
YO29244,Oregon,F,Bachelor,7995,25239,100,0,Personal Auto,SUV,151
TN85931,Oregon,F,High School or Below,5898,29227,74,0,Special Auto,Two-Door Car,421
PP92749,California,F,Bachelor,3939,60021,99,0,Special Auto,Four-Door Car,883
MB54287,Oregon,F,Bachelor,2695,0,73,0,Personal Auto,Four-Door Car,781
JQ93340,Nevada,M,High School or Below,5459,83208,68,0,Special Auto,Four-Door Car,326
LN20978,Oregon,F,Bachelor,10722,25983,90,0,Corporate Auto,Four-Door Car,432
ZD59913,Oregon,F,High School or Below,2491,25965,65,0,Corporate Auto,Four-Door Car,329
BG80246,Arizona,F,College,5570,22679,72,0,Personal Auto,Two-Door Car,346
VP48253,Arizona,M,High School or Below,5101,41186,70,4,Personal Auto,Four-Door Car,242
BR39076,California,F,High School or Below,7634,0,67,0,Personal Auto,Four-Door Car,446
ZD29731,California,M,College,4657,29070,61,2,Personal Auto,Two-Door Car,293
QR88427,Nevada,F,Bachelor,4363,0,63,0,Personal Auto,Four-Door Car,302
WN69789,California,F,College,2527,33485,63,0,Personal Auto,Four-Door Car,344
LZ39487,Washington,F,High School or Below,5123,58206,64,0,Personal Auto,Four-Door Car,454
GO42840,Oregon,M,High School or Below,2484,87492,62,0,Personal Auto,Two-Door Car,264
SR96970,Oregon,M,Bachelor,3489,0,98,0,Personal Auto,Four-Door Car,706
ED90879,Nevada,M,Bachelor,7326,20757,102,3,Corporate Auto,Four-Door Car,216
SS69401,Oregon,F,College,4841,23449,61,0,Corporate Auto,Four-Door Car,293
VF32335,Arizona,M,College,19964,0,192,0,Personal Auto,Luxury,922
WX14028,Nevada,F,College,32450,60455,104,0,Personal Auto,SUV,499
FP99321,Washington,M,High School or Below,2628,0,89,4,Personal Auto,Four-Door Car,641
QF21628,California,M,High School or Below,3096,53588,77,0,Personal Auto,Four-Door Car,370
OR40901,California,M,Doctor,12732,40870,105,0,Corporate Auto,SUV,504
NF82527,Arizona,M,Bachelor,2632,0,71,0,Personal Auto,Two-Door Car,341
GD84658,Nevada,F,High School or Below,35984,0,129,0,Corporate Auto,Luxury,1268
PA14842,Washington,F,High School or Below,2907,45128,72,0,Special Auto,Four-Door Car,67
SA45648,California,M,Bachelor,10628,90874,137,4,Personal Auto,SUV,460
IQ37561,Arizona,F,High School or Below,7591,52823,95,0,Personal Auto,Two-Door Car,126
TP34946,California,M,College,5108,26784,67,0,Corporate Auto,Four-Door Car,482
TL20040,Oregon,M,College,13990,22354,118,0,Personal Auto,SUV,776
JM96431,Oregon,M,College,3116,54420,80,0,Personal Auto,Four-Door Car,576
LN10007,Oregon,F,College,13369,50800,112,0,Corporate Auto,Luxury,621
WY17451,Oregon,F,College,8621,0,87,1,Personal Auto,Four-Door Car,418
XS30210,Arizona,M,College,10359,84583,65,0,Corporate Auto,Four-Door Car,239
UD27331,Nevada,M,Bachelor,3242,33701,88,3,Personal Auto,Four-Door Car,461
HC52114,California,F,Bachelor,4345,0,63,0,Corporate Auto,Four-Door Car,463
WG50184,Arizona,F,Doctor,5332,68931,66,0,Corporate Auto,Four-Door Car,310
BQ99053,Oregon,M,College,7692,0,105,0,Personal Auto,Four-Door Car,504
IY77611,Arizona,M,High School or Below,26224,0,115,1,Corporate Auto,SUV,828
ER24015,Arizona,M,College,6931,29318,198,5,Personal Auto,SUV,1387
SG71810,Oregon,F,College,11610,41503,73,0,Personal Auto,Two-Door Car,15
OQ10108,Oregon,M,High School or Below,8937,0,126,0,Personal Auto,SUV,605
ON45263,California,F,Bachelor,2463,0,69,0,Personal Auto,Two-Door Car,427
RD15786,Oregon,M,Bachelor,2301,25905,63,0,Personal Auto,Four-Door Car,302
TU64352,Oregon,F,College,4078,0,116,0,Personal Auto,Luxury,835
CR12479,Nevada,F,College,2869,40046,73,0,Personal Auto,Four-Door Car,119
AW36627,California,F,High School or Below,4428,58577,110,0,Personal Auto,SUV,304
UD31660,California,M,Bachelor,4062,70129,103,1,Personal Auto,Four-Door Car,130
QL18084,Nevada,M,Master,18504,91268,229,0,Corporate Auto,Luxury,738
DJ11965,California,F,College,4905,12902,139,0,Personal Auto,Luxury,667
LT16517,Oregon,F,High School or Below,10828,62053,134,0,Personal Auto,SUV,614
JG77605,Nevada,F,Bachelor,5745,30389,73,0,Personal Auto,Four-Door Car,279
PD94851,Nevada,M,Bachelor,2423,15585,65,0,Personal Auto,Two-Door Car,68
NK27819,Arizona,M,College,5927,23091,96,5,Personal Auto,Four-Door Car,461
PL28709,California,F,College,4605,22571,63,0,Personal Auto,Four-Door Car,302
DY35560,Oregon,M,High School or Below,2133,0,61,0,Personal Auto,Four-Door Car,692
LX23185,Oregon,F,College,2644,0,82,3,Personal Auto,Two-Door Car,394
NA39347,California,M,College,5824,73976,73,0,Personal Auto,Four-Door Car,339
SI32097,Oregon,F,Bachelor,6890,30814,87,0,Personal Auto,Four-Door Car,418
JD50909,Arizona,F,Bachelor,3008,80681,74,0,Corporate Auto,Four-Door Car,355
FB55024,Oregon,F,High School or Below,3286,60934,82,0,Personal Auto,Two-Door Car,394
NQ51389,Oregon,M,High School or Below,13553,0,62,2,Corporate Auto,Two-Door Car,446
EA23961,California,F,College,5166,80797,64,0,Personal Auto,Four-Door Car,301
RQ78687,Oregon,M,College,2946,89410,74,0,Personal Auto,Four-Door Car,96
ZE42703,Nevada,M,Bachelor,4863,52728,127,1,Corporate Auto,SUV,610
LZ34164,Nevada,F,Bachelor,4893,43199,61,0,Personal Auto,Four-Door Car,334
CO44659,Arizona,F,Bachelor,3338,43510,83,0,Personal Auto,Four-Door Car,238
YQ53901,Washington,F,Bachelor,5246,28909,66,0,Personal Auto,Two-Door Car,457
LX46285,Oregon,F,Master,9031,0,122,0,Personal Auto,Luxury,651
GH90738,Oregon,F,Bachelor,3580,71176,91,2,Personal Auto,Two-Door Car,278
FK10455,California,M,Bachelor,9803,84429,123,0,Personal Auto,SUV,115
GJ77362,California,M,Bachelor,4826,61613,61,1,Special Auto,Four-Door Car,41
WJ26538,California,M,Master,3203,68370,80,0,Personal Auto,Four-Door Car,244
IN67175,California,F,College,5659,52389,72,1,Personal Auto,Four-Door Car,346
LA52988,Oregon,F,High School or Below,4145,64478,103,0,Personal Auto,SUV,8
ZH89968,Washington,F,High School or Below,13771,59207,116,0,Personal Auto,Four-Door Car,557
YA17061,Nevada,F,High School or Below,3716,17162,96,0,Corporate Auto,Four-Door Car,461
NT76210,Nevada,M,Bachelor,3123,0,101,4,Personal Auto,SUV,960
XL58577,California,M,Bachelor,12169,14973,115,0,Personal Auto,SUV,828
WJ57919,California,M,College,2675,56342,69,0,Special Auto,Four-Door Car,331
FG77231,Oregon,F,Bachelor,12742,73054,106,1,Personal Auto,SUV,419
UH32376,Nevada,M,Bachelor,4038,21586,106,0,Personal Auto,Two-Door Car,1056
RA43827,Oregon,F,High School or Below,8628,0,117,0,Special Auto,SUV,842
WA67245,Oregon,F,High School or Below,22094,24193,185,0,Personal Auto,Luxury,785
GT65478,Oregon,F,College,8217,84815,68,0,Personal Auto,Four-Door Car,280
SZ35936,Oregon,F,High School or Below,26197,18495,113,0,Corporate Auto,SUV,542
AT41276,California,M,Bachelor,8111,36554,70,1,Personal Auto,Two-Door Car,433
JD94356,Oregon,F,Bachelor,4766,0,68,0,Personal Auto,Four-Door Car,657
PU88199,Oregon,M,High School or Below,8819,99845,110,1,Corporate Auto,SUV,528
OR33365,California,F,College,5171,0,69,0,Corporate Auto,Two-Door Car,344
KQ36942,California,M,Bachelor,3897,10853,104,0,Corporate Auto,SUV,350
LN62857,California,F,Master,6005,23749,77,0,Personal Auto,Four-Door Car,152
GY99465,Oregon,F,College,6869,0,69,2,Corporate Auto,Four-Door Car,331
JV58396,California,M,Bachelor,3055,0,88,0,Personal Auto,Four-Door Car,422
WC83553,Oregon,M,College,4874,92783,61,0,Personal Auto,Two-Door Car,7
CB95310,Arizona,F,Doctor,2747,83502,68,0,Personal Auto,Four-Door Car,369
YY71144,Oregon,M,College,8717,83846,74,3,Personal Auto,Four-Door Car,355
TP96247,Oregon,F,High School or Below,4100,18606,110,1,Personal Auto,SUV,569
HC16500,Arizona,M,Doctor,8190,72191,68,0,Personal Auto,Four-Door Car,209
AM29546,Oregon,M,College,5225,57733,66,0,Personal Auto,Two-Door Car,394
ZM31116,Arizona,M,Doctor,7949,63688,99,0,Personal Auto,Four-Door Car,475
VG40704,California,F,College,3135,55855,79,0,Personal Auto,Four-Door Car,273
PJ73790,Oregon,F,Bachelor,3939,60021,99,0,Special Auto,Four-Door Car,883
KE36052,Arizona,M,High School or Below,5326,0,73,0,Corporate Auto,Two-Door Car,496
HW97280,California,M,High School or Below,19483,74300,122,0,Personal Auto,SUV,355
WX10701,Washington,M,Bachelor,3459,0,96,0,Corporate Auto,Four-Door Car,461
CC16034,Oregon,F,High School or Below,17104,51747,71,0,Personal Auto,Four-Door Car,341
YA83600,Arizona,F,High School or Below,2753,28887,73,2,Personal Auto,Four-Door Car,426
UE10014,Arizona,M,High School or Below,12867,0,189,0,Personal Auto,Luxury,1416
NV11692,Nevada,F,Bachelor,4420,0,68,3,Personal Auto,Four-Door Car,546
XJ52902,Nevada,M,High School or Below,2756,43540,70,0,Corporate Auto,Two-Door Car,118
EI89831,Nevada,F,Bachelor,7744,96961,64,0,Corporate Auto,Two-Door Car,81
ZY57929,Arizona,F,College,8170,32799,104,0,Personal Auto,SUV,499
KI70852,Nevada,F,Bachelor,3570,0,101,0,Personal Auto,SUV,1201
WD38067,California,F,Bachelor,10657,72540,88,0,Personal Auto,Two-Door Car,632
NQ45562,California,M,Master,7093,35173,180,2,Personal Auto,Luxury,415
RU75129,Washington,F,High School or Below,2777,65431,69,0,Personal Auto,Four-Door Car,331
KC16062,Arizona,F,High School or Below,7550,0,100,0,Corporate Auto,SUV,480
VK57280,Washington,M,Bachelor,4727,0,72,0,Personal Auto,Four-Door Car,346
AP90638,Arizona,M,High School or Below,14275,0,84,0,Personal Auto,Four-Door Car,605
GF12712,California,F,High School or Below,9559,40672,121,0,Corporate Auto,SUV,581
QQ26855,California,F,High School or Below,8880,52583,113,0,Personal Auto,SUV,528
ZJ90079,Arizona,F,College,5525,64816,69,0,Corporate Auto,Four-Door Car,331
CE75354,California,F,Bachelor,5923,36685,74,0,Corporate Auto,Four-Door Car,355
CP38401,Oregon,M,High School or Below,8502,0,136,3,Personal Auto,Luxury,979
ZZ42291,California,F,Master,40236,77143,125,3,Personal Auto,SUV,176
EI57866,Arizona,M,Master,2585,60942,64,0,Special Auto,Two-Door Car,288
KL39986,Arizona,F,High School or Below,19279,0,61,0,Personal Auto,Two-Door Car,367
PL18921,Oregon,F,Master,11982,21514,62,0,Personal Auto,Two-Door Car,257
SR71068,Washington,M,High School or Below,3934,25927,103,0,Personal Auto,SUV,675
JM47657,Oregon,F,High School or Below,2491,25965,65,0,Personal Auto,Four-Door Car,329
JZ54775,Arizona,F,Bachelor,7432,27688,92,0,Personal Auto,Four-Door Car,572
LO57469,Oregon,F,High School or Below,7865,75490,97,0,Corporate Auto,Four-Door Car,43
DA99797,Oregon,F,Bachelor,15979,33871,136,0,Personal Auto,SUV,934
WA63124,Nevada,F,College,2114,0,65,2,Personal Auto,Four-Door Car,468
YV97407,California,M,College,8662,85470,109,0,Personal Auto,SUV,523
UQ71296,Washington,M,College,5625,97095,70,0,Personal Auto,Four-Door Car,208
LY14687,Washington,F,College,4592,73604,114,0,Personal Auto,SUV,184
AM32820,California,M,Bachelor,3710,0,112,0,Personal Auto,SUV,1083
ZP47993,California,F,Bachelor,8209,40646,103,0,Personal Auto,Four-Door Car,494
WN13366,Arizona,F,High School or Below,5595,74454,71,0,Personal Auto,Four-Door Car,341
MK87221,Arizona,F,High School or Below,3414,18168,87,0,Personal Auto,Two-Door Car,418
BC77846,Nevada,M,High School or Below,6325,0,89,0,Personal Auto,Two-Door Car,615
YL27602,Oregon,M,Master,6394,0,66,2,Personal Auto,Four-Door Car,317
QS70017,Arizona,M,Bachelor,8738,43597,110,0,Personal Auto,Two-Door Car,528
PZ80067,Oregon,M,High School or Below,4836,0,140,0,Personal Auto,SUV,672
FV62588,Oregon,M,High School or Below,24968,66825,69,0,Personal Auto,Four-Door Car,70
IN56924,California,F,High School or Below,5410,0,62,5,Personal Auto,Four-Door Car,298
IX67925,California,M,Bachelor,2344,0,74,1,Personal Auto,Four-Door Car,533
IS58553,Oregon,F,High School or Below,15174,22448,126,0,Personal Auto,SUV,605
AB78984,Oregon,M,College,11124,42596,96,0,Personal Auto,Four-Door Car,42
WN13947,Oregon,M,Bachelor,4863,0,70,0,Corporate Auto,Four-Door Car,647
VA91846,Arizona,M,College,5578,97868,70,1,Special Auto,Two-Door Car,268
KM58067,California,F,High School or Below,4527,92921,112,0,Personal Auto,SUV,109
EL42453,Washington,M,Bachelor,2520,41372,64,0,Personal Auto,Four-Door Car,307
TP10619,California,F,High School or Below,4892,26660,63,0,Personal Auto,Two-Door Car,454
AH41065,Washington,M,High School or Below,18943,58851,79,1,Personal Auto,Four-Door Car,494
SS63511,California,M,High School or Below,8565,95697,107,0,Corporate Auto,Luxury,178
NE21279,California,F,Master,4420,0,112,0,Personal Auto,SUV,538
TN71995,Arizona,M,Bachelor,5638,0,84,1,Personal Auto,Four-Door Car,403
OM13505,Washington,M,Bachelor,5047,81741,64,0,Corporate Auto,Four-Door Car,186
KI83797,Oregon,F,College,4913,48295,63,0,Personal Auto,Four-Door Car,290
SH60585,Nevada,F,High School or Below,5799,65538,72,0,Personal Auto,Four-Door Car,261
GU33167,Oregon,M,College,5569,53997,69,0,Personal Auto,Four-Door Car,345
BX20846,Oregon,F,College,3861,93272,95,0,Personal Auto,Four-Door Car,281
VK69632,California,F,Bachelor,2913,68899,74,0,Personal Auto,Two-Door Car,66
RU72450,California,M,Bachelor,6980,0,67,0,Corporate Auto,Four-Door Car,322
KN15789,Nevada,F,High School or Below,6769,0,97,0,Personal Auto,Four-Door Car,698
GG29821,Oregon,M,Bachelor,8194,54950,103,0,Corporate Auto,SUV,481
RN98239,California,M,High School or Below,7519,96306,95,1,Personal Auto,Four-Door Car,185
NE83217,Nevada,F,Bachelor,3746,70342,96,1,Personal Auto,Four-Door Car,686
YU72630,Arizona,M,High School or Below,2592,72421,65,0,Personal Auto,Four-Door Car,312
EZ80325,California,F,Bachelor,4548,0,132,3,Personal Auto,Luxury,950
CE41738,Oregon,F,College,2885,77748,72,0,Personal Auto,Two-Door Car,7
HF15113,Oregon,F,Bachelor,4884,19096,64,0,Personal Auto,Two-Door Car,375
WZ83320,Arizona,F,Master,9061,73876,112,0,Personal Auto,Four-Door Car,419
XX31571,Washington,M,High School or Below,16728,0,237,0,Personal Auto,Luxury,1706
US90854,Oregon,M,Bachelor,11178,20742,100,0,Personal Auto,SUV,456
FX55357,Arizona,M,College,4364,44804,114,0,Corporate Auto,SUV,778
LR32149,Arizona,F,Bachelor,22940,52993,64,0,Personal Auto,Four-Door Car,305
UK66803,Oregon,F,Bachelor,4926,49185,61,0,Corporate Auto,Two-Door Car,127
VO87159,Oregon,F,High School or Below,23086,69240,194,0,Personal Auto,Luxury,745
QK23524,Oregon,F,Bachelor,5149,26877,131,0,Personal Auto,SUV,629
ZQ37164,Arizona,F,Bachelor,8017,82828,67,1,Personal Auto,Four-Door Car,217
FG47217,California,M,Bachelor,2539,99824,63,0,Special Auto,Four-Door Car,302
FQ46354,California,M,Bachelor,10499,30352,89,0,Personal Auto,Four-Door Car,146
AG56998,Oregon,M,College,2449,0,69,0,Corporate Auto,Two-Door Car,331
KG23128,Oregon,M,Bachelor,6057,27681,83,0,Personal Auto,Two-Door Car,398
NX34811,Nevada,F,Bachelor,8296,85478,103,0,Personal Auto,Two-Door Car,224
PY79729,Oregon,F,High School or Below,2787,94310,70,4,Corporate Auto,Four-Door Car,431
VJ64329,Oregon,F,College,25465,13663,97,0,Corporate Auto,Four-Door Car,466
CO71312,Arizona,F,High School or Below,11470,10384,151,0,Personal Auto,SUV,914
VG83453,California,M,Doctor,3557,17272,93,0,Personal Auto,Two-Door Car,446
JD78271,Nevada,F,College,8317,64367,104,0,Personal Auto,SUV,96
XM69101,Oregon,M,Bachelor,7602,47519,96,0,Personal Auto,Two-Door Car,245
HK30754,Arizona,M,College,9427,26263,85,0,Special Auto,Two-Door Car,475
WJ47053,Oregon,M,Bachelor,6419,0,63,0,Personal Auto,Two-Door Car,557
HX36471,California,F,High School or Below,6788,0,93,0,Personal Auto,Two-Door Car,855
HS66275,California,F,High School or Below,3359,77309,83,0,Personal Auto,Two-Door Car,596
MB75636,Oregon,F,College,2440,50876,61,0,Personal Auto,Four-Door Car,171
KB35786,Oregon,M,Bachelor,4506,20284,65,1,Personal Auto,Four-Door Car,533
LX42787,California,M,College,2310,22567,69,0,Personal Auto,Four-Door Car,497
SS34897,California,M,Bachelor,2542,63546,64,0,Personal Auto,Four-Door Car,132
ZQ92997,Nevada,M,High School or Below,6414,0,89,0,Personal Auto,Four-Door Car,641
OB66874,Oregon,F,College,2585,28137,65,0,Personal Auto,Two-Door Car,312
LE74625,California,M,Master,2961,22608,77,0,Personal Auto,Four-Door Car,370
QN60028,California,M,Bachelor,2760,92296,69,0,Corporate Auto,Two-Door Car,331
GV19121,Oregon,M,College,3342,0,69,5,Personal Auto,Two-Door Car,331
PS43764,Washington,M,High School or Below,5169,12430,73,0,Special Auto,Four-Door Car,350
YW60802,Oregon,F,High School or Below,4117,0,116,0,Personal Auto,SUV,1302
UI80897,Washington,M,High School or Below,5553,50470,71,0,Corporate Auto,Two-Door Car,377
VV35420,Arizona,M,High School or Below,7285,44788,61,0,Personal Auto,Four-Door Car,386
RW61528,Nevada,F,College,13917,52423,119,1,Corporate Auto,Four-Door Car,571
LT60268,Nevada,F,College,11044,29696,139,0,Personal Auto,SUV,478
VA77345,Oregon,F,College,3531,26884,89,0,Special Auto,Four-Door Car,238
WG15595,California,M,College,2760,64388,69,0,Personal Auto,Two-Door Car,331
FZ45665,Oregon,F,Bachelor,6500,0,61,0,Personal Auto,Four-Door Car,293
MM90239,Oregon,M,High School or Below,6369,34498,83,0,Personal Auto,Two-Door Car,398
UG18431,Arizona,M,Bachelor,13083,73060,108,0,Special Auto,SUV,518
BE78308,Oregon,M,Bachelor,2151,0,63,0,Personal Auto,Two-Door Car,454
EM29019,Arizona,F,Bachelor,8448,61337,105,0,Personal Auto,SUV,3
SK37917,Nevada,M,College,5075,0,73,0,Corporate Auto,Two-Door Car,350
DD68171,Arizona,F,Bachelor,3528,59496,88,0,Personal Auto,Four-Door Car,189
NF20746,Oregon,F,Bachelor,13062,0,180,0,Personal Auto,Luxury,1474
PY48656,Arizona,F,Master,6260,37813,78,1,Corporate Auto,Four-Door Car,40
AO42003,Oregon,F,College,16681,55907,104,0,Corporate Auto,SUV,499
DK41858,Arizona,F,College,5792,80480,72,0,Personal Auto,Four-Door Car,243
TY20016,Oregon,M,Bachelor,7980,72734,66,0,Personal Auto,Two-Door Car,195
OH76118,Washington,F,High School or Below,2767,0,72,0,Personal Auto,Four-Door Car,22
IZ79227,Arizona,M,Bachelor,2975,36548,76,0,Personal Auto,Four-Door Car,547
HN10814,Arizona,M,Master,4179,62113,104,0,Personal Auto,SUV,6
OD25312,Arizona,M,College,4734,0,67,0,Personal Auto,Four-Door Car,747
ZR32858,California,F,Bachelor,4316,41252,109,0,Personal Auto,SUV,514
FC68244,Oregon,M,High School or Below,6127,61139,76,0,Personal Auto,Four-Door Car,365
VS86041,Arizona,F,Bachelor,2695,26744,68,0,Corporate Auto,Two-Door Car,326
EQ82942,California,F,Bachelor,9338,0,132,0,Personal Auto,SUV,950
ZE82255,California,F,College,18681,74640,66,0,Corporate Auto,Four-Door Car,376
DA79544,Oregon,M,Bachelor,2551,88126,64,1,Personal Auto,Four-Door Car,152
WG33213,California,F,Bachelor,2808,55005,70,1,Personal Auto,Four-Door Car,336
DP97298,California,M,High School or Below,9710,33190,123,0,Personal Auto,Luxury,41
JH73645,California,M,High School or Below,15191,0,71,4,Personal Auto,Four-Door Car,840
SK98708,Oregon,F,College,4070,0,117,0,Corporate Auto,Four-Door Car,610
ZZ62245,Oregon,F,High School or Below,6612,0,97,2,Personal Auto,Four-Door Car,669
AU46604,California,M,Bachelor,2031,0,64,1,Personal Auto,Four-Door Car,731
HD44279,Arizona,F,Bachelor,5090,25226,71,1,Personal Auto,Four-Door Car,341
LS99940,California,F,Master,3353,63398,83,0,Personal Auto,Four-Door Car,292
EY27917,Oregon,M,Master,8533,30092,108,0,Personal Auto,SUV,192
ZJ22033,Washington,M,College,2648,37876,69,0,Corporate Auto,Four-Door Car,300
TZ60132,Oregon,F,High School or Below,6072,12201,84,0,Corporate Auto,Four-Door Car,605
XG74199,Oregon,M,College,9062,37970,115,0,Personal Auto,SUV,125
YM74115,Nevada,M,Bachelor,2532,28898,67,0,Corporate Auto,Four-Door Car,83
LO48126,Oregon,F,High School or Below,2467,23845,61,0,Personal Auto,Four-Door Car,293
NM37561,California,M,High School or Below,7408,62810,187,1,Corporate Auto,Luxury,33
HW19141,Oregon,F,Bachelor,3452,65773,89,4,Corporate Auto,Four-Door Car,245
OD21455,California,M,Bachelor,4481,0,69,0,Personal Auto,Four-Door Car,232
WN14477,California,M,Bachelor,21235,0,86,0,Personal Auto,Four-Door Car,569
YK88644,Nevada,M,Master,3370,0,95,1,Personal Auto,Four-Door Car,477
YO41331,Oregon,F,College,3747,41479,94,1,Personal Auto,Two-Door Car,20
PB39857,California,M,Master,5130,72433,126,0,Personal Auto,SUV,343
NW67881,Oregon,M,Bachelor,12300,74586,103,0,Personal Auto,SUV,494
BN13780,California,F,Bachelor,18065,0,234,0,Personal Auto,Luxury,1135
EZ70847,Washington,F,College,19645,67326,69,0,Corporate Auto,Four-Door Car,331
YR75102,Arizona,M,College,35900,25285,114,0,Personal Auto,SUV,547
RS30611,Arizona,M,High School or Below,6839,15871,89,0,Personal Auto,Four-Door Car,427
QT61438,Oregon,M,Master,6519,38795,82,1,Corporate Auto,Two-Door Car,394
MD44130,Oregon,M,High School or Below,5712,24882,72,0,Corporate Auto,Two-Door Car,346
MS78828,Nevada,F,College,5127,33169,128,0,Personal Auto,SUV,614
DG31826,California,M,Bachelor,4985,86305,62,0,Corporate Auto,Four-Door Car,81
WW67905,Oregon,M,High School or Below,4102,0,112,0,Corporate Auto,SUV,538
LS92540,California,F,College,4111,32210,103,0,Corporate Auto,SUV,494
RP92511,Nevada,M,Bachelor,11086,69090,139,0,Personal Auto,Luxury,387
LK63879,California,F,High School or Below,4746,0,63,0,Personal Auto,Four-Door Car,523
BT20606,Arizona,M,Doctor,5838,83308,73,1,Personal Auto,Four-Door Car,419
WW31823,Oregon,F,High School or Below,19190,39034,68,0,Personal Auto,Four-Door Car,466
MN79082,Oregon,M,College,6444,46750,82,1,Corporate Auto,Two-Door Car,672
ID89933,Oregon,F,Doctor,7256,39786,91,1,Personal Auto,Four-Door Car,366
NM77390,Nevada,M,High School or Below,8198,56788,108,5,Special Auto,SUV,580
NN79124,Nevada,M,Bachelor,4555,90156,114,0,Personal Auto,SUV,388
DF97701,Oregon,F,Bachelor,7070,63867,89,1,Corporate Auto,Four-Door Car,432
EJ73184,California,F,Bachelor,4744,83413,118,0,Personal Auto,SUV,135
GE43335,Nevada,M,College,4019,0,118,0,Personal Auto,SUV,566
HB68898,Oregon,F,Bachelor,20239,36116,171,2,Corporate Auto,SUV,158
UP80657,Washington,M,College,2675,56342,69,0,Corporate Auto,Four-Door Car,331
PR13091,Oregon,F,College,9206,55542,117,0,Personal Auto,Luxury,311
YV73432,Oregon,M,College,23187,58466,66,1,Personal Auto,Two-Door Car,317
CG90504,Oregon,F,College,4771,12964,65,0,Personal Auto,Two-Door Car,363
SH12501,Washington,M,High School or Below,3768,43412,94,0,Personal Auto,Two-Door Car,510
ZR58728,Nevada,M,Master,2894,82611,74,1,Personal Auto,Four-Door Car,355
NS57426,Arizona,M,Bachelor,11612,28915,76,0,Personal Auto,Four-Door Car,365
HU99414,Oregon,M,High School or Below,14246,0,207,0,Personal Auto,Luxury,1490
LP86596,Arizona,F,High School or Below,2555,0,70,0,Personal Auto,Four-Door Car,336
HR92775,California,F,College,3227,91774,81,0,Personal Auto,Four-Door Car,285
DQ69331,Washington,M,High School or Below,2227,27972,61,0,Personal Auto,Four-Door Car,293
SP41790,California,M,Bachelor,10623,0,96,0,Personal Auto,Four-Door Car,461
YA52900,Oregon,M,College,8305,0,122,2,Corporate Auto,SUV,681
RQ88363,California,F,College,5156,77857,64,0,Personal Auto,Four-Door Car,161
OZ37864,Oregon,F,Bachelor,4408,0,62,0,Personal Auto,Four-Door Car,114
EH27304,California,F,Doctor,2955,56502,74,0,Personal Auto,Four-Door Car,355
CR37971,Oregon,M,Bachelor,3901,95018,97,0,Personal Auto,Four-Door Car,316
KL54950,Oregon,M,Bachelor,4531,23705,122,4,Personal Auto,SUV,586
DS75515,California,M,Bachelor,2813,72333,70,0,Personal Auto,Two-Door Car,177
YW72997,Arizona,M,High School or Below,7197,0,107,0,Personal Auto,SUV,770
MR13691,Arizona,M,Bachelor,6301,47622,80,0,Personal Auto,Four-Door Car,306
PP20957,Nevada,F,Bachelor,7799,0,105,0,Personal Auto,SUV,504
KJ41153,Oregon,M,College,8293,79632,106,1,Personal Auto,SUV,344
WX49215,Oregon,M,Master,18535,16154,62,1,Personal Auto,Four-Door Car,91
CH78309,Oregon,M,College,2906,72211,73,0,Personal Auto,Four-Door Car,45
UF54329,California,M,College,6090,70892,76,0,Corporate Auto,Two-Door Car,207
CQ59706,Washington,F,College,5016,49367,63,0,Personal Auto,Four-Door Car,69
KP77095,Arizona,F,Bachelor,15471,68086,194,0,Corporate Auto,SUV,218
PP14656,Washington,M,Master,5680,90353,70,0,Personal Auto,Two-Door Car,73
QM74025,Oregon,F,High School or Below,4582,49558,115,0,Personal Auto,SUV,552
RW67951,Washington,M,Bachelor,8664,93485,72,0,Personal Auto,Four-Door Car,127
ED13353,Oregon,M,High School or Below,5274,10629,74,0,Personal Auto,Four-Door Car,533
LG49010,California,M,Bachelor,2621,10237,72,0,Personal Auto,Two-Door Car,254
UA74474,Oregon,F,College,4515,87517,112,1,Corporate Auto,Four-Door Car,802
AC79024,Nevada,M,Bachelor,5533,23241,70,0,Personal Auto,Two-Door Car,504
SD61306,Arizona,M,High School or Below,5217,60861,66,0,Personal Auto,Four-Door Car,65
PF88939,Nevada,M,Doctor,7860,21726,104,0,Personal Auto,SUV,697
FG64765,Arizona,M,Bachelor,5017,36313,67,2,Personal Auto,Four-Door Car,300
DC79319,California,F,Bachelor,3352,29160,87,0,Personal Auto,Two-Door Car,418
HS45195,California,M,High School or Below,6732,0,99,0,Personal Auto,Two-Door Car,713
VN73653,Oregon,M,College,6424,0,188,0,Corporate Auto,Luxury,1622
WL72919,California,F,College,4975,48139,63,0,Personal Auto,Four-Door Car,329
DO31181,Oregon,F,College,4739,0,76,5,Personal Auto,Two-Door Car,39
WY23230,Oregon,F,College,6086,13688,84,0,Personal Auto,Two-Door Car,403
SK89479,California,M,College,5017,0,73,0,Corporate Auto,Four-Door Car,526
BM30720,Nevada,F,High School or Below,7342,27649,63,0,Personal Auto,Four-Door Car,302
XG92008,Arizona,F,Master,3215,24191,80,0,Personal Auto,Four-Door Car,104
CJ46674,Oregon,M,High School or Below,2534,0,71,0,Corporate Auto,Four-Door Car,517
UJ31096,Oregon,F,High School or Below,5341,58493,67,0,Personal Auto,Four-Door Car,322
GS44464,California,F,High School or Below,3645,82477,90,0,Personal Auto,Two-Door Car,432
XP35430,Oregon,F,College,6382,88663,79,0,Special Auto,Four-Door Car,379
QI51950,Nevada,F,High School or Below,4304,74057,109,0,Personal Auto,SUV,523
PL88841,Arizona,M,Bachelor,4229,0,63,2,Corporate Auto,Two-Door Car,302
ZW51790,Arizona,F,College,10426,52342,66,3,Personal Auto,Two-Door Car,317
MY80820,California,M,Bachelor,2485,42012,63,0,Corporate Auto,Four-Door Car,41
NE13752,Arizona,M,Bachelor,8233,56021,69,0,Personal Auto,Four-Door Car,280
VL51487,California,M,High School or Below,21769,35124,137,0,Personal Auto,SUV,986
DD97473,Oregon,F,High School or Below,2161,0,62,1,Personal Auto,Four-Door Car,439
QJ89807,Nevada,F,High School or Below,4424,0,125,0,Personal Auto,SUV,900
GK24074,Arizona,F,College,3692,37202,93,0,Personal Auto,Two-Door Car,323
DL61016,Oregon,M,College,4941,65985,71,5,Special Auto,Four-Door Car,42
EV60177,California,F,High School or Below,8504,87771,74,4,Personal Auto,Four-Door Car,355
OS96036,Arizona,F,College,41143,63624,115,2,Personal Auto,SUV,306
AF37776,California,F,Bachelor,10419,80192,129,0,Personal Auto,SUV,201
NC78961,Oregon,M,Bachelor,4140,35945,105,0,Personal Auto,SUV,756
YA15471,Oregon,M,College,7628,93004,63,0,Corporate Auto,Four-Door Car,206
KX80728,Washington,M,High School or Below,6162,0,89,0,Personal Auto,Four-Door Car,941
VV47792,California,F,College,25807,71210,214,1,Personal Auto,Luxury,1027
GE80842,Oregon,F,College,15507,99159,190,0,Personal Auto,Luxury,912
QA93530,Nevada,F,College,5757,81491,72,0,Personal Auto,Four-Door Car,62
GA27295,California,F,Master,39365,99875,108,0,Personal Auto,SUV,115
EL55611,California,F,High School or Below,5555,51705,139,0,Personal Auto,SUV,545
TL39050,Arizona,F,Bachelor,23893,39837,201,0,Corporate Auto,Luxury,381
ZQ96022,Oregon,F,College,9595,31421,81,0,Personal Auto,Two-Door Car,389
OM69210,Arizona,M,Bachelor,5412,81531,135,0,Personal Auto,SUV,420
VU72280,California,F,Bachelor,5319,25134,67,0,Corporate Auto,Four-Door Car,322
WC21189,California,F,College,7732,37386,97,0,Corporate Auto,Four-Door Car,466
JX50334,California,F,College,2004,0,66,4,Corporate Auto,Four-Door Car,317
GB70736,Oregon,F,College,5511,99553,68,0,Corporate Auto,Four-Door Car,112
PU21485,Arizona,F,Bachelor,11158,0,161,0,Corporate Auto,SUV,1159
MF49636,Arizona,M,High School or Below,5390,70705,69,2,Personal Auto,Two-Door Car,272
TG29325,Nevada,F,College,2658,22724,69,0,Personal Auto,Four-Door Car,9
MW83318,Oregon,F,College,8827,26320,111,0,Corporate Auto,SUV,604
LM54297,Nevada,M,Bachelor,4713,0,69,0,Personal Auto,Four-Door Car,807
NI78185,California,M,College,2394,0,70,0,Personal Auto,Four-Door Car,425
HL14274,California,F,College,11895,88218,99,0,Personal Auto,Two-Door Car,50
SF86727,Nevada,M,Master,5581,25180,70,0,Personal Auto,Four-Door Car,236
EM89554,Oregon,F,Bachelor,8618,48091,108,0,Personal Auto,SUV,132
XP50892,Oregon,M,High School or Below,3940,92539,100,0,Corporate Auto,SUV,26
VH77056,Arizona,F,Bachelor,2449,40658,61,1,Personal Auto,Four-Door Car,38
JF19701,Arizona,M,Bachelor,4440,75453,112,0,Special Auto,SUV,164
JN49891,Oregon,M,College,2535,94003,64,0,Personal Auto,Four-Door Car,307
CX65318,Arizona,M,Master,17421,31737,218,0,Personal Auto,Luxury,1046
HL35876,Washington,M,College,2394,0,70,0,Personal Auto,Four-Door Car,425
RD87161,Washington,F,High School or Below,2681,0,71,1,Personal Auto,Four-Door Car,341
CF50291,California,F,College,4273,0,114,0,Personal Auto,Four-Door Car,1344
VF35858,California,M,Bachelor,15284,48885,190,0,Personal Auto,Luxury,1090
XG55762,Nevada,F,Bachelor,20186,0,79,0,Corporate Auto,Four-Door Car,379
EC28314,California,M,Bachelor,4985,86305,62,0,Personal Auto,Four-Door Car,81
GR53936,Oregon,F,Bachelor,5246,28909,66,0,Corporate Auto,Two-Door Car,457
DV51398,California,M,High School or Below,8827,0,123,1,Personal Auto,SUV,1088
YF81002,Oregon,M,College,3269,26140,84,1,Personal Auto,Two-Door Car,403
YM20358,Oregon,M,Bachelor,16980,35095,73,0,Personal Auto,Two-Door Car,526
AZ75509,Arizona,F,Bachelor,2480,31678,63,0,Personal Auto,Two-Door Car,77
No93155,Arizona,M,Master,7201,28245,62,0,Personal Auto,Two-Door Car,298
FG21322,Oregon,F,Bachelor,7917,0,72,0,Personal Auto,Four-Door Car,346
GO44613,Nevada,F,High School or Below,24061,19168,106,1,Personal Auto,SUV,509
ZW93288,California,F,Master,19161,22705,239,0,Personal Auto,Luxury,1295
MS67230,Nevada,F,College,23295,86481,65,0,Corporate Auto,Two-Door Car,190
FQ32742,Arizona,M,Doctor,7554,38008,68,4,Personal Auto,Four-Door Car,322
YF30946,California,M,College,2406,63032,61,0,Personal Auto,Four-Door Car,405
TH69908,Washington,F,College,4865,27228,129,4,Personal Auto,Luxury,238
QA78691,Nevada,F,Bachelor,16388,0,68,1,Personal Auto,Four-Door Car,484
NL44360,Oregon,F,Bachelor,2611,13424,71,0,Personal Auto,Four-Door Car,341
HO77809,Oregon,F,College,8689,59098,110,0,Personal Auto,SUV,666
MC30750,Oregon,F,Master,13736,16181,181,0,Personal Auto,SUV,1261
HU41273,Oregon,M,High School or Below,8565,95697,107,0,Personal Auto,Luxury,178
VS73599,Arizona,M,College,7019,26806,63,0,Personal Auto,Four-Door Car,302
TO74000,Oregon,M,High School or Below,8114,30595,69,0,Corporate Auto,Four-Door Car,446
MS45259,Nevada,M,College,4864,88079,61,0,Personal Auto,Two-Door Car,122
LI45265,Oregon,F,Bachelor,8569,99803,71,0,Personal Auto,Four-Door Car,189
LK70293,Nevada,F,High School or Below,17794,0,118,0,Personal Auto,Four-Door Car,1119
FY24370,Oregon,M,Bachelor,12944,0,191,0,Personal Auto,Luxury,1375
YE64125,Oregon,F,College,2649,36283,68,1,Personal Auto,Four-Door Car,291
QT39025,Arizona,F,Bachelor,4583,66991,115,0,Personal Auto,SUV,400
LO15516,California,M,Bachelor,2692,34322,70,2,Corporate Auto,Four-Door Car,336
FM47139,Oregon,F,College,2466,44855,63,1,Personal Auto,Four-Door Car,104
LW59140,Arizona,M,Bachelor,9277,97729,115,1,Personal Auto,Four-Door Car,221
JA26024,Oregon,F,High School or Below,4143,48263,104,0,Personal Auto,Two-Door Car,675
YF16441,California,F,Bachelor,27990,68343,79,0,Personal Auto,Two-Door Car,379
QT43282,Oregon,M,Master,9409,76847,118,0,Corporate Auto,SUV,32
NL17964,Oregon,M,High School or Below,2581,35795,65,0,Personal Auto,Four-Door Car,312
CD27895,California,F,Bachelor,7637,0,71,0,Personal Auto,Four-Door Car,341
CF62992,Oregon,F,High School or Below,2471,53074,61,0,Personal Auto,Two-Door Car,269
QK23742,California,F,College,2303,0,63,0,Corporate Auto,Four-Door Car,733
UV64489,Arizona,F,Bachelor,8716,28743,112,0,Personal Auto,SUV,538
ED65109,California,F,College,5208,81839,65,1,Personal Auto,Four-Door Car,75
SC40169,Oregon,F,College,2720,14030,72,0,Personal Auto,Two-Door Car,346
PW88443,Oregon,F,College,2453,32764,61,0,Personal Auto,Two-Door Car,293
YZ38778,Oregon,M,Master,3829,74775,95,0,Personal Auto,Four-Door Car,677
EO77382,Arizona,F,Bachelor,8874,53503,114,0,Personal Auto,Four-Door Car,547
SM42728,California,M,College,15925,34455,135,0,Personal Auto,SUV,648
PX31667,Washington,M,High School or Below,2952,52198,74,0,Personal Auto,Two-Door Car,355
NC35008,Oregon,F,College,15924,64429,133,2,Personal Auto,SUV,222
XC77244,Oregon,M,High School or Below,7285,44788,61,0,Personal Auto,Four-Door Car,386
UM52895,California,F,Bachelor,13104,30130,110,0,Personal Auto,SUV,528
WV39838,Arizona,F,College,2437,0,65,0,Personal Auto,Two-Door Car,149
IT92328,Nevada,M,High School or Below,9351,0,275,1,Corporate Auto,Luxury,1980
QD86074,Oregon,F,High School or Below,9036,34337,113,0,Corporate Auto,Four-Door Car,542
WH80404,California,M,High School or Below,17251,22276,111,1,Personal Auto,SUV,783
XH20787,California,M,College,2549,52980,64,0,Personal Auto,Four-Door Car,192
ZU50513,California,F,Bachelor,8955,97736,74,0,Personal Auto,Four-Door Car,60
TW42649,Washington,F,College,2468,0,67,0,Corporate Auto,Two-Door Car,223
QH46481,Washington,F,High School or Below,7701,0,73,1,Corporate Auto,Four-Door Car,793
MQ73697,Nevada,F,College,3777,68727,94,0,Corporate Auto,Two-Door Car,387
UG48681,Nevada,M,Bachelor,8045,71391,67,0,Personal Auto,Four-Door Car,284
ID58230,California,F,College,5030,62271,63,0,Personal Auto,Four-Door Car,25
DY35486,California,M,High School or Below,19958,0,187,0,Personal Auto,Luxury,1346
EP64833,California,F,High School or Below,6180,0,86,0,Corporate Auto,Four-Door Car,413
MC69755,Washington,F,Bachelor,5678,0,76,0,Personal Auto,Four-Door Car,365
ZZ41158,Washington,M,College,4089,28506,104,0,Personal Auto,SUV,499
QM59790,Arizona,F,High School or Below,3143,0,86,0,Personal Auto,Four-Door Car,413
LL67008,California,F,Bachelor,22895,0,94,0,Corporate Auto,Four-Door Car,677
ZU69163,California,F,Doctor,5587,94161,69,0,Personal Auto,Four-Door Car,109
EB72052,Oregon,M,College,12105,33345,102,0,Personal Auto,SUV,694
WA60547,California,F,College,11972,64195,158,4,Personal Auto,SUV,618
RV97631,Oregon,F,College,15328,0,138,0,Corporate Auto,SUV,689
SS20130,Oregon,F,Bachelor,5424,67414,68,0,Personal Auto,Four-Door Car,149
ZI72165,Arizona,M,High School or Below,4982,33176,63,0,Corporate Auto,Four-Door Car,302
HD29166,Oregon,F,Bachelor,14635,0,139,0,Personal Auto,SUV,667
NP30139,Oregon,M,College,6863,56779,86,0,Corporate Auto,Four-Door Car,435
FV54537,California,M,College,13745,40810,114,0,Personal Auto,SUV,780
SG62327,Nevada,M,High School or Below,8112,30622,68,0,Corporate Auto,Four-Door Car,326
FX26050,Oregon,M,Doctor,22712,14119,67,0,Special Auto,Two-Door Car,68
DU50092,Oregon,F,College,56676,77237,283,0,Personal Auto,Luxury,1358
EU48798,Nevada,F,College,8161,24980,71,0,Personal Auto,Two-Door Car,511
WE93328,Nevada,F,High School or Below,3919,66676,97,0,Corporate Auto,Four-Door Car,558
KP83069,California,F,High School or Below,7286,0,69,1,Personal Auto,Four-Door Car,670
GO56075,Oregon,M,High School or Below,7590,0,69,0,Personal Auto,Four-Door Car,331
DI19952,Arizona,F,Bachelor,9032,0,82,0,Personal Auto,Four-Door Car,157
SV58690,California,M,Bachelor,5556,41853,71,0,Personal Auto,Two-Door Car,156
RF35142,Nevada,F,Bachelor,8258,23815,73,0,Personal Auto,Four-Door Car,424
CU69816,California,M,Bachelor,2722,22885,73,0,Corporate Auto,Four-Door Car,386
JM67025,Nevada,M,High School or Below,5230,32630,66,0,Personal Auto,Four-Door Car,203
OB69329,California,F,College,6274,18577,86,0,Personal Auto,Four-Door Car,413
GF19726,Oregon,M,High School or Below,5866,75952,73,0,Personal Auto,Two-Door Car,350
FH39427,Nevada,M,Bachelor,8802,96390,73,0,Corporate Auto,Two-Door Car,317
VM69145,California,F,College,8723,25680,73,0,Personal Auto,Two-Door Car,332
GN76399,Nevada,M,Bachelor,8179,0,112,0,Personal Auto,Four-Door Car,806
IV94496,Nevada,M,High School or Below,43217,51504,220,0,Personal Auto,Luxury,2552
NM91640,Oregon,M,High School or Below,2442,0,74,3,Personal Auto,Four-Door Car,533
DS46955,California,F,Master,2920,41456,73,0,Personal Auto,Four-Door Car,257
LU82585,Nevada,M,High School or Below,6366,44368,80,0,Personal Auto,Two-Door Car,384
QX31376,Oregon,F,Master,17114,70961,85,0,Corporate Auto,Four-Door Car,408
SQ36805,Oregon,F,Doctor,2396,21986,63,0,Personal Auto,Two-Door Car,334
UY57856,Oregon,F,College,2988,0,83,0,Corporate Auto,Four-Door Car,709
OG84541,Arizona,F,Master,12780,33514,105,0,Personal Auto,Luxury,265
NT66759,Arizona,F,College,3907,60230,98,0,Personal Auto,Four-Door Car,8
PR74307,California,M,High School or Below,2595,0,70,1,Corporate Auto,Four-Door Car,494
PW15144,Washington,M,College,5268,40818,66,0,Personal Auto,Four-Door Car,317
KS89479,Oregon,M,College,9095,37937,116,0,Personal Auto,SUV,557
QA22158,Arizona,F,College,7122,64571,89,0,Corporate Auto,Four-Door Car,452
MK32733,California,M,Bachelor,9117,0,126,0,Corporate Auto,SUV,422
WL85494,California,M,College,41075,21988,209,0,Personal Auto,Luxury,1003
RZ79717,Arizona,M,High School or Below,3487,0,95,0,Corporate Auto,Four-Door Car,684
NS12730,Oregon,M,Bachelor,7298,24672,93,0,Personal Auto,Two-Door Car,670
YK32760,Oregon,M,High School or Below,2502,0,74,1,Corporate Auto,Four-Door Car,355
SS77718,California,M,Bachelor,9955,0,96,0,Personal Auto,Four-Door Car,461
QP62600,Oregon,M,Bachelor,7094,72878,61,2,Corporate Auto,Two-Door Car,45
ET47892,Oregon,M,College,12281,88340,102,0,Personal Auto,Two-Door Car,490
PS78418,Oregon,M,Bachelor,5774,52278,73,0,Personal Auto,Two-Door Car,235
SK32629,California,F,College,4905,12902,139,0,Personal Auto,Luxury,667
LQ79472,Arizona,M,College,3424,99816,86,0,Corporate Auto,Two-Door Car,173
AI58500,Arizona,F,College,2689,26554,68,1,Personal Auto,Two-Door Car,392
ME47990,California,M,High School or Below,3109,77485,77,0,Corporate Auto,Four-Door Car,356
KU25309,Oregon,M,College,22425,22537,64,1,Corporate Auto,Four-Door Car,307
RW66792,California,F,High School or Below,5706,76522,71,0,Personal Auto,Four-Door Car,341
MN32305,Oregon,F,College,2063,0,64,3,Personal Auto,Four-Door Car,603
XS98744,Oregon,F,Master,5097,22886,65,0,Special Auto,Four-Door Car,312
SL19130,Oregon,M,High School or Below,4102,0,115,0,Personal Auto,Two-Door Car,552
JG66653,Oregon,M,High School or Below,2538,25506,65,0,Personal Auto,Two-Door Car,312
GQ17441,Nevada,M,High School or Below,3652,0,110,0,Personal Auto,SUV,1265
WL67313,California,F,College,10014,0,98,1,Personal Auto,Two-Door Car,706
LX33054,Oregon,M,High School or Below,6759,0,191,0,Personal Auto,Luxury,2043
HN97052,Oregon,F,College,5206,0,72,0,Personal Auto,Two-Door Car,346
EB12732,Oregon,F,High School or Below,2848,96357,71,1,Personal Auto,Four-Door Car,238
KA29693,California,M,College,11513,16266,100,0,Special Auto,SUV,1177
KE41602,Arizona,M,High School or Below,7588,76516,95,0,Personal Auto,Two-Door Car,661
QF17193,Arizona,F,College,2389,20484,61,0,Personal Auto,Four-Door Car,181
IQ63581,California,F,Master,5067,40215,64,0,Personal Auto,Four-Door Car,98
MR39613,California,M,Bachelor,36861,22854,122,0,Special Auto,Luxury,878
RQ22171,California,F,High School or Below,3962,0,118,1,Corporate Auto,SUV,265
QV89791,California,F,High School or Below,8477,55217,107,2,Personal Auto,Two-Door Car,696
MD15300,California,M,College,10111,76276,86,0,Corporate Auto,Two-Door Car,93
OW33876,Washington,F,College,2476,47918,62,0,Corporate Auto,Two-Door Car,246
SK12752,California,F,Bachelor,4463,0,73,3,Corporate Auto,Two-Door Car,350
BW65176,Arizona,M,College,3141,43499,80,0,Personal Auto,Four-Door Car,529
XV31269,Oregon,M,High School or Below,2496,0,72,0,Corporate Auto,Two-Door Car,518
NV94455,Arizona,F,College,6861,0,71,3,Personal Auto,Two-Door Car,476
QA32784,Oregon,M,Bachelor,4983,21497,128,0,Personal Auto,Luxury,614
UH41125,Arizona,M,High School or Below,2227,27972,61,0,Personal Auto,Four-Door Car,293
VS28690,Nevada,F,Master,9670,20942,84,0,Personal Auto,Four-Door Car,403
SD63822,Oregon,F,Bachelor,5089,0,71,0,Corporate Auto,Four-Door Car,511
QE50648,Washington,F,High School or Below,7095,74298,177,0,Corporate Auto,Luxury,162
EL77795,California,F,College,5438,23339,138,0,Corporate Auto,SUV,666
VK98184,Arizona,F,College,5034,77031,125,0,Personal Auto,SUV,600
BR69566,Oregon,M,College,14020,31739,71,0,Personal Auto,Two-Door Car,470
AI16519,Nevada,M,High School or Below,4878,0,66,0,Personal Auto,Two-Door Car,420
SN67992,Washington,F,Bachelor,3449,25236,89,0,Personal Auto,Four-Door Car,427
BE31382,Oregon,F,College,3772,0,103,1,Personal Auto,SUV,685
ZP49970,Oregon,M,Bachelor,5825,40964,74,0,Special Auto,Two-Door Car,355
OA23108,Oregon,F,Doctor,4380,40896,109,0,Personal Auto,Luxury,319
LY90785,Oregon,M,Bachelor,5793,95733,72,0,Corporate Auto,Two-Door Car,475
ZR66788,California,F,High School or Below,2726,39161,71,3,Personal Auto,Four-Door Car,341
BL12371,Arizona,M,Master,5791,84551,72,0,Personal Auto,Four-Door Car,29
GB68813,Nevada,F,Bachelor,8502,12843,111,0,Corporate Auto,Four-Door Car,1143
IG90926,Arizona,F,College,2477,71551,62,0,Personal Auto,Four-Door Car,298
CT86614,Arizona,M,Bachelor,2427,0,71,0,Corporate Auto,Four-Door Car,511
BL13393,Oregon,F,High School or Below,5898,77835,74,1,Personal Auto,Four-Door Car,44
TU33850,Washington,F,Bachelor,4617,16764,61,0,Personal Auto,Four-Door Car,293
IL25109,Nevada,M,High School or Below,12521,39007,105,0,Personal Auto,Two-Door Car,1024
OP67672,Washington,F,Master,9080,20290,113,0,Personal Auto,SUV,767
NW73460,Arizona,F,High School or Below,7777,46182,65,0,Corporate Auto,Two-Door Car,3
LW57693,Oregon,F,College,5602,11920,74,0,Personal Auto,Four-Door Car,355
JD81426,Arizona,M,High School or Below,3459,97162,86,0,Personal Auto,Four-Door Car,33
AM99192,Arizona,M,College,9062,42743,117,1,Personal Auto,SUV,101
LQ31287,Oregon,F,College,6866,0,64,0,Personal Auto,Two-Door Car,40
ZU25563,California,F,College,2660,0,87,3,Personal Auto,Four-Door Car,420
RU75949,Oregon,M,College,12333,85789,105,2,Personal Auto,Luxury,122
DV85764,California,M,High School or Below,21172,0,82,0,Personal Auto,Four-Door Car,588
VU33725,Oregon,M,High School or Below,3678,31349,93,0,Corporate Auto,Four-Door Car,446
SV43220,Oregon,M,College,9817,37256,62,0,Personal Auto,Four-Door Car,129
WL61717,Arizona,F,Bachelor,4922,0,69,0,Personal Auto,Four-Door Car,331
IW17510,California,F,High School or Below,7584,0,102,0,Personal Auto,Luxury,848
ZS35830,Oregon,F,College,2686,58166,67,0,Personal Auto,Four-Door Car,92
TY95197,Washington,F,College,4133,0,63,1,Personal Auto,Four-Door Car,454
PU73501,Arizona,M,Bachelor,8623,97361,73,0,Personal Auto,Four-Door Car,350
FP65563,Washington,M,High School or Below,15253,51937,193,0,Personal Auto,Luxury,850
IC44995,Oregon,F,College,4278,75921,106,0,Personal Auto,SUV,610
AY55759,California,F,High School or Below,20097,92766,71,0,Personal Auto,Two-Door Car,379
GO94903,Oregon,F,College,4771,12964,65,0,Personal Auto,Two-Door Car,363
TF35512,Oregon,F,College,7026,48117,88,0,Corporate Auto,Four-Door Car,422
HY43263,California,F,Bachelor,8265,0,77,0,Corporate Auto,Two-Door Car,554
WP34496,Washington,M,High School or Below,24553,0,118,1,Personal Auto,SUV,967
QE73187,Oregon,M,High School or Below,4408,66152,111,0,Corporate Auto,SUV,533
WL13766,Arizona,M,High School or Below,2482,31093,64,0,Personal Auto,Four-Door Car,275
VT44999,Arizona,F,High School or Below,3859,0,107,1,Personal Auto,SUV,514
RZ14993,California,F,High School or Below,11572,0,166,0,Special Auto,Luxury,1195
XI14610,California,F,College,3645,19121,95,0,Personal Auto,Four-Door Car,915
VE31268,Oregon,M,Bachelor,4363,0,65,0,Personal Auto,Four-Door Car,468
ZD13262,Oregon,F,High School or Below,10426,68563,131,1,Personal Auto,SUV,350
OJ58066,Nevada,M,High School or Below,7025,24726,92,1,Personal Auto,Four-Door Car,151
RK81706,Arizona,F,College,7389,0,97,0,Personal Auto,Four-Door Car,638
NI18835,California,M,Bachelor,2928,51991,73,0,Personal Auto,Four-Door Car,124
RA87395,California,M,Bachelor,8356,0,118,0,Personal Auto,SUV,153
QN13323,Oregon,M,High School or Below,8718,89096,111,0,Personal Auto,SUV,65
BC53363,Oregon,F,High School or Below,35227,23031,148,0,Special Auto,SUV,710
VB26229,Arizona,M,Bachelor,8698,29540,73,0,Personal Auto,Four-Door Car,350
AD28535,California,F,Master,3555,58557,88,0,Personal Auto,Four-Door Car,56
SE50560,Oregon,M,College,2818,88816,70,0,Personal Auto,Two-Door Car,164
YL65673,California,F,Bachelor,19046,0,61,0,Personal Auto,Four-Door Car,439
WK65741,California,F,High School or Below,2894,61809,72,0,Personal Auto,Two-Door Car,328
GZ77449,California,M,College,14440,58452,186,0,Corporate Auto,Luxury,893
OF49789,Oregon,F,College,5122,57161,127,0,Personal Auto,Luxury,610
YX54093,Arizona,M,College,2218,0,65,0,Personal Auto,Four-Door Car,112
TD19026,California,F,High School or Below,2862,90083,71,0,Personal Auto,Two-Door Car,182
XT67997,California,F,High School or Below,5980,57693,76,0,Personal Auto,Four-Door Car,547
WP65749,Nevada,M,College,7377,0,69,0,Personal Auto,Four-Door Car,331
YT91759,California,M,High School or Below,6366,44368,80,0,Personal Auto,Two-Door Car,384
YH20696,Oregon,M,College,8658,68727,72,0,Personal Auto,Four-Door Car,171
NS14955,Oregon,F,Master,11726,40564,97,0,Personal Auto,Four-Door Car,86
UH79028,Nevada,M,High School or Below,5780,51066,74,0,Personal Auto,Four-Door Car,788
JM89095,Oregon,M,High School or Below,10059,0,92,0,Personal Auto,Two-Door Car,640
NK26146,Washington,F,College,7073,90551,61,4,Corporate Auto,Four-Door Car,375
HE99696,Washington,F,College,4787,0,67,0,Personal Auto,Four-Door Car,322
HH15953,California,M,Bachelor,3013,21353,80,0,Personal Auto,Four-Door Car,576
ZO30377,California,M,High School or Below,3472,0,102,0,Personal Auto,Four-Door Car,976
VZ23007,Oregon,F,College,5381,55350,67,0,Personal Auto,Four-Door Car,322
DF74270,Nevada,M,Bachelor,38230,80321,105,0,Corporate Auto,SUV,167
SE47384,California,F,Bachelor,5526,94230,137,0,Special Auto,SUV,658
CS84396,Arizona,M,Bachelor,4883,53305,63,0,Corporate Auto,Two-Door Car,302
OQ20827,California,M,College,14203,55593,182,1,Corporate Auto,Luxury,678
VU47281,Oregon,F,Bachelor,5745,0,165,0,Personal Auto,Luxury,1853
BN62219,Arizona,F,College,9602,0,94,0,Personal Auto,Two-Door Car,677
TP39671,Arizona,M,Bachelor,3200,0,87,0,Personal Auto,Four-Door Car,132
HX33134,Arizona,M,High School or Below,2758,22158,74,0,Personal Auto,Four-Door Car,355
UR49989,Oregon,F,Bachelor,2725,81605,67,0,Personal Auto,Two-Door Car,424
VU48786,Washington,M,Master,5550,62219,69,0,Personal Auto,Two-Door Car,243
QM46642,California,M,Bachelor,2619,15587,71,0,Special Auto,Two-Door Car,136
TG60853,Nevada,F,Doctor,6265,0,84,1,Corporate Auto,Four-Door Car,481
CV40610,California,M,College,12313,0,116,0,Personal Auto,Two-Door Car,835
HI98447,Oregon,M,High School or Below,10552,28505,88,0,Personal Auto,Four-Door Car,422
QD86271,Arizona,M,High School or Below,12022,25918,104,0,Personal Auto,SUV,997
ZD75163,Nevada,M,High School or Below,9295,0,261,0,Corporate Auto,Luxury,2760
LB98130,Oregon,M,Bachelor,7441,34137,62,0,Personal Auto,Two-Door Car,298
VZ16820,Washington,M,Bachelor,10303,21839,137,0,Personal Auto,Luxury,658
YE24562,California,M,College,3509,20978,98,1,Personal Auto,Four-Door Car,1176
IH78357,Oregon,F,College,5761,83392,71,0,Personal Auto,Four-Door Car,126
TH96263,Nevada,F,High School or Below,10281,73661,128,0,Personal Auto,SUV,404
DC31768,Arizona,M,Bachelor,4784,49793,121,0,Personal Auto,SUV,641
YO81676,Oregon,M,Bachelor,2143,0,65,0,Corporate Auto,Two-Door Car,687
MQ79612,California,M,Doctor,8738,91890,107,0,Personal Auto,SUV,157
ZZ77357,Nevada,M,High School or Below,4468,0,65,0,Corporate Auto,Two-Door Car,468
OE88763,California,F,Bachelor,11315,11885,101,0,Corporate Auto,Four-Door Car,485
XP39695,Arizona,F,Bachelor,21886,43000,109,0,Personal Auto,SUV,677
QC28119,Oregon,M,High School or Below,7682,90043,63,0,Personal Auto,Four-Door Car,203
AZ29426,California,M,College,16703,0,72,0,Special Auto,Four-Door Car,346
RI46607,California,F,Bachelor,5015,48567,130,0,Corporate Auto,SUV,624
OJ63606,Arizona,F,High School or Below,5776,27510,159,3,Corporate Auto,SUV,871
TQ89058,Nevada,F,Master,2778,59124,70,2,Personal Auto,Four-Door Car,173
IW78492,Arizona,F,College,4127,0,119,3,Personal Auto,Luxury,857
WE88728,Arizona,F,High School or Below,6671,56531,170,3,Corporate Auto,SUV,816
PJ74689,Nevada,F,Bachelor,14742,0,139,1,Personal Auto,SUV,667
ZI86917,Nevada,M,Bachelor,38321,45277,191,0,Special Auto,Luxury,917
IJ71609,Washington,F,Bachelor,2065,0,65,3,Personal Auto,Four-Door Car,369
FP17993,Arizona,F,Bachelor,5504,0,73,0,Personal Auto,Four-Door Car,350
EC28398,Oregon,F,Master,5097,22886,65,0,Corporate Auto,Four-Door Car,312
ZX85480,Washington,F,High School or Below,7995,66685,67,2,Personal Auto,Two-Door Car,39
JP27787,Oregon,F,College,5674,65775,72,0,Personal Auto,Four-Door Car,171
NH24429,Arizona,M,Doctor,2886,52972,74,0,Special Auto,Four-Door Car,355
QU58523,Arizona,M,Master,5795,52979,72,0,Personal Auto,Two-Door Car,346
EZ39383,Arizona,F,Bachelor,10707,55436,67,0,Personal Auto,Four-Door Car,322
IR74017,Oregon,F,College,5321,32116,132,0,Personal Auto,SUV,277
DH68234,California,M,Master,20499,56070,74,0,Personal Auto,Two-Door Car,88
TZ37274,Arizona,M,High School or Below,4628,0,62,0,Personal Auto,Four-Door Car,691
QG67362,California,F,Bachelor,27288,0,116,1,Personal Auto,SUV,835
TN36916,California,F,Bachelor,4030,93621,100,0,Personal Auto,SUV,60
FL74984,Oregon,M,Bachelor,2744,79192,70,0,Personal Auto,Two-Door Car,336
FV15346,Arizona,M,College,35444,96853,98,0,Personal Auto,Two-Door Car,566
JV12632,Washington,F,Master,2859,0,83,4,Corporate Auto,Four-Door Car,355
TF64196,California,F,College,5863,75121,73,0,Corporate Auto,Two-Door Car,171
PC27174,Oregon,F,College,4032,0,117,0,Personal Auto,Four-Door Car,842
RL28880,Nevada,F,Bachelor,7553,69959,63,0,Personal Auto,Two-Door Car,402
FG46631,Oregon,F,Bachelor,16699,81400,104,0,Special Auto,Four-Door Car,499
PB29715,California,M,High School or Below,3233,0,98,1,Corporate Auto,Two-Door Car,706
ZV42323,California,M,Bachelor,5641,67523,72,0,Corporate Auto,Two-Door Car,345
YS49138,California,F,High School or Below,8679,62366,108,0,Personal Auto,Four-Door Car,51
XJ34057,California,M,Bachelor,10340,67134,131,1,Personal Auto,Luxury,277
NJ54277,California,F,College,3747,41479,94,1,Personal Auto,Two-Door Car,20
RL64888,California,F,College,2571,29697,66,4,Personal Auto,Four-Door Car,317
UM28580,Oregon,F,High School or Below,4428,58577,110,0,Personal Auto,SUV,304
TO87218,California,F,High School or Below,7413,0,106,0,Personal Auto,Luxury,509
YQ79307,Washington,M,Bachelor,4769,51144,61,1,Personal Auto,Two-Door Car,223
KZ80383,Arizona,F,High School or Below,6035,29587,76,0,Personal Auto,Four-Door Car,422
TS78649,Arizona,M,High School or Below,16280,0,157,0,Personal Auto,Luxury,754
QX84389,California,M,Master,9024,71499,112,0,Corporate Auto,Luxury,538
WC26700,California,F,Bachelor,7496,0,106,0,Corporate Auto,Four-Door Car,763
JR26812,Nevada,M,College,12521,0,126,0,Personal Auto,SUV,907
QD17769,Oregon,M,High School or Below,2552,75740,64,0,Corporate Auto,Two-Door Car,129
VA89404,California,M,Master,16888,53262,62,4,Corporate Auto,Four-Door Car,224
ZR41880,Nevada,F,College,3039,75180,77,3,Corporate Auto,Four-Door Car,155
XK49057,California,M,High School or Below,4456,31196,62,4,Corporate Auto,Two-Door Car,343
ZM52280,Arizona,M,Bachelor,11973,0,186,2,Personal Auto,Luxury,1442
UX93878,Oregon,F,Bachelor,8514,34505,106,0,Personal Auto,SUV,360
WY65854,Oregon,F,Bachelor,9085,0,82,2,Personal Auto,Four-Door Car,147
ES97823,Oregon,F,Bachelor,24096,0,97,0,Personal Auto,Four-Door Car,1155
CX34236,Oregon,M,College,9095,37937,116,0,Personal Auto,SUV,557
CQ81839,Oregon,F,College,21418,21897,139,0,Personal Auto,SUV,667
ES97399,Nevada,M,High School or Below,10714,55994,92,2,Corporate Auto,Four-Door Car,442
GL44478,Oregon,M,High School or Below,9987,24067,132,0,Corporate Auto,Luxury,634
ML79788,Arizona,F,College,7909,43630,99,0,Corporate Auto,Four-Door Car,475
KZ67768,Nevada,M,College,4870,23811,130,0,Personal Auto,SUV,624
XU67970,Washington,M,College,2122,0,62,0,Personal Auto,Two-Door Car,446
IQ40799,Washington,M,Bachelor,6328,0,100,2,Personal Auto,SUV,648
BV80674,Oregon,F,Bachelor,4341,0,124,0,Personal Auto,SUV,595
TH72397,California,M,Bachelor,6280,50562,79,0,Personal Auto,Four-Door Car,545
EC13382,Oregon,F,Master,11982,21514,62,0,Corporate Auto,Two-Door Car,257
LE30774,California,M,College,22235,80355,187,1,Corporate Auto,Luxury,898
RA14734,Arizona,F,High School or Below,8647,64125,108,0,Personal Auto,SUV,370
IY31142,Oregon,M,College,2444,83800,62,0,Personal Auto,Four-Door Car,196
CK29372,California,F,College,5070,23840,64,0,Personal Auto,Four-Door Car,307
KD70601,Washington,F,College,5647,54834,72,0,Corporate Auto,Four-Door Car,186
QN76596,California,M,Bachelor,13345,80277,112,1,Corporate Auto,SUV,37
XI62151,Oregon,M,College,13298,88430,66,1,Personal Auto,Four-Door Car,317
ZQ37702,California,F,High School or Below,7032,26255,88,0,Personal Auto,Four-Door Car,53
GE13332,Nevada,M,High School or Below,3616,0,95,0,Personal Auto,Four-Door Car,684
LZ84227,Arizona,M,College,14120,95715,119,2,Personal Auto,Four-Door Car,149
EX97404,Oregon,F,High School or Below,2155,0,70,3,Personal Auto,Four-Door Car,336
RQ99149,California,M,Master,2749,32437,69,0,Corporate Auto,Two-Door Car,473
UP57305,California,M,Bachelor,5087,22726,65,0,Personal Auto,Four-Door Car,312
IC82877,Arizona,M,Bachelor,14032,58092,72,1,Personal Auto,Two-Door Car,202
JO63956,California,M,College,8656,83365,109,1,Personal Auto,SUV,523
MD47500,California,M,College,4861,12153,69,1,Personal Auto,Four-Door Car,438
OW31837,California,F,Bachelor,19175,74028,118,0,Corporate Auto,SUV,53
OY20177,Oregon,M,High School or Below,7090,52707,90,1,Corporate Auto,Four-Door Car,432
LZ10377,California,M,High School or Below,6802,47451,87,1,Personal Auto,Four-Door Car,418
UB17669,Nevada,F,Bachelor,2359,19864,63,0,Personal Auto,Four-Door Car,352
DP77737,Oregon,F,High School or Below,15114,28513,100,1,Personal Auto,SUV,480
QT39597,Arizona,M,High School or Below,2927,26242,74,0,Personal Auto,Four-Door Car,347
MQ74051,Arizona,F,Bachelor,13014,55067,110,1,Personal Auto,SUV,353
MN98042,California,M,College,7902,62291,100,0,Personal Auto,Luxury,480
XJ60303,California,F,Bachelor,13407,25048,167,0,Personal Auto,SUV,802
GU42671,Arizona,F,Bachelor,6107,16654,79,0,Personal Auto,Four-Door Car,379
DK26322,Washington,M,High School or Below,12322,26887,113,0,Special Auto,SUV,542
NT75612,Oregon,F,College,19339,22784,70,0,Personal Auto,Four-Door Car,225
AX28231,Washington,M,High School or Below,5431,49345,69,0,Personal Auto,Two-Door Car,251
GA89827,Oregon,M,College,7330,0,70,0,Personal Auto,Four-Door Car,622
UX91266,California,M,Bachelor,3484,34307,92,2,Personal Auto,Four-Door Car,186
UC10048,Oregon,F,College,6964,0,95,1,Corporate Auto,Four-Door Car,630
CY90231,Nevada,M,Master,25253,44096,72,1,Personal Auto,Four-Door Car,346
QD26729,California,M,College,2524,43204,64,3,Personal Auto,Four-Door Car,246
RZ98310,Nevada,F,Bachelor,17349,0,92,0,Personal Auto,Four-Door Car,442
VJ73478,Oregon,M,Bachelor,4059,0,117,0,Personal Auto,Luxury,842
KR29524,Oregon,F,Bachelor,4743,78596,118,0,Personal Auto,SUV,134
ID58813,California,M,Bachelor,4364,38925,112,0,Personal Auto,Luxury,241
SL98898,Nevada,M,High School or Below,9049,0,119,0,Personal Auto,Luxury,571
LH90819,California,M,Master,4210,21885,108,0,Corporate Auto,SUV,52
OL55220,California,F,Bachelor,5241,48345,67,0,Personal Auto,Four-Door Car,212
YU90693,California,F,High School or Below,2482,77993,62,0,Personal Auto,Four-Door Car,298
NM70181,Oregon,M,Master,3586,25748,90,0,Personal Auto,Four-Door Car,118
ZU30804,California,M,College,5499,22520,73,0,Personal Auto,Four-Door Car,350
ZT31931,Oregon,M,High School or Below,10377,0,95,0,Personal Auto,Two-Door Car,579
BS29584,Oregon,F,College,2590,0,73,0,Personal Auto,Four-Door Car,350
SX63814,Arizona,M,High School or Below,9313,75986,115,0,Personal Auto,Four-Door Car,89
YL81070,Oregon,M,High School or Below,14396,0,205,0,Personal Auto,Luxury,1476
RW24925,Oregon,F,College,31921,58542,114,0,Personal Auto,SUV,130
FB84409,Arizona,M,Bachelor,4921,43640,64,2,Personal Auto,Four-Door Car,1
YP38413,Oregon,F,College,25806,86901,72,0,Personal Auto,Two-Door Car,313
ZE53116,Arizona,M,High School or Below,5964,94115,74,0,Personal Auto,Four-Door Car,409
SU95720,California,M,High School or Below,8923,0,125,0,Personal Auto,SUV,900
UM94104,Oregon,M,High School or Below,5215,65375,65,0,Personal Auto,Four-Door Car,6
ET64307,California,F,Bachelor,12523,44341,105,0,Personal Auto,Luxury,355
XD32841,Oregon,M,Bachelor,13897,24378,188,0,Corporate Auto,SUV,902
SI90461,Washington,F,High School or Below,3372,93489,84,0,Corporate Auto,Four-Door Car,104
RV75918,California,F,College,7810,69161,97,0,Personal Auto,Four-Door Car,341
DZ64604,California,M,High School or Below,12269,60774,154,0,Personal Auto,SUV,739
WF98532,California,M,Bachelor,3123,0,101,4,Personal Auto,SUV,960
GQ15613,Arizona,F,High School or Below,8004,54008,67,0,Personal Auto,Four-Door Car,371
XU63766,Oregon,F,Bachelor,8106,0,74,0,Personal Auto,Four-Door Car,232
VU35401,Nevada,F,High School or Below,2759,44619,68,0,Corporate Auto,Four-Door Car,284
NH95163,Oregon,F,College,3707,16476,101,0,Personal Auto,Four-Door Car,314
CD55111,California,M,Master,30155,73359,94,0,Corporate Auto,Two-Door Car,107
TQ73797,California,M,Bachelor,8100,25949,104,0,Personal Auto,SUV,499
CC43119,California,F,Bachelor,2921,62018,73,0,Corporate Auto,Two-Door Car,90
CD38665,California,M,High School or Below,14510,41433,183,0,Personal Auto,Luxury,1318
JM30137,Washington,F,College,16794,0,238,1,Personal Auto,Luxury,1142
CJ29883,Arizona,F,Doctor,5332,68931,66,0,Personal Auto,Four-Door Car,310
LJ35581,Washington,F,Bachelor,10026,0,141,0,Personal Auto,SUV,1015
DL11519,Oregon,M,College,6876,0,104,0,Special Auto,SUV,749
AK11719,California,M,Master,2272,0,64,0,Corporate Auto,Four-Door Car,286
YL91288,California,F,Master,8923,98044,73,0,Personal Auto,Four-Door Car,347
XV53746,California,F,High School or Below,16484,91354,68,0,Special Auto,Two-Door Car,362
HU57895,Washington,F,College,6861,0,109,4,Corporate Auto,Luxury,605
MI95708,Arizona,F,High School or Below,12948,15083,115,0,Personal Auto,Four-Door Car,552
AX45422,California,F,High School or Below,13787,0,61,0,Personal Auto,Four-Door Car,371
KT92231,Oregon,M,Bachelor,7706,0,107,0,Personal Auto,Luxury,1268
BM53580,Oregon,F,Bachelor,8520,0,80,0,Personal Auto,Four-Door Car,69
ZB32409,California,F,Bachelor,2242,0,67,3,Personal Auto,Four-Door Car,618
XA21742,California,F,Bachelor,27069,22955,92,3,Personal Auto,Four-Door Car,442
RD22761,Washington,M,Bachelor,20580,0,69,0,Personal Auto,Four-Door Car,567
PZ10136,Oregon,M,Master,2466,51641,63,1,Personal Auto,Four-Door Car,137
OG62048,California,F,Master,9053,10211,119,0,Personal Auto,SUV,571
IH23596,California,F,Bachelor,2546,0,68,0,Corporate Auto,Four-Door Car,297
HE72629,Arizona,F,Bachelor,3007,0,80,0,Personal Auto,Two-Door Car,17
KW52549,Arizona,F,Bachelor,27790,33806,89,0,Personal Auto,Four-Door Car,396
OZ82391,California,M,Master,6289,50269,80,0,Personal Auto,Two-Door Car,32
HH22446,Nevada,M,Bachelor,3954,18375,103,0,Personal Auto,Luxury,535
HW16019,Oregon,M,Bachelor,7583,24133,68,0,Personal Auto,Two-Door Car,76
IS30186,California,F,College,6186,88375,77,0,Personal Auto,Four-Door Car,0
HN45134,Arizona,M,Master,5757,88997,72,0,Personal Auto,Four-Door Car,174
XI79589,California,F,High School or Below,4474,0,125,0,Personal Auto,SUV,600
LK57294,Oregon,M,High School or Below,4786,23402,61,0,Personal Auto,Four-Door Car,293
JM88889,California,F,High School or Below,12245,46396,103,1,Corporate Auto,Four-Door Car,384
EZ51276,Arizona,F,College,7121,0,96,0,Personal Auto,Four-Door Car,461
JF16295,Oregon,F,High School or Below,7548,0,102,0,Personal Auto,Four-Door Car,490
XU76821,California,F,College,20380,33175,66,0,Corporate Auto,Two-Door Car,85
KR62128,California,F,Master,9012,63885,114,0,Personal Auto,SUV,86
TG70775,California,F,High School or Below,20097,92766,71,0,Personal Auto,Two-Door Car,379
XR75319,Arizona,M,College,4787,45515,61,0,Personal Auto,Two-Door Car,237
QB26845,Oregon,M,Bachelor,11578,0,115,0,Personal Auto,SUV,1164
No94161,California,M,High School or Below,2719,37703,70,0,Corporate Auto,Two-Door Car,83
SQ87105,Oregon,F,Bachelor,4761,0,68,0,Corporate Auto,Four-Door Car,490
XM14899,Oregon,M,College,8701,0,122,0,Personal Auto,SUV,685
QQ51185,Nevada,F,College,2659,64987,66,0,Personal Auto,Four-Door Car,183
XW51700,Arizona,F,High School or Below,5140,73180,64,0,Personal Auto,Four-Door Car,133
YK60829,Oregon,F,High School or Below,20097,92766,71,0,Corporate Auto,Two-Door Car,379
FB68802,Arizona,M,College,4025,0,119,2,Personal Auto,SUV,571
ON67674,California,F,College,2771,50071,71,0,Personal Auto,Two-Door Car,19
MS20849,California,M,College,6746,53058,91,4,Personal Auto,Four-Door Car,209
VK94354,Oregon,M,Master,9260,0,127,0,Special Auto,SUV,22
PZ53130,California,F,College,8467,16370,74,0,Personal Auto,Two-Door Car,296
HV75704,California,F,Bachelor,22762,70521,63,0,Corporate Auto,Four-Door Car,302
GU18646,Oregon,M,Bachelor,9332,58007,81,0,Special Auto,Two-Door Car,518
LI77073,Oregon,M,College,7100,31670,179,0,Corporate Auto,Luxury,1289
FW43809,Oregon,F,High School or Below,8007,0,112,0,Personal Auto,Luxury,538
WC11515,Arizona,F,Bachelor,19512,0,70,0,Corporate Auto,Four-Door Car,491
ZT52415,Oregon,F,Bachelor,8146,62534,68,0,Personal Auto,Two-Door Car,326
PH83205,Oregon,M,Bachelor,2810,26790,71,0,Corporate Auto,Two-Door Car,341
GI46001,California,F,Bachelor,6846,0,95,0,Personal Auto,Two-Door Car,456
DY27653,Oregon,F,High School or Below,3756,56178,94,0,Personal Auto,Four-Door Car,451
GB70718,Arizona,F,High School or Below,2393,28646,61,0,Personal Auto,Four-Door Car,355
YE12395,Oregon,M,High School or Below,40637,31267,129,0,Personal Auto,Luxury,619
MA94219,Nevada,M,College,9068,78250,114,0,Personal Auto,Four-Door Car,547
FJ28407,California,M,High School or Below,5620,0,153,0,Personal Auto,SUV,1027
CJ72056,California,M,Bachelor,8014,65636,67,0,Personal Auto,Four-Door Car,322
QU52713,California,M,Bachelor,4089,43177,103,0,Corporate Auto,SUV,421
FE20514,Oregon,M,College,5065,26733,66,0,Personal Auto,Four-Door Car,219
RY43586,Oregon,F,Master,8373,12590,73,0,Personal Auto,Two-Door Car,133
SK66747,Washington,M,Bachelor,66026,33481,188,0,Personal Auto,Luxury,1195
SC31713,California,F,College,8175,0,80,0,Personal Auto,Four-Door Car,384
TH72420,Oregon,M,Doctor,8720,25752,73,0,Personal Auto,Two-Door Car,378
FD75102,California,F,College,3238,27982,87,0,Personal Auto,Two-Door Car,15
LW75453,California,M,Bachelor,5355,29445,68,0,Personal Auto,Four-Door Car,334
BS96517,Washington,F,College,2375,47455,61,0,Personal Auto,Four-Door Car,279
SO55284,Nevada,F,High School or Below,8647,64125,108,0,Personal Auto,SUV,370
SD83603,Oregon,F,College,6672,56830,83,0,Personal Auto,Two-Door Car,320
JQ68425,California,M,College,12919,58236,108,0,Corporate Auto,SUV,67
VM51572,Washington,M,Bachelor,7385,54289,62,0,Personal Auto,Four-Door Car,430
JH58282,California,F,College,7201,0,66,0,Personal Auto,Four-Door Car,317
WP23743,California,M,College,7282,47482,93,0,Corporate Auto,Four-Door Car,594
DS47984,Arizona,M,Master,3238,60244,83,3,Personal Auto,Four-Door Car,326
UV52613,Arizona,M,College,2723,20867,71,0,Personal Auto,Four-Door Car,341
XM96138,California,M,Master,11278,98138,93,1,Personal Auto,Four-Door Car,428
HF95739,California,M,High School or Below,8556,0,81,0,Personal Auto,Four-Door Car,583
HG81101,Washington,F,Bachelor,2912,20327,74,0,Personal Auto,Four-Door Car,824
VN27419,Oregon,F,High School or Below,10083,11828,90,0,Personal Auto,Four-Door Car,571
VZ59523,Arizona,M,Doctor,5705,50695,71,0,Personal Auto,Two-Door Car,111
UF91715,Nevada,M,High School or Below,7665,0,107,0,Personal Auto,Four-Door Car,770
JV13438,Oregon,M,High School or Below,4909,98693,61,0,Personal Auto,Four-Door Car,293
MN82687,Oregon,F,Bachelor,5470,54507,138,0,Personal Auto,SUV,703
MR50410,Nevada,M,College,5067,89703,126,0,Personal Auto,SUV,602
DT53270,Washington,F,College,4896,0,71,0,Personal Auto,Four-Door Car,421
DA79098,California,M,Bachelor,4572,0,67,1,Personal Auto,Two-Door Car,357
FY86121,Oregon,M,College,8237,70882,69,0,Personal Auto,Four-Door Car,124
AA69265,Nevada,F,Bachelor,3965,60817,103,1,Personal Auto,Four-Door Car,494
ZT86224,Nevada,M,Bachelor,10901,72257,90,0,Personal Auto,Four-Door Car,408
GW89148,California,M,Doctor,16304,90008,137,0,Personal Auto,SUV,407
EJ97834,Nevada,F,High School or Below,2619,93987,65,0,Personal Auto,Two-Door Car,251
VM66678,Oregon,F,High School or Below,14024,81872,115,0,Personal Auto,Four-Door Car,256
OY34553,Nevada,F,Bachelor,24321,60221,67,0,Personal Auto,Four-Door Car,239
JL49772,Arizona,F,Bachelor,24249,33651,69,1,Personal Auto,Four-Door Car,329
ZO44848,California,F,College,20864,0,61,0,Special Auto,Four-Door Car,216
TW66679,Oregon,M,High School or Below,8824,75741,109,0,Corporate Auto,SUV,217
RP98585,Arizona,M,Master,7610,38086,96,0,Personal Auto,Two-Door Car,243
XK83294,California,F,High School or Below,7486,38725,64,0,Corporate Auto,Two-Door Car,307
VZ43707,Nevada,M,High School or Below,8763,20132,86,3,Corporate Auto,Four-Door Car,413
RO89767,Arizona,M,Master,27386,0,105,0,Personal Auto,Luxury,451
UN49741,Oregon,M,High School or Below,11122,44299,106,5,Personal Auto,SUV,754
SY46862,Arizona,M,High School or Below,5658,98917,139,0,Corporate Auto,Luxury,337
ZY60545,California,F,College,18939,91535,67,1,Personal Auto,Four-Door Car,127
WP62115,Washington,F,College,13866,53484,70,0,Corporate Auto,Two-Door Car,333
NK16909,Oregon,M,Doctor,8189,45318,103,0,Personal Auto,SUV,494
BQ41371,Oregon,F,Bachelor,5627,46897,70,0,Personal Auto,Four-Door Car,344
QF29828,Arizona,F,Master,3209,40135,80,0,Personal Auto,Four-Door Car,78
LP59331,Arizona,M,College,5283,38606,68,0,Personal Auto,Four-Door Car,413
NJ46471,Oregon,F,Bachelor,8697,56550,73,3,Corporate Auto,Four-Door Car,163
KX53892,Oregon,F,College,5259,61146,65,0,Personal Auto,Four-Door Car,273
YP37291,Nevada,M,High School or Below,7855,36409,66,0,Personal Auto,Four-Door Car,317
RX93631,Arizona,F,Bachelor,6439,90035,80,0,Personal Auto,Four-Door Car,142
GS26763,California,F,Bachelor,11634,39669,98,0,Personal Auto,Two-Door Car,493
SK74843,Arizona,F,Master,2442,57963,61,0,Personal Auto,Four-Door Car,42
AG47947,Washington,F,High School or Below,14024,81872,115,0,Personal Auto,Four-Door Car,256
LQ23049,California,F,High School or Below,2491,25965,65,0,Personal Auto,Four-Door Car,329
VF10088,Arizona,F,High School or Below,3410,59662,85,0,Personal Auto,Four-Door Car,10
OJ65428,Nevada,M,College,3842,27906,102,0,Personal Auto,Four-Door Car,490
ZF48094,Oregon,F,High School or Below,3340,51032,83,0,Personal Auto,Four-Door Car,350
TN56613,Arizona,F,Bachelor,5358,83771,133,0,Personal Auto,Luxury,482
IA33339,Oregon,F,Bachelor,9269,57052,115,1,Corporate Auto,SUV,484
UB28078,California,M,Master,4200,51510,106,0,Personal Auto,Four-Door Car,689
ZK60855,Oregon,F,College,4830,34819,61,0,Corporate Auto,Four-Door Car,186
CM73149,California,F,Bachelor,14245,31189,122,0,Personal Auto,Luxury,586
SC81807,California,F,College,4095,32180,103,0,Special Auto,Luxury,559
DS57918,California,M,Bachelor,33719,27500,114,0,Corporate Auto,SUV,472
TN29644,California,F,College,7540,67018,94,0,Personal Auto,Four-Door Car,104
UL17918,Arizona,M,Bachelor,2821,0,77,0,Corporate Auto,Two-Door Car,436
MJ25422,Oregon,F,College,36696,0,199,0,Personal Auto,Luxury,1062
FG21377,California,F,Bachelor,19731,33588,62,0,Corporate Auto,Four-Door Car,420
BQ15946,Oregon,M,Doctor,6685,56270,83,0,Personal Auto,Four-Door Car,398
CO53249,Arizona,M,College,8408,82800,70,0,Corporate Auto,Four-Door Car,442
XS83731,Arizona,F,College,7372,0,68,0,Personal Auto,Four-Door Car,425
VH41477,Oregon,M,High School or Below,4742,63891,119,0,Corporate Auto,Two-Door Car,8
AT13963,Washington,F,Master,15865,43946,133,0,Corporate Auto,Luxury,416
XU49878,Washington,M,Bachelor,5396,62039,68,1,Personal Auto,Four-Door Car,266
RY10920,Oregon,M,College,4330,60475,107,0,Personal Auto,Four-Door Car,514
OC32181,Nevada,F,High School or Below,5708,70279,71,0,Special Auto,Four-Door Car,331
OE19653,Oregon,F,High School or Below,3501,0,93,0,Personal Auto,Two-Door Car,446
WG39961,Oregon,F,High School or Below,3919,66676,97,0,Personal Auto,Four-Door Car,558
QY78671,Arizona,M,High School or Below,2910,12048,77,0,Corporate Auto,Four-Door Car,370
SY48591,Arizona,F,College,4828,0,68,0,Personal Auto,Four-Door Car,326
SM16060,Arizona,F,College,4812,0,68,0,Personal Auto,Two-Door Car,619
FW53453,California,F,Master,7834,36094,99,1,Personal Auto,Two-Door Car,457
KU42210,Arizona,M,Bachelor,14666,0,61,0,Corporate Auto,Four-Door Car,439
XR74789,Washington,F,College,7200,63328,89,0,Personal Auto,Two-Door Car,427
GB39602,Nevada,M,High School or Below,3915,0,112,0,Corporate Auto,Luxury,588
SK93727,Washington,F,High School or Below,9470,36121,118,0,Personal Auto,Four-Door Car,1107
OM37845,California,M,Master,5480,56005,68,1,Personal Auto,Four-Door Car,326
VR45143,Arizona,F,High School or Below,2488,48597,71,5,Corporate Auto,Four-Door Car,306
GF35623,California,F,High School or Below,5887,0,81,0,Personal Auto,Four-Door Car,583
AF47139,Oregon,F,College,8406,42540,70,0,Personal Auto,Four-Door Car,44
IS48950,California,M,College,8686,87544,109,1,Corporate Auto,SUV,523
NC98544,Nevada,M,High School or Below,25030,26292,80,2,Personal Auto,Two-Door Car,384
AD12500,California,F,High School or Below,17823,42696,228,0,Personal Auto,Luxury,1274
ZE59681,Nevada,M,College,2799,88009,71,0,Corporate Auto,Two-Door Car,267
JQ91314,Washington,M,College,3289,0,97,0,Personal Auto,Four-Door Car,1026
WX92260,Washington,F,College,2004,0,66,4,Corporate Auto,Four-Door Car,317
MO21402,Oregon,F,Master,13736,16181,181,0,Personal Auto,SUV,1261
QY41319,Oregon,M,College,4412,0,62,0,Personal Auto,Two-Door Car,446
WE90911,Arizona,F,Bachelor,5392,75438,136,0,Personal Auto,SUV,438
KB90888,Oregon,F,High School or Below,2562,0,73,0,Corporate Auto,Two-Door Car,843
NN87570,Oregon,M,Bachelor,6057,27681,83,0,Corporate Auto,Two-Door Car,398
PD94315,Arizona,F,Bachelor,22257,23444,196,0,Corporate Auto,SUV,941
IN65727,Washington,F,Master,2694,63684,68,0,Personal Auto,Two-Door Car,344
FB76635,Oregon,F,College,4297,61737,107,0,Personal Auto,Luxury,496
RF58958,California,M,High School or Below,11625,0,113,0,Personal Auto,Four-Door Car,814
AZ15952,Oregon,M,Bachelor,8749,52373,111,0,Personal Auto,Four-Door Car,186
KP22549,Oregon,M,Bachelor,3156,58213,79,0,Personal Auto,Four-Door Car,40
QC34927,California,M,High School or Below,3318,74142,83,0,Personal Auto,Two-Door Car,398
WD87578,Nevada,F,High School or Below,7821,0,109,0,Personal Auto,Four-Door Car,785
ER51965,Washington,M,College,4241,49746,111,3,Corporate Auto,Four-Door Car,589
LA53648,California,F,High School or Below,8993,0,129,0,Personal Auto,SUV,1060
FX73249,Oregon,M,Bachelor,7304,0,104,0,Personal Auto,Four-Door Car,499
WF53890,Arizona,F,Bachelor,5218,39854,66,0,Personal Auto,Two-Door Car,262
QL35310,Nevada,F,Master,2725,36650,69,1,Corporate Auto,Four-Door Car,57
FY30870,California,F,High School or Below,18570,32756,93,0,Personal Auto,Two-Door Car,381
JF73533,Nevada,M,College,9985,36268,86,1,Personal Auto,Four-Door Car,531
IW70308,Oregon,F,Bachelor,8258,23815,73,0,Personal Auto,Four-Door Car,424
ZS50183,Arizona,F,College,8002,0,107,0,Corporate Auto,SUV,514
EU38033,Nevada,M,High School or Below,5898,39188,74,0,Personal Auto,Four-Door Car,355
ZJ86769,Nevada,M,College,4686,58089,118,0,Personal Auto,SUV,566
JZ90556,Oregon,F,High School or Below,5943,62120,74,0,Corporate Auto,Four-Door Car,28
OQ43721,Oregon,F,High School or Below,2648,26540,69,0,Personal Auto,Four-Door Car,378
NI71089,California,M,College,4650,28215,65,0,Personal Auto,Two-Door Car,468
ZF84966,Nevada,F,Doctor,44856,61675,123,0,Corporate Auto,SUV,483
LN11802,California,M,Master,26570,0,100,0,Personal Auto,Luxury,480
CG92708,Nevada,F,College,2951,69600,74,0,Personal Auto,Four-Door Car,341
TH59993,California,F,College,2465,40982,62,0,Corporate Auto,Four-Door Car,107
WH76688,Oregon,M,Bachelor,5556,74015,72,0,Personal Auto,Four-Door Car,471
NK82261,California,M,High School or Below,3200,0,94,0,Personal Auto,Two-Door Car,1122
FI93397,Oregon,F,Bachelor,2776,0,79,0,Personal Auto,Four-Door Car,509
FO33051,Arizona,M,College,16355,29439,146,0,Personal Auto,SUV,701
ZE40223,Oregon,M,College,7330,0,108,0,Personal Auto,Luxury,518
II49996,Arizona,M,Bachelor,5556,74015,72,0,Personal Auto,Four-Door Car,471
AX71707,Arizona,F,College,6383,67881,79,0,Personal Auto,Two-Door Car,391
GF38306,Nevada,F,High School or Below,7759,96162,97,0,Corporate Auto,Four-Door Car,377
TN54884,California,F,College,14932,39049,63,0,Personal Auto,Two-Door Car,295
DD27635,Oregon,M,Doctor,8047,29808,105,1,Personal Auto,SUV,52
NX84287,California,F,Master,10862,65727,134,0,Corporate Auto,SUV,364
EO38569,Washington,F,High School or Below,2195,0,62,1,Personal Auto,Four-Door Car,446
FF77476,California,F,High School or Below,2397,22283,65,0,Corporate Auto,Four-Door Car,572
CW92156,Washington,F,College,4070,37435,105,0,Personal Auto,SUV,314
XA53408,Oregon,M,College,5579,27756,71,0,Corporate Auto,Two-Door Car,736
CV86445,Arizona,M,High School or Below,8140,86876,68,0,Personal Auto,Four-Door Car,119
TK32843,California,M,Bachelor,7445,0,114,0,Personal Auto,Four-Door Car,864
EV14053,California,F,High School or Below,7295,34062,91,0,Corporate Auto,Four-Door Car,603
IY38767,Oregon,M,High School or Below,5326,0,73,0,Personal Auto,Two-Door Car,496
VJ34494,Washington,F,College,2442,0,69,0,Corporate Auto,Four-Door Car,331
SN36487,Arizona,F,College,10308,78358,128,0,Corporate Auto,SUV,614
SW88021,California,F,Bachelor,2462,12222,67,1,Corporate Auto,Two-Door Car,322
US43945,California,F,Bachelor,2522,41247,64,0,Personal Auto,Two-Door Car,307
QC93181,California,F,College,25465,13663,97,0,Corporate Auto,Four-Door Car,466
XS89049,Nevada,F,College,2823,25531,74,0,Personal Auto,Two-Door Car,355
QR79788,Nevada,M,College,5812,58643,74,0,Personal Auto,Four-Door Car,329
WG51244,Oregon,M,Bachelor,21850,48107,190,2,Corporate Auto,Luxury,912
BF56053,Washington,F,Bachelor,9320,18643,119,0,Corporate Auto,Four-Door Car,571
AN97123,Nevada,F,College,22305,0,102,0,Personal Auto,Two-Door Car,402
VS30147,Oregon,M,Master,22119,58645,110,0,Personal Auto,SUV,428
FY70464,Oregon,F,Bachelor,7218,95058,177,0,Personal Auto,SUV,90
BG19572,Washington,F,Bachelor,6117,0,87,0,Corporate Auto,Four-Door Car,1033
LR43989,Oregon,F,High School or Below,4882,19715,66,4,Personal Auto,Four-Door Car,475
ER10834,Nevada,F,Master,2674,68787,66,0,Personal Auto,Four-Door Car,105
WL46620,Nevada,M,Bachelor,7725,29056,66,0,Personal Auto,Two-Door Car,356
MO27230,Oregon,F,College,4708,47829,117,1,Personal Auto,SUV,562
HD32695,Arizona,F,Bachelor,4447,13128,118,0,Personal Auto,Four-Door Car,772
ED89934,California,F,College,4824,58946,121,0,Personal Auto,SUV,487
WU63862,Oregon,M,College,5420,31614,71,0,Personal Auto,Four-Door Car,235
EW27959,California,F,Bachelor,7583,44667,65,0,Personal Auto,Four-Door Car,246
IG15771,Oregon,M,College,3852,0,111,0,Personal Auto,Four-Door Car,938
PJ84431,California,M,High School or Below,7647,91512,189,0,Personal Auto,Luxury,907
RW46214,Oregon,F,High School or Below,5230,26540,69,1,Personal Auto,Four-Door Car,331
VP91482,Oregon,M,Bachelor,3614,0,103,0,Personal Auto,SUV,742
DZ48278,Nevada,M,High School or Below,2854,38798,72,0,Personal Auto,Four-Door Car,333
HC37968,Oregon,F,Bachelor,8543,0,117,0,Personal Auto,Luxury,562
CQ15251,Oregon,F,Bachelor,5150,65629,64,0,Personal Auto,Four-Door Car,89
QD36906,Nevada,F,Master,8724,33291,73,1,Personal Auto,Four-Door Car,172
BG95711,California,F,College,16477,57264,84,1,Personal Auto,Four-Door Car,129
HR44460,California,F,Bachelor,26339,60970,110,0,Personal Auto,SUV,94
NE57101,Oregon,M,College,4244,34220,109,1,Corporate Auto,SUV,523
UQ34669,Arizona,M,Master,5757,88997,72,0,Personal Auto,Four-Door Car,174
BL42392,Arizona,M,Doctor,4827,18779,63,0,Personal Auto,Four-Door Car,215
WC52068,Oregon,M,College,8093,50825,102,0,Corporate Auto,SUV,370
GB20532,Arizona,M,High School or Below,3011,0,86,0,Personal Auto,Four-Door Car,569
XS74432,California,F,High School or Below,8664,29218,72,0,Personal Auto,Four-Door Car,502
YA10507,California,M,High School or Below,2472,95697,61,0,Special Auto,Two-Door Car,114
NL59273,Oregon,F,Doctor,5627,61486,70,0,Personal Auto,Two-Door Car,334
BZ81849,Arizona,F,Bachelor,7494,0,68,0,Personal Auto,Four-Door Car,326
MF83904,Oregon,F,Bachelor,5453,17723,72,0,Personal Auto,Two-Door Car,346
MH14039,California,M,High School or Below,2592,72421,65,0,Personal Auto,Four-Door Car,312
XJ26467,California,F,College,6722,36510,84,0,Personal Auto,Four-Door Car,287
BC53546,Oregon,M,Bachelor,5501,35396,70,0,Personal Auto,Two-Door Car,336
KB58189,Oregon,F,College,2551,69230,63,0,Special Auto,Four-Door Car,283
FF31523,Washington,F,Master,7772,28054,195,1,Corporate Auto,SUV,572
EE98024,California,F,College,4236,25866,109,0,Personal Auto,Four-Door Car,523
QA50777,Oregon,F,Bachelor,9025,23675,117,0,Personal Auto,Four-Door Car,708
HW36182,California,M,Master,2616,0,71,0,Personal Auto,Two-Door Car,341
SB64064,Nevada,F,Bachelor,2396,0,66,2,Personal Auto,Four-Door Car,433
MY60905,California,F,Bachelor,4784,0,68,0,Personal Auto,Two-Door Car,326
FB77856,Nevada,M,College,3874,28142,105,0,Personal Auto,Luxury,702
XQ93931,Oregon,M,College,7806,23706,68,1,Corporate Auto,Four-Door Car,326
WA74455,Arizona,M,College,4718,0,131,0,Personal Auto,SUV,629
GK98989,Washington,M,Bachelor,5626,0,85,0,Corporate Auto,Four-Door Car,872
VA35421,Nevada,F,Master,5183,83527,64,1,Personal Auto,Two-Door Car,39
BB41401,Arizona,M,High School or Below,6005,26876,76,0,Personal Auto,Four-Door Car,365
RQ16234,Arizona,F,High School or Below,9838,55099,122,0,Corporate Auto,Luxury,260
DO83789,Arizona,F,College,5206,71661,65,0,Personal Auto,Four-Door Car,312
AK46006,Oregon,M,Bachelor,36293,18047,242,0,Personal Auto,Luxury,1350
CJ59481,Washington,M,College,2837,90893,70,0,Personal Auto,Two-Door Car,71
JL86651,Nevada,M,College,11785,90016,102,4,Personal Auto,Four-Door Car,20
AN32867,California,M,Bachelor,3125,81285,81,2,Personal Auto,Four-Door Car,442
AC67315,Nevada,F,Bachelor,13862,96950,115,0,Personal Auto,Luxury,633
XN90444,California,M,Doctor,8200,24814,69,0,Special Auto,Two-Door Car,331
CZ72326,Oregon,F,High School or Below,8456,0,90,3,Corporate Auto,Two-Door Car,648
FG18525,Nevada,M,Bachelor,2124,0,61,1,Personal Auto,Two-Door Car,61
HC25359,Oregon,F,Master,9045,52572,113,0,Personal Auto,Four-Door Car,442
SM39580,Arizona,M,Doctor,3187,0,85,0,Corporate Auto,Two-Door Car,595
UU81720,California,F,High School or Below,8114,41701,68,0,Corporate Auto,Four-Door Car,65
WO53546,Oregon,M,College,34039,0,104,0,Personal Auto,Luxury,499
UH76249,Arizona,M,High School or Below,9088,0,80,0,Corporate Auto,Four-Door Car,384
YP79029,California,M,Bachelor,12520,34179,107,0,Corporate Auto,Luxury,770
HS79851,Oregon,M,Bachelor,6057,27681,83,0,Personal Auto,Two-Door Car,398
YR49519,Arizona,M,Bachelor,4967,0,73,0,Corporate Auto,Four-Door Car,359
AN21193,Washington,F,Bachelor,6933,0,70,1,Personal Auto,Four-Door Car,504
TS98462,Washington,F,High School or Below,22399,78494,69,0,Personal Auto,Two-Door Car,78
OB11898,Nevada,F,College,2162,0,66,2,Personal Auto,Two-Door Car,317
RS85283,Oregon,M,Bachelor,21777,56044,182,0,Personal Auto,SUV,953
NW19960,Oregon,M,College,9095,37937,116,0,Personal Auto,SUV,557
AI11191,Arizona,F,High School or Below,4228,77853,106,0,Personal Auto,SUV,165
PF24757,Arizona,F,College,6521,72608,82,3,Personal Auto,Four-Door Car,394
NY20756,California,M,High School or Below,10209,36568,128,0,Personal Auto,SUV,979
EU98982,Arizona,M,High School or Below,7600,0,110,2,Personal Auto,SUV,797
GL54755,Washington,F,Bachelor,3895,59578,98,1,Corporate Auto,Four-Door Car,404
UF13251,Oregon,M,High School or Below,8511,26032,109,0,Personal Auto,SUV,638
HK16676,Oregon,M,High School or Below,2713,39618,68,0,Corporate Auto,Four-Door Car,326
KF80571,Arizona,M,High School or Below,2259,0,65,0,Personal Auto,Four-Door Car,625
XB43418,California,M,College,4816,59438,124,0,Special Auto,SUV,563
IA78643,Washington,F,High School or Below,8007,0,112,0,Personal Auto,Luxury,538
RI97135,Washington,M,Bachelor,3009,0,87,0,Personal Auto,Four-Door Car,401
HZ52656,Washington,F,Bachelor,2531,89451,63,0,Personal Auto,Four-Door Car,62
BM71358,Arizona,M,High School or Below,10787,44695,91,0,Personal Auto,Four-Door Car,148
DJ42087,California,F,High School or Below,11924,24581,101,0,Personal Auto,Four-Door Car,485
NV98267,Arizona,M,Bachelor,5186,0,73,1,Personal Auto,Four-Door Car,195
YD27780,Arizona,F,Bachelor,10104,72334,129,3,Corporate Auto,SUV,413
DZ38951,Oregon,M,High School or Below,6439,19831,83,0,Personal Auto,Four-Door Car,398
VO84133,California,M,High School or Below,3910,40361,98,0,Personal Auto,Four-Door Car,71
FP86246,California,M,Bachelor,13211,74656,111,0,Personal Auto,Four-Door Car,504
YA37626,Oregon,M,Master,14616,25358,126,0,Personal Auto,SUV,751
XW54288,California,M,Bachelor,3732,35461,95,1,Corporate Auto,Four-Door Car,9
ET81343,California,M,Doctor,8751,59047,76,3,Personal Auto,Four-Door Car,365
CW57351,Nevada,F,College,10663,62409,89,0,Personal Auto,Four-Door Car,393
EV39201,California,F,College,3861,93272,95,0,Personal Auto,Four-Door Car,281
YV40022,California,F,College,9808,0,135,0,Personal Auto,Luxury,970
IX44049,Oregon,M,Bachelor,3253,20166,83,0,Personal Auto,Two-Door Car,398
DI51103,Washington,F,High School or Below,2712,0,74,0,Personal Auto,Four-Door Car,355
AS78838,California,M,Bachelor,2454,29735,69,0,Personal Auto,Four-Door Car,331
YJ16399,California,M,High School or Below,11228,0,64,0,Corporate Auto,Four-Door Car,773
LH52773,California,F,High School or Below,23021,97460,114,0,Personal Auto,SUV,660
XF99212,Arizona,M,College,2458,57564,63,1,Personal Auto,Two-Door Car,302
CL52383,Arizona,F,Bachelor,11160,33232,94,0,Special Auto,Four-Door Car,436
DD28380,Arizona,F,College,13119,11854,113,0,Personal Auto,Four-Door Car,808
CP87192,California,F,College,6120,23843,79,0,Personal Auto,Four-Door Car,345
MH43755,Arizona,F,College,13881,17961,181,0,Personal Auto,Luxury,477
KT38145,California,F,College,4787,0,64,0,Personal Auto,Four-Door Car,360
FU65756,Arizona,F,College,8177,54695,103,0,Personal Auto,SUV,494
YG92601,California,M,College,3309,85632,82,0,Personal Auto,Two-Door Car,7
MZ63755,California,F,Bachelor,14635,0,139,0,Personal Auto,SUV,667
BI33231,California,F,High School or Below,5121,0,76,4,Personal Auto,Four-Door Car,277
ZD71862,Oregon,F,High School or Below,19253,39895,160,0,Personal Auto,SUV,766
VT87641,Washington,F,Bachelor,6647,95815,82,0,Personal Auto,Four-Door Car,394
TN61016,California,F,High School or Below,8742,37224,74,0,Personal Auto,Four-Door Car,355
PX27645,California,M,Bachelor,8467,0,122,0,Personal Auto,SUV,1100
IS53899,Nevada,F,College,6993,94652,86,0,Personal Auto,Four-Door Car,413
KC69320,Arizona,F,Bachelor,13037,28582,112,0,Personal Auto,Luxury,538
WR86431,Nevada,F,High School or Below,10884,91123,138,3,Corporate Auto,SUV,103
TY27229,Arizona,M,Bachelor,9114,85942,116,2,Personal Auto,Four-Door Car,79
LC42182,Nevada,F,High School or Below,30443,64321,253,0,Personal Auto,Luxury,422
SZ64974,Arizona,M,Doctor,5104,77025,64,2,Personal Auto,Two-Door Car,381
AH89786,Oregon,M,High School or Below,2174,16997,65,3,Personal Auto,Two-Door Car,468
QO70290,California,M,Bachelor,9890,52408,125,0,Personal Auto,Luxury,179
IR78670,California,M,Bachelor,8719,0,116,1,Personal Auto,Four-Door Car,557
OU24549,Nevada,M,Bachelor,8517,37573,112,3,Corporate Auto,SUV,538
OO96263,Nevada,F,High School or Below,11607,45893,97,0,Personal Auto,Two-Door Car,466
SY86059,California,F,High School or Below,3732,0,96,0,Corporate Auto,Four-Door Car,461
JZ76788,Nevada,M,College,3303,29385,88,2,Personal Auto,Two-Door Car,422
AB23825,California,M,College,8889,21509,81,1,Personal Auto,Two-Door Car,413
BH61137,Arizona,F,Bachelor,8174,68144,70,4,Personal Auto,Four-Door Car,336
QW21716,Nevada,M,Bachelor,4924,31093,63,0,Personal Auto,Four-Door Car,302
IU95336,Arizona,M,High School or Below,2824,24350,73,3,Corporate Auto,Four-Door Car,350
TY22591,Washington,M,College,7824,32823,100,0,Personal Auto,SUV,480
VR18539,Washington,M,College,8312,44843,105,0,Personal Auto,SUV,391
GD89605,Oregon,F,Master,5385,59364,67,0,Corporate Auto,Four-Door Car,322
RD47708,Oregon,M,College,3979,39101,99,0,Personal Auto,Four-Door Car,167
XH47201,California,M,High School or Below,6238,0,90,1,Personal Auto,Two-Door Car,432
TW62773,Washington,F,High School or Below,6970,27604,92,1,Corporate Auto,Two-Door Car,442
QP77560,California,F,High School or Below,5024,91603,64,5,Personal Auto,Four-Door Car,307
QV66305,Washington,F,Master,8414,59828,104,0,Personal Auto,SUV,499
WC83676,Nevada,M,College,2802,33247,72,0,Special Auto,Four-Door Car,285
QD98396,California,M,College,5011,45867,126,0,Personal Auto,Luxury,605
AM36670,California,F,College,4998,54827,64,0,Personal Auto,Four-Door Car,133
CJ78727,California,F,Bachelor,2236,0,64,3,Corporate Auto,Two-Door Car,307
GN61665,Arizona,M,Bachelor,10935,47170,139,0,Corporate Auto,Luxury,667
HY49431,California,F,Bachelor,3289,21947,83,0,Personal Auto,Four-Door Car,367
IK82336,Oregon,F,College,14014,39018,117,0,Personal Auto,SUV,562
WA16954,Arizona,M,Master,5604,20252,71,0,Personal Auto,Four-Door Car,198
QD69852,Oregon,M,Bachelor,2912,0,88,0,Personal Auto,Four-Door Car,634
XG47945,Oregon,M,Master,5617,48602,70,0,Corporate Auto,Two-Door Car,488
UV57184,California,F,Bachelor,7505,97849,62,0,Special Auto,Four-Door Car,183
JU55710,Oregon,F,College,3747,41479,94,1,Personal Auto,Two-Door Car,20
PT50287,Oregon,F,Bachelor,2960,69746,74,0,Personal Auto,Four-Door Car,225
AB73565,California,M,Bachelor,7726,96748,96,0,Personal Auto,Two-Door Car,461
PK20739,Oregon,M,Bachelor,13249,25074,112,0,Personal Auto,Two-Door Car,538
XI85062,Nevada,M,Master,2718,66463,68,0,Personal Auto,Two-Door Car,326
KA77514,Washington,M,High School or Below,2734,34865,69,0,Corporate Auto,Four-Door Car,256
ND80148,California,M,College,9199,37399,116,0,Personal Auto,Four-Door Car,393
AK72422,California,M,College,29050,21070,195,0,Corporate Auto,Luxury,1404
LN49978,Oregon,F,Bachelor,4957,31562,66,4,Personal Auto,Four-Door Car,317
RZ80299,California,F,Master,5575,54684,71,2,Personal Auto,Four-Door Car,487
QU53781,Oregon,M,High School or Below,9193,37388,117,0,Corporate Auto,SUV,562
MD70013,Nevada,F,Bachelor,3879,84981,96,0,Personal Auto,Four-Door Car,5
QD97878,Nevada,M,Master,4419,24046,116,0,Personal Auto,Two-Door Car,557
WK24299,California,M,High School or Below,4773,20993,133,0,Personal Auto,SUV,638
RJ45123,Oregon,M,College,9102,48029,116,0,Personal Auto,SUV,557
HM33037,Arizona,M,Bachelor,7609,16233,197,0,Personal Auto,Luxury,1418
QY70905,Arizona,M,College,2669,30718,67,1,Personal Auto,Two-Door Car,322
YL86561,Oregon,M,High School or Below,5142,60277,65,0,Personal Auto,Four-Door Car,146
LK40971,California,M,Bachelor,7451,0,107,0,Personal Auto,SUV,770
UI44314,Arizona,M,Bachelor,2620,31911,68,0,Personal Auto,Four-Door Car,246
NN44612,Nevada,F,Bachelor,4910,61402,62,0,Personal Auto,Two-Door Car,252
MA37431,California,F,College,8023,34335,101,0,Corporate Auto,Two-Door Car,485
DP57381,Nevada,M,College,20447,71467,86,0,Personal Auto,Two-Door Car,325
PX45824,Washington,M,College,4967,0,74,0,Personal Auto,Four-Door Car,533
OG17838,Washington,M,High School or Below,3549,36168,90,0,Personal Auto,Four-Door Car,432
WG37485,Oregon,F,College,5350,58357,137,2,Personal Auto,Luxury,708
RV95842,California,M,College,8065,29692,77,0,Personal Auto,Four-Door Car,449
NG13451,Oregon,M,High School or Below,7893,29215,67,0,Personal Auto,Four-Door Car,328
UQ82778,Oregon,F,High School or Below,4541,0,61,0,Personal Auto,Two-Door Car,486
ZG16710,Washington,M,High School or Below,2853,26841,74,1,Personal Auto,Four-Door Car,419
OT53330,Arizona,F,Bachelor,10720,34837,139,1,Personal Auto,SUV,667
LZ12396,Arizona,F,Bachelor,4795,33068,61,1,Personal Auto,Four-Door Car,213
UU77151,Washington,F,College,5182,44820,133,3,Personal Auto,Luxury,336
CD71877,Nevada,F,Bachelor,22621,49564,193,0,Corporate Auto,Luxury,286
PA95799,Arizona,M,College,2321,19581,61,0,Personal Auto,Four-Door Car,377
FK28721,Oregon,M,High School or Below,7715,0,74,0,Corporate Auto,Two-Door Car,533
CM42637,Oregon,M,Bachelor,7880,23129,70,0,Personal Auto,Four-Door Car,492
CI47242,Washington,M,Bachelor,9030,0,138,0,Personal Auto,SUV,1377
FE46445,Arizona,F,High School or Below,6965,25411,86,0,Personal Auto,Four-Door Car,243
PD32854,Arizona,F,High School or Below,15114,28513,100,1,Personal Auto,SUV,480
GV35061,Oregon,M,High School or Below,22524,69346,63,1,Special Auto,Two-Door Car,246
BG44829,Oregon,F,High School or Below,10760,74835,133,0,Corporate Auto,SUV,108
RH83684,Oregon,F,Master,5809,43282,72,0,Personal Auto,Two-Door Car,167
SB82356,Nevada,F,Bachelor,30592,11276,91,1,Corporate Auto,Four-Door Car,437
TW49116,Nevada,M,College,2220,0,62,2,Personal Auto,Four-Door Car,312
RJ39700,Oregon,M,Bachelor,4914,10037,71,0,Personal Auto,Four-Door Car,292
LO40410,Oregon,F,Doctor,2396,21986,63,0,Personal Auto,Two-Door Car,334
SX85653,Arizona,F,Doctor,5523,85609,136,0,Personal Auto,SUV,653
PH91033,Oregon,M,College,15809,86347,130,0,Personal Auto,Luxury,594
LC69427,Oregon,F,College,2827,20368,72,0,Corporate Auto,Four-Door Car,346
MZ85889,California,F,Master,5422,25778,68,0,Corporate Auto,Two-Door Car,20
GL82358,Nevada,F,High School or Below,2515,43860,65,0,Corporate Auto,Four-Door Car,156
AM94127,Oregon,M,College,5158,93303,65,0,Corporate Auto,Four-Door Car,41
TO19482,Oregon,M,High School or Below,4875,67467,61,0,Personal Auto,Two-Door Car,366
WA68850,Arizona,M,High School or Below,4198,30598,106,0,Personal Auto,SUV,509
ER97256,Arizona,F,College,5381,55350,67,0,Personal Auto,Four-Door Car,322
CK85904,California,F,High School or Below,13467,11432,119,0,Corporate Auto,SUV,571
GH30325,Oregon,M,College,2424,27093,61,0,Personal Auto,Four-Door Car,293
LG98245,Nevada,M,Bachelor,3824,0,108,0,Personal Auto,SUV,778
KW31376,Oregon,F,High School or Below,13883,0,197,0,Corporate Auto,Luxury,1418
XZ45224,Oregon,F,College,2439,38961,62,0,Corporate Auto,Two-Door Car,298
HD56196,Oregon,F,Doctor,34090,51840,94,0,Corporate Auto,Two-Door Car,34
EM39400,Nevada,M,Bachelor,2840,79181,72,0,Personal Auto,Four-Door Car,241
FP39090,Oregon,M,Bachelor,24128,14072,71,0,Special Auto,Four-Door Car,511
CE17166,California,M,College,7596,56225,97,0,Personal Auto,Four-Door Car,466
HF67477,Washington,M,High School or Below,15096,14909,199,0,Personal Auto,Luxury,1238
GJ79432,Nevada,M,High School or Below,6005,26876,76,0,Personal Auto,Four-Door Car,365
ZE17448,Oregon,M,College,3455,68401,88,0,Personal Auto,Four-Door Car,242
SK65854,Nevada,F,College,5729,29730,72,0,Personal Auto,Four-Door Car,463
RT23641,Oregon,F,High School or Below,5163,35577,130,0,Personal Auto,SUV,575
PY79113,California,M,Master,2603,41958,66,1,Corporate Auto,Four-Door Car,207
EP61197,Oregon,F,Master,32643,77915,115,0,Personal Auto,Four-Door Car,552
IL12516,Oregon,F,Bachelor,2790,15514,74,0,Corporate Auto,Four-Door Car,355
BF55854,Nevada,F,College,11250,29505,284,0,Personal Auto,Luxury,1979
GP19791,California,F,College,16511,31356,68,0,Personal Auto,Two-Door Car,326
II16403,California,F,College,7608,31456,199,0,Personal Auto,Luxury,437
SS28002,Arizona,F,High School or Below,5604,95284,69,0,Personal Auto,Four-Door Car,328
VT97066,Nevada,M,High School or Below,6674,0,98,0,Personal Auto,Two-Door Car,932
FH97700,Washington,F,Bachelor,4049,62864,104,0,Personal Auto,Two-Door Car,171
NB96938,Oregon,M,College,4958,22842,65,0,Personal Auto,Four-Door Car,468
HY32811,California,F,Bachelor,7850,67186,66,0,Personal Auto,Four-Door Car,185
MB69465,Arizona,M,High School or Below,6383,0,87,0,Personal Auto,Four-Door Car,418
LE12086,Oregon,F,College,5737,68946,71,0,Personal Auto,Four-Door Car,310
IO89174,Oregon,F,Bachelor,7688,56680,100,2,Personal Auto,SUV,480
DB26077,Arizona,F,High School or Below,4873,18866,126,0,Personal Auto,SUV,605
NB98740,California,F,High School or Below,2825,82875,70,0,Personal Auto,Four-Door Car,455
EL82767,Arizona,F,College,3722,0,109,2,Personal Auto,SUV,523
AK54675,California,F,Bachelor,5536,84863,138,0,Corporate Auto,SUV,692
EW67766,California,F,College,4728,0,127,0,Personal Auto,SUV,610
JS36743,California,M,Bachelor,2379,54753,61,0,Personal Auto,Four-Door Car,293
TV20901,California,F,College,9338,76381,116,0,Special Auto,Two-Door Car,557
LQ20969,California,M,Bachelor,6190,59523,78,1,Personal Auto,Four-Door Car,344
BZ33435,Arizona,F,Bachelor,5638,56017,71,0,Corporate Auto,Four-Door Car,52
OA55110,Arizona,M,Master,5264,14306,74,3,Corporate Auto,Four-Door Car,355
YJ42538,Arizona,F,Bachelor,4036,21359,101,0,Personal Auto,Luxury,485
XB64207,Arizona,F,Bachelor,4117,86101,102,0,Personal Auto,SUV,345
KZ80424,Washington,M,Bachelor,8382,25998,71,0,Personal Auto,Four-Door Car,792
BC34309,California,F,Master,2435,64341,61,0,Personal Auto,Four-Door Car,80
JC34468,California,F,High School or Below,6599,36060,165,0,Special Auto,Luxury,775
ON34922,Oregon,M,High School or Below,5354,61894,67,0,Personal Auto,Four-Door Car,267
MQ93707,Oregon,M,High School or Below,6748,26721,65,3,Personal Auto,Four-Door Car,312
SY28542,Nevada,F,Bachelor,7412,59940,94,0,Personal Auto,Four-Door Car,303
RA29518,Washington,M,Master,5512,45971,138,0,Special Auto,SUV,140
No34698,Oregon,M,Bachelor,4015,80055,100,0,Corporate Auto,SUV,122
VK37392,Arizona,M,College,7772,58345,98,0,Personal Auto,Four-Door Car,347
LJ43082,Oregon,F,College,4639,0,71,3,Personal Auto,Two-Door Car,143
FI90697,Oregon,M,Bachelor,10508,76549,132,0,Personal Auto,SUV,616
DR93103,Arizona,F,Master,17557,36212,73,0,Personal Auto,Two-Door Car,119
XR37151,California,F,Bachelor,9104,0,131,0,Personal Auto,Luxury,629
ZZ43513,California,M,High School or Below,13111,73597,114,5,Personal Auto,SUV,485
QW81912,California,F,High School or Below,8006,63762,99,0,Personal Auto,Four-Door Car,108
AZ50087,California,M,Bachelor,6807,32787,86,0,Personal Auto,Two-Door Car,569
HQ87008,California,F,Bachelor,2628,94962,67,4,Personal Auto,Two-Door Car,322
FM30352,Oregon,F,High School or Below,9096,0,256,0,Personal Auto,Luxury,1944
PD30266,California,F,College,5016,73809,125,0,Special Auto,SUV,537
GA50461,Oregon,F,Bachelor,4727,13037,124,0,Personal Auto,SUV,839
FY84962,California,M,High School or Below,3059,0,88,0,Personal Auto,Four-Door Car,989
GT14584,Oregon,F,College,4123,75272,103,0,Personal Auto,SUV,72
IA87250,Arizona,F,Master,2621,39278,66,0,Personal Auto,Four-Door Car,66
MM67983,Oregon,M,Bachelor,4939,36913,62,0,Personal Auto,Four-Door Car,91
MW40110,California,M,Bachelor,4691,0,74,1,Personal Auto,Four-Door Car,407
SH93005,California,M,College,6006,13528,86,0,Personal Auto,Four-Door Car,413
KD69941,California,M,Bachelor,4942,0,137,0,Personal Auto,SUV,986
JV38934,Washington,F,Bachelor,2254,0,65,1,Personal Auto,Four-Door Car,769
XI16714,Arizona,F,High School or Below,2554,0,72,0,Corporate Auto,Four-Door Car,406
DG68667,Arizona,M,Doctor,8124,12617,108,0,Personal Auto,SUV,649
AR40217,Oregon,F,High School or Below,19079,42754,65,4,Personal Auto,Two-Door Car,280
IM73868,Oregon,M,College,10462,0,155,0,Corporate Auto,Luxury,1116
BR44176,California,F,High School or Below,4669,76157,116,0,Personal Auto,Two-Door Car,557
MY51849,Oregon,F,Bachelor,4904,0,66,0,Personal Auto,Four-Door Car,470
FQ61281,Oregon,M,High School or Below,83325,58958,231,0,Personal Auto,Luxury,1109
NJ72300,Oregon,F,Bachelor,8009,0,107,0,Personal Auto,SUV,741
YO81740,Oregon,F,Bachelor,23896,0,98,0,Personal Auto,Four-Door Car,706
WM25415,Oregon,F,High School or Below,7732,34430,65,0,Personal Auto,Two-Door Car,185
GU41036,Oregon,M,High School or Below,9416,13411,127,0,Personal Auto,SUV,610
NN66592,California,M,Bachelor,5924,73758,74,0,Personal Auto,Four-Door Car,302
TO29918,California,F,High School or Below,3833,0,116,2,Personal Auto,Luxury,1398
PF53601,Oregon,M,Bachelor,28432,17130,198,0,Special Auto,Luxury,950
TF61492,Washington,F,College,5554,0,92,3,Personal Auto,Four-Door Car,662
PD52748,Oregon,F,High School or Below,10037,0,134,1,Personal Auto,SUV,1353
TF68928,Arizona,M,Bachelor,6576,10517,92,0,Personal Auto,Four-Door Car,442
VZ79366,California,M,College,4363,58842,110,0,Personal Auto,Four-Door Car,528
SQ53118,California,M,College,7874,22355,71,3,Personal Auto,Four-Door Car,341
QZ56257,Washington,F,High School or Below,13021,0,223,5,Personal Auto,Luxury,1606
ZI34278,Arizona,F,Bachelor,4492,21137,61,1,Personal Auto,Four-Door Car,293
ZB82406,Oregon,F,Bachelor,6650,0,99,2,Personal Auto,Four-Door Car,713
OP93305,California,M,High School or Below,11094,78255,95,0,Personal Auto,Four-Door Car,456
CK31454,Arizona,F,Bachelor,5107,35625,65,1,Special Auto,Four-Door Car,289
FX81675,California,F,College,7334,87957,61,0,Personal Auto,Four-Door Car,308
BK85520,Oregon,F,College,4997,25915,64,0,Corporate Auto,Two-Door Car,318
KB18303,California,M,College,8659,62464,109,0,Corporate Auto,Luxury,400
GX47381,California,M,High School or Below,9658,0,131,0,Corporate Auto,SUV,629
RX31862,California,M,High School or Below,6177,49529,78,0,Personal Auto,Two-Door Car,235
YQ58965,California,F,Bachelor,2867,23376,78,0,Personal Auto,Four-Door Car,374
HG60406,California,M,College,2821,0,81,0,Personal Auto,Four-Door Car,583
BC52397,Arizona,M,College,2844,67952,71,0,Personal Auto,Two-Door Car,167
AR69517,California,M,College,11790,25251,66,0,Corporate Auto,Four-Door Car,317
JJ23168,Arizona,F,High School or Below,7786,20497,65,0,Personal Auto,Four-Door Car,425
NB39218,California,M,High School or Below,12315,68420,104,1,Personal Auto,Four-Door Car,499
FP95606,Arizona,F,College,4811,24711,122,0,Personal Auto,Luxury,260
YP27180,California,F,College,27279,76530,119,4,Personal Auto,SUV,254
JK74110,California,M,High School or Below,3980,98333,99,1,Personal Auto,Four-Door Car,459
MC85738,California,F,Bachelor,14635,0,139,0,Personal Auto,SUV,667
CE78778,Oregon,F,College,3762,0,106,1,Personal Auto,Four-Door Car,1117
LT72149,Nevada,M,High School or Below,5620,0,153,0,Personal Auto,SUV,1027
ZC89812,Arizona,M,Bachelor,5305,0,74,0,Personal Auto,Four-Door Car,533
GF68713,Oregon,M,Bachelor,3207,24695,82,0,Personal Auto,Four-Door Car,394
HB23001,California,M,Bachelor,8698,26287,111,0,Personal Auto,Two-Door Car,279
DH99299,California,M,College,8717,83846,74,3,Personal Auto,Four-Door Car,355
RA61917,Washington,F,High School or Below,8030,76081,68,0,Personal Auto,Four-Door Car,384
KM65135,Oregon,M,College,4763,14957,66,0,Corporate Auto,Four-Door Car,317
RR37482,Washington,M,High School or Below,23056,41727,117,1,Personal Auto,Four-Door Car,82
WM24870,Nevada,F,College,5384,89092,68,2,Personal Auto,Two-Door Car,92
EC78254,Washington,F,College,8410,53986,70,1,Corporate Auto,Four-Door Car,128
CQ19667,Oregon,F,Bachelor,4257,49853,109,0,Personal Auto,Four-Door Car,680
AY43037,Oregon,M,High School or Below,14709,36670,189,0,Corporate Auto,Luxury,907
GN36177,Nevada,M,Bachelor,2594,43626,67,0,Personal Auto,Two-Door Car,322
VL36269,Washington,F,High School or Below,2467,0,70,0,Special Auto,Four-Door Car,504
UA58104,California,F,College,7934,76505,65,0,Personal Auto,Four-Door Car,144
GR12431,California,F,College,36861,66216,103,0,Personal Auto,Luxury,97
IV37346,Oregon,F,College,7412,52497,63,0,Corporate Auto,Two-Door Car,302
VU99589,Arizona,F,High School or Below,34611,20090,109,0,Personal Auto,Luxury,523
VV61641,Oregon,F,High School or Below,18726,0,185,2,Personal Auto,SUV,1544
ZY26831,California,F,Bachelor,7249,37751,93,0,Corporate Auto,Four-Door Car,57
IP84574,Oregon,F,College,8193,54840,72,3,Corporate Auto,Four-Door Car,469
XF33416,Oregon,F,College,8692,31986,111,0,Personal Auto,Four-Door Car,533
PV62583,Nevada,M,College,9799,22166,126,0,Personal Auto,SUV,605
QK29271,California,M,Bachelor,14084,0,208,0,Corporate Auto,Luxury,2271
ZF58696,California,M,High School or Below,13104,0,130,0,Personal Auto,Luxury,1431
PK37320,Oregon,F,Master,2629,83838,65,0,Personal Auto,Two-Door Car,281
EP35930,Oregon,F,Master,5246,46061,65,0,Personal Auto,Two-Door Car,22
TS34391,Oregon,M,College,8093,50825,102,0,Personal Auto,SUV,370
ST65635,Arizona,F,College,2720,14030,72,0,Corporate Auto,Two-Door Car,346
AQ25590,Washington,F,High School or Below,5445,20282,79,3,Personal Auto,Two-Door Car,508
QK37708,California,M,Bachelor,4514,50146,116,1,Personal Auto,SUV,759
EY83434,Washington,M,High School or Below,22029,0,121,0,Personal Auto,SUV,581
DQ55516,California,F,Bachelor,5409,20472,139,0,Corporate Auto,SUV,667
KS72802,Oregon,F,Master,3768,85751,93,0,Corporate Auto,Four-Door Car,391
PE32165,California,F,High School or Below,27935,76912,116,2,Corporate Auto,Luxury,169
XO78284,Arizona,M,Master,3887,96335,97,0,Personal Auto,Four-Door Car,161
HS39343,Washington,F,Bachelor,7476,29633,196,0,Corporate Auto,Luxury,535
ZF77631,California,M,Master,22759,80540,63,0,Personal Auto,Four-Door Car,66
ZE60021,Nevada,F,High School or Below,5125,14465,135,1,Corporate Auto,Luxury,945
IU15885,Washington,F,Bachelor,4900,0,66,0,Personal Auto,Four-Door Car,317
HI16116,Oregon,F,Master,5279,29899,66,0,Personal Auto,Four-Door Car,419
WH41496,Washington,M,College,4822,0,136,0,Personal Auto,SUV,653
IQ24777,Nevada,M,Bachelor,8045,71391,67,0,Personal Auto,Four-Door Car,284
CA55066,Arizona,M,High School or Below,12157,57449,103,0,Personal Auto,Four-Door Car,494
LG87047,California,M,High School or Below,18592,14209,62,0,Personal Auto,Four-Door Car,298
TK38732,Oregon,M,High School or Below,4873,47824,129,3,Personal Auto,SUV,546
KH94432,Arizona,F,Doctor,5339,48696,66,0,Corporate Auto,Four-Door Car,49
ID21652,Washington,F,Bachelor,2879,79189,71,0,Personal Auto,Two-Door Car,56
RV90030,California,F,High School or Below,8473,0,116,2,Special Auto,Luxury,1148
CK36026,Arizona,F,Bachelor,3440,23870,91,0,Personal Auto,Two-Door Car,501
UR27848,California,M,College,17498,0,73,0,Personal Auto,Two-Door Car,350
KP68957,California,F,Bachelor,2544,41059,64,0,Corporate Auto,Four-Door Car,152
LC86277,Oregon,M,High School or Below,3336,19447,89,0,Corporate Auto,Four-Door Car,641
UW55977,Washington,M,Bachelor,5206,94392,65,1,Personal Auto,Four-Door Car,156
RE46032,Nevada,M,College,43290,23203,132,0,Personal Auto,SUV,1159
CG69038,Washington,M,College,4818,38157,61,0,Personal Auto,Two-Door Car,82
IR73545,Oregon,M,College,13728,0,126,0,Personal Auto,SUV,605
CR85257,Oregon,M,High School or Below,4997,99761,63,0,Corporate Auto,Two-Door Car,452
JX88012,Oregon,F,College,7960,98350,101,3,Corporate Auto,SUV,289
ED44765,Oregon,F,High School or Below,7368,25318,63,2,Personal Auto,Four-Door Car,302
TW81986,Arizona,F,Bachelor,5633,51721,139,0,Personal Auto,SUV,625
HA56889,Nevada,F,Bachelor,3885,0,114,0,Personal Auto,Luxury,851
EB72669,California,M,Bachelor,4518,0,78,3,Personal Auto,Four-Door Car,374
CH95772,California,M,College,2565,68321,66,0,Personal Auto,Four-Door Car,198
OZ62735,Arizona,M,Bachelor,15487,69161,129,0,Personal Auto,Luxury,441
UN50538,Oregon,F,Bachelor,6395,72667,80,0,Personal Auto,Four-Door Car,383
JS76871,Oregon,M,High School or Below,8639,62082,72,0,Corporate Auto,Four-Door Car,91
UG42487,Arizona,F,High School or Below,9806,0,87,0,Personal Auto,Four-Door Car,626
TB56369,California,F,Bachelor,12472,36551,107,0,Personal Auto,Four-Door Car,54
ZN27753,Oregon,M,Bachelor,5795,70524,73,0,Personal Auto,Four-Door Car,350
FH22442,California,F,High School or Below,2619,60477,65,0,Corporate Auto,Four-Door Car,140
LV81383,Washington,F,High School or Below,3732,0,96,0,Personal Auto,Four-Door Car,461
HI34993,Oregon,M,High School or Below,5421,40376,69,0,Personal Auto,Four-Door Car,428
KW59167,Oregon,F,College,6521,72608,82,3,Personal Auto,Four-Door Car,394
BL44722,Nevada,F,High School or Below,41788,46587,119,2,Personal Auto,Four-Door Car,571
QV11152,Arizona,M,High School or Below,9614,34398,61,1,Personal Auto,Two-Door Car,293
SG53084,California,F,Bachelor,4767,70432,61,3,Personal Auto,Four-Door Car,6
EZ30537,Oregon,F,Doctor,23985,79655,296,0,Personal Auto,Luxury,498
AY35050,Arizona,F,College,7293,0,98,0,Personal Auto,Two-Door Car,470
UQ59692,California,F,Bachelor,21255,73457,133,1,Personal Auto,SUV,198
JF11031,California,M,College,5358,0,82,0,Personal Auto,Four-Door Car,394
DE53644,California,F,Bachelor,5192,23059,66,0,Personal Auto,Two-Door Car,372
KR53335,Washington,F,Bachelor,7117,0,66,0,Personal Auto,Four-Door Car,317
AJ89108,California,F,Bachelor,11009,51643,283,0,Personal Auto,Luxury,1358
MZ10085,Nevada,M,High School or Below,4328,72531,109,1,Personal Auto,Luxury,523
EV68966,California,M,College,9420,87840,118,1,Personal Auto,SUV,162
PS28082,Arizona,M,High School or Below,2593,57563,66,0,Personal Auto,Four-Door Car,317
MX89333,Arizona,M,Bachelor,2554,0,72,2,Personal Auto,Two-Door Car,346
OE14751,Oregon,M,Doctor,3528,31278,92,4,Personal Auto,Two-Door Car,442
YI73667,Nevada,F,College,5341,0,72,0,Personal Auto,Four-Door Car,346
AX70794,California,M,High School or Below,2449,47122,62,0,Personal Auto,Two-Door Car,298
BF69918,Oregon,M,High School or Below,5666,0,77,0,Personal Auto,Four-Door Car,534
KE61355,Oregon,F,High School or Below,5273,60260,66,0,Corporate Auto,Four-Door Car,328
HG65194,Oregon,F,College,8673,0,125,0,Personal Auto,SUV,600
GV68933,Arizona,M,High School or Below,7680,12677,101,0,Personal Auto,SUV,501
LM76366,Nevada,M,High School or Below,2999,28564,76,0,Corporate Auto,Two-Door Car,365
PS57128,California,F,Bachelor,3835,41341,99,0,Personal Auto,Four-Door Car,240
AH55475,Arizona,M,College,33053,44246,122,3,Personal Auto,SUV,586
LE91297,Oregon,M,Master,5175,0,71,0,Personal Auto,Four-Door Car,341
IF18508,California,F,High School or Below,7951,70610,99,0,Personal Auto,Four-Door Car,241
YE87442,Arizona,F,High School or Below,9935,34831,124,0,Personal Auto,SUV,595
QD85803,California,F,Bachelor,7862,30374,99,0,Personal Auto,Four-Door Car,305
SF25048,California,M,College,8093,50825,102,0,Personal Auto,SUV,370
FH39423,Oregon,F,Master,5539,80727,68,0,Personal Auto,Four-Door Car,99
LW43630,California,F,Bachelor,9629,71269,80,0,Personal Auto,Four-Door Car,351
XO17798,Washington,M,High School or Below,5827,45794,74,0,Personal Auto,Four-Door Car,450
IN15077,California,M,High School or Below,4808,99874,119,0,Corporate Auto,Luxury,308
NE16405,California,F,Bachelor,2582,76731,64,0,Personal Auto,Four-Door Car,201
TU82820,California,M,Master,4475,73019,112,0,Corporate Auto,SUV,538
FR26341,Oregon,M,Master,2399,19112,62,0,Personal Auto,Four-Door Car,259
MT27589,Oregon,M,College,7840,58414,210,2,Corporate Auto,Luxury,1008
UG72692,Oregon,M,Bachelor,2378,0,70,0,Personal Auto,Four-Door Car,734
MP95255,California,F,High School or Below,3919,66676,97,0,Personal Auto,Four-Door Car,558
EM16179,Arizona,F,College,8274,69011,70,0,Personal Auto,Four-Door Car,336
DR77208,California,M,Bachelor,9539,0,85,0,Personal Auto,Two-Door Car,59
PR31509,Nevada,M,Bachelor,5332,0,71,0,Personal Auto,Four-Door Car,341
SE33381,Arizona,F,Bachelor,4532,0,126,0,Corporate Auto,SUV,907
BW43011,California,M,High School or Below,3834,0,112,0,Personal Auto,SUV,806
YP96182,Oregon,M,Master,2727,31385,69,0,Personal Auto,Four-Door Car,68
WI58274,Oregon,F,College,8238,68261,102,0,Personal Auto,Luxury,84
YF26585,Nevada,M,High School or Below,4758,92324,119,2,Corporate Auto,Luxury,603
UH76090,California,F,Bachelor,8818,0,136,4,Personal Auto,SUV,1237
VF36700,Oregon,F,Master,24278,20983,97,1,Personal Auto,Four-Door Car,452
CS32416,Oregon,M,Bachelor,5596,68004,72,0,Corporate Auto,Two-Door Car,416
AT18041,California,F,High School or Below,2683,63471,67,0,Personal Auto,Two-Door Car,388
TB54645,Oregon,F,Bachelor,3033,27369,77,0,Personal Auto,Four-Door Car,332
LX11170,Oregon,F,High School or Below,4863,36839,61,0,Personal Auto,Four-Door Car,152
RO43614,Washington,F,Bachelor,2129,0,65,2,Personal Auto,Four-Door Car,312
QS36363,Arizona,F,High School or Below,12656,26149,157,0,Personal Auto,SUV,754
FX72157,Oregon,F,High School or Below,8557,52440,109,0,Corporate Auto,Four-Door Car,371
XC43591,Oregon,M,College,12881,24571,109,0,Personal Auto,Four-Door Car,523
PJ71030,Oregon,M,High School or Below,3050,0,90,0,Special Auto,Four-Door Car,432
JH14651,Washington,M,Master,3238,60244,83,3,Personal Auto,Four-Door Car,326
YG42297,Arizona,M,College,5249,0,72,0,Personal Auto,Four-Door Car,217
TY31217,Washington,F,Bachelor,11009,51643,283,0,Personal Auto,Luxury,1358
KU69274,Arizona,F,High School or Below,14268,17157,123,0,Personal Auto,SUV,771
MU53420,Oregon,M,High School or Below,5326,0,73,0,Personal Auto,Two-Door Car,496
RE36747,Nevada,M,High School or Below,3035,17308,82,0,Personal Auto,Four-Door Car,874
IN78205,Arizona,F,College,8329,0,118,0,Personal Auto,SUV,850
AH39293,California,M,College,2617,72302,66,0,Personal Auto,Two-Door Car,317
IF30418,California,F,Master,2574,34990,65,0,Personal Auto,Four-Door Car,43
QH51455,Arizona,M,College,4005,0,107,0,Personal Auto,Four-Door Car,514
UZ60774,Nevada,F,Bachelor,6052,0,87,1,Personal Auto,Four-Door Car,626
AD63766,Oregon,M,Bachelor,2839,0,81,0,Personal Auto,Two-Door Car,389
MN19541,Arizona,M,College,1995,0,61,0,Personal Auto,Four-Door Car,393
SF38922,Oregon,M,College,11944,33760,102,0,Personal Auto,SUV,123
ST91578,California,M,Master,6466,0,90,0,Personal Auto,Four-Door Car,145
AP52565,Arizona,F,High School or Below,6746,70328,84,0,Corporate Auto,Four-Door Car,293
BT68954,Oregon,M,Bachelor,3561,0,99,0,Special Auto,Four-Door Car,713
NU93648,Arizona,M,Bachelor,20774,0,63,0,Corporate Auto,Two-Door Car,243
OU60143,Oregon,F,Bachelor,3939,60021,99,0,Corporate Auto,Four-Door Car,883
EC51047,California,F,Bachelor,8915,31991,81,3,Personal Auto,Four-Door Car,548
EV46476,California,M,Bachelor,8084,20169,112,1,Personal Auto,SUV,538
HB59616,Washington,F,College,4503,0,64,0,Personal Auto,Two-Door Car,307
RA34556,California,M,High School or Below,4878,20178,69,2,Corporate Auto,Four-Door Car,331
NB87421,Arizona,M,High School or Below,8295,78189,103,0,Corporate Auto,Four-Door Car,99
HR64765,Washington,M,High School or Below,8485,0,244,0,Personal Auto,Luxury,1757
FM70419,Oregon,M,College,4740,0,72,1,Personal Auto,Four-Door Car,518
GX51965,California,M,High School or Below,8565,95697,107,0,Personal Auto,Luxury,178
OS75351,Oregon,M,College,2394,0,70,0,Personal Auto,Four-Door Car,425
TU25694,Oregon,M,High School or Below,2459,0,70,0,Personal Auto,Four-Door Car,504
JS90115,Nevada,F,High School or Below,19597,64559,62,0,Personal Auto,Four-Door Car,108
KW93227,Washington,M,College,21893,58149,61,0,Special Auto,Four-Door Car,293
SU41739,California,M,College,8728,0,124,0,Personal Auto,SUV,473
TV75816,Oregon,M,High School or Below,2386,70911,63,3,Corporate Auto,Two-Door Car,302
RS54064,Washington,M,High School or Below,21892,78337,62,2,Corporate Auto,Two-Door Car,36
OB63331,Arizona,F,Doctor,2814,50397,70,0,Corporate Auto,Four-Door Car,351
TI58610,Arizona,F,Master,2997,51199,74,0,Corporate Auto,Four-Door Car,355
TJ82551,Nevada,F,Bachelor,4063,46928,102,1,Personal Auto,Four-Door Car,631
ZO43755,Oregon,F,Master,8369,23879,107,0,Corporate Auto,SUV,636
VG16827,California,F,Master,4627,79487,114,0,Personal Auto,SUV,547
KJ48497,Oregon,F,High School or Below,7517,0,106,0,Personal Auto,SUV,851
NA27429,Nevada,F,High School or Below,3645,82477,90,0,Personal Auto,Two-Door Car,432
AZ38648,Washington,F,Master,11982,21514,62,0,Personal Auto,Two-Door Car,257
SR53077,Nevada,F,High School or Below,2602,57231,65,0,Personal Auto,Four-Door Car,305
UO12263,Oregon,F,High School or Below,4655,0,69,4,Corporate Auto,Four-Door Car,331
BC86800,California,F,Bachelor,3580,84598,89,2,Personal Auto,Two-Door Car,639
ZQ28996,Nevada,M,College,5388,48895,68,0,Corporate Auto,Four-Door Car,325
JI42730,Arizona,M,High School or Below,3705,84493,92,0,Personal Auto,Four-Door Car,442
VF21170,California,F,Bachelor,8613,37277,109,1,Personal Auto,SUV,418
MP25903,Oregon,M,High School or Below,2703,0,71,0,Personal Auto,Two-Door Car,497
YH24323,California,F,College,2512,14906,66,0,Corporate Auto,Four-Door Car,422
XB86235,Arizona,M,Doctor,24186,14710,112,0,Personal Auto,Luxury,538
WR53191,California,F,Bachelor,15120,20656,130,0,Corporate Auto,SUV,706
UM83813,Oregon,F,Bachelor,13380,0,194,0,Personal Auto,Luxury,1397
JW45704,California,M,Bachelor,2309,0,64,0,Personal Auto,Four-Door Car,432
PV26437,California,F,Bachelor,7320,57777,61,1,Corporate Auto,Four-Door Car,274
AX39008,Oregon,M,Bachelor,26113,80409,74,0,Personal Auto,Two-Door Car,263
DJ52170,California,M,High School or Below,5640,73168,70,0,Special Auto,Four-Door Car,426
RM34371,Nevada,F,Bachelor,4715,0,64,0,Personal Auto,Two-Door Car,345
TZ65661,California,F,College,2743,32437,69,0,Corporate Auto,Two-Door Car,331
YD74214,California,F,College,3808,94903,94,0,Personal Auto,Two-Door Car,451
AR99766,Nevada,F,Bachelor,4692,82534,118,0,Personal Auto,SUV,4
ZA30025,Arizona,M,Bachelor,4055,0,121,0,Personal Auto,SUV,1216
IE85867,Arizona,F,High School or Below,41788,46587,119,2,Personal Auto,Four-Door Car,571
XK52242,California,M,Bachelor,9800,32245,124,0,Personal Auto,SUV,258
RP12388,Arizona,M,Bachelor,12380,39886,64,1,Personal Auto,Two-Door Car,290
TP30316,California,M,College,9705,79157,61,0,Corporate Auto,Two-Door Car,118
RS60249,Oregon,M,Bachelor,4253,0,62,0,Personal Auto,Two-Door Car,446
AL50693,Oregon,M,Bachelor,3568,0,102,0,Corporate Auto,SUV,660
SH36838,Arizona,M,High School or Below,5154,0,74,0,Personal Auto,Four-Door Car,533
CV44550,Arizona,M,College,7559,0,119,1,Corporate Auto,Four-Door Car,965
YO23637,Washington,M,College,4195,0,64,3,Special Auto,Two-Door Car,759
AJ32539,Oregon,M,Bachelor,2829,25860,72,0,Personal Auto,Four-Door Car,346
VQ48245,Washington,F,Master,3222,77882,79,0,Personal Auto,Four-Door Car,379
ID15010,Oregon,M,Doctor,10972,24164,137,0,Personal Auto,Luxury,658
RH28799,Arizona,M,College,2431,0,70,0,Personal Auto,Four-Door Car,341
WC72942,Oregon,M,High School or Below,3790,66169,96,1,Personal Auto,Two-Door Car,156
HT92952,California,M,Bachelor,8838,82664,114,3,Corporate Auto,SUV,133
LR82110,Nevada,F,Doctor,20102,23638,102,0,Personal Auto,SUV,490
JE19783,Arizona,M,Bachelor,6388,26436,83,0,Personal Auto,Two-Door Car,398
MX97096,Nevada,F,College,2657,0,78,1,Personal Auto,Four-Door Car,374
TD51026,Arizona,M,Bachelor,7715,13154,102,0,Personal Auto,SUV,490
SD75391,California,F,Master,2705,24173,70,0,Personal Auto,Four-Door Car,181
CN29830,California,M,High School or Below,2495,26689,64,0,Corporate Auto,Four-Door Car,425
RV52244,Arizona,F,Bachelor,2498,31357,63,0,Personal Auto,Four-Door Car,2
WA59097,Oregon,F,College,5615,40417,71,1,Personal Auto,Four-Door Car,130
TV23956,Washington,M,High School or Below,2089,0,63,1,Personal Auto,Four-Door Car,454
XQ81794,Arizona,M,High School or Below,5137,93872,64,0,Personal Auto,Four-Door Car,206
BB21794,Oregon,F,Bachelor,5395,29853,69,0,Personal Auto,Four-Door Car,77
HC63693,Arizona,F,College,7342,88049,92,0,Corporate Auto,Two-Door Car,567
KJ55021,Washington,F,College,4791,29111,63,0,Personal Auto,Four-Door Car,302
HX45529,Oregon,M,Master,25169,37282,79,0,Personal Auto,Four-Door Car,223
XY78443,Arizona,F,College,2148,0,62,0,Personal Auto,Two-Door Car,298
KQ38375,California,F,Bachelor,9902,0,133,0,Personal Auto,SUV,945
HC66205,Washington,M,High School or Below,3158,58248,80,0,Corporate Auto,Four-Door Car,134
KF62288,Oregon,F,High School or Below,6269,0,89,1,Special Auto,Two-Door Car,942
YE46109,Arizona,F,College,10840,26367,139,0,Personal Auto,SUV,106
TT30338,Arizona,F,Master,7676,89586,63,1,Personal Auto,Four-Door Car,302
MC22692,Washington,F,High School or Below,7036,86642,87,0,Personal Auto,Two-Door Car,234
FW17421,Washington,F,High School or Below,3577,24959,89,0,Corporate Auto,Four-Door Car,641
KE83023,Oregon,M,Bachelor,10846,27279,137,0,Personal Auto,SUV,770
HT96569,Oregon,M,Bachelor,2657,57117,67,0,Personal Auto,Four-Door Car,322
GO27855,Oregon,F,College,6884,64600,86,0,Personal Auto,Four-Door Car,168
UX71974,California,M,College,20314,42218,180,3,Personal Auto,Luxury,212
QT97406,Arizona,M,Bachelor,20121,32869,85,0,Corporate Auto,Two-Door Car,117
QQ37605,Washington,F,Master,2547,26047,64,1,Personal Auto,Four-Door Car,188
BL79888,Oregon,F,High School or Below,34611,20090,109,0,Personal Auto,Luxury,523
WF91295,Oregon,F,High School or Below,4255,11904,61,2,Personal Auto,Two-Door Car,293
NQ92014,California,F,High School or Below,3659,0,106,0,Personal Auto,SUV,763
RP33869,Washington,F,Bachelor,2578,49467,65,0,Personal Auto,Two-Door Car,414
TS31001,Oregon,M,Bachelor,26244,55705,113,0,Personal Auto,SUV,150
NE58217,Oregon,F,Bachelor,27064,83560,113,1,Corporate Auto,Four-Door Car,276
BV57364,Arizona,M,College,8093,50825,102,0,Personal Auto,SUV,370
FS84707,Nevada,F,Doctor,2691,82108,67,0,Personal Auto,Four-Door Car,53
AN80983,Oregon,M,College,5218,85721,65,0,Corporate Auto,Four-Door Car,312
UU84036,California,M,High School or Below,8268,59597,69,0,Special Auto,Two-Door Car,223
XQ51968,California,M,High School or Below,5569,0,79,1,Corporate Auto,Two-Door Car,407
CY59740,California,M,High School or Below,2595,0,73,0,Corporate Auto,Four-Door Car,350
XT58648,Arizona,F,High School or Below,8647,64125,108,0,Personal Auto,SUV,370
WZ63975,California,F,High School or Below,2424,22319,63,1,Personal Auto,Two-Door Car,302
RQ72272,Arizona,M,College,2814,94304,71,0,Personal Auto,Two-Door Car,183
FR34560,Oregon,F,Master,2506,17193,66,0,Corporate Auto,Four-Door Car,317
EF99768,California,F,High School or Below,4425,37800,112,0,Corporate Auto,SUV,663
LW50691,Nevada,F,College,9555,96269,118,0,Personal Auto,Four-Door Car,59
EP34249,Oregon,M,College,13870,28432,118,0,Corporate Auto,SUV,612
DQ54144,Arizona,F,High School or Below,8842,0,118,0,Personal Auto,SUV,566
SE62920,California,M,Bachelor,8836,63909,112,0,Personal Auto,SUV,207
PL54420,Arizona,F,Bachelor,33473,33190,106,0,Personal Auto,SUV,509
QG22665,Arizona,M,College,5001,43723,66,3,Personal Auto,Four-Door Car,317
LJ59940,Nevada,F,High School or Below,16468,0,63,0,Corporate Auto,Four-Door Car,685
AV17528,Nevada,F,High School or Below,9233,42600,115,0,Personal Auto,Luxury,660
ZU88796,Arizona,F,Bachelor,2449,87802,63,5,Personal Auto,Four-Door Car,174
SD96596,Washington,F,High School or Below,18544,34087,235,0,Personal Auto,Luxury,890
LT98784,Oregon,M,Master,5230,18129,69,0,Personal Auto,Four-Door Car,365
OQ45659,Arizona,F,College,41745,45431,116,0,Personal Auto,Four-Door Car,557
ZS66375,California,F,Bachelor,7531,0,71,0,Personal Auto,Four-Door Car,511
EJ67407,Arizona,M,High School or Below,8025,95191,101,0,Corporate Auto,Four-Door Car,316
JD19036,Arizona,F,Master,16261,41671,136,0,Personal Auto,SUV,570
YO11701,Oregon,M,High School or Below,8023,53231,101,0,Personal Auto,SUV,485
KO73340,Oregon,M,College,2640,77299,66,0,Personal Auto,Four-Door Car,152
BV53716,Oregon,F,High School or Below,5266,93348,65,0,Personal Auto,Four-Door Car,109
CV95479,California,M,Bachelor,3363,0,107,2,Personal Auto,Four-Door Car,770
OZ97304,Arizona,F,High School or Below,2630,0,78,1,Corporate Auto,Four-Door Car,374
RE63028,Nevada,F,High School or Below,6486,87210,81,0,Personal Auto,Four-Door Car,354
LN37854,Arizona,F,College,18400,0,73,0,Personal Auto,Four-Door Car,526
MU76701,Washington,F,College,3921,62445,98,1,Personal Auto,Four-Door Car,681
VI66513,California,M,High School or Below,9688,20009,87,1,Corporate Auto,Four-Door Car,987
EB30823,California,M,College,19669,0,67,1,Personal Auto,Four-Door Car,482
DQ19343,California,F,High School or Below,5583,57925,72,1,Corporate Auto,Two-Door Car,205
SB61617,California,M,Master,8935,39910,112,0,Personal Auto,SUV,561
DY92795,Oregon,F,Bachelor,3227,83252,80,0,Personal Auto,Four-Door Car,384
WZ92405,Nevada,F,College,7492,31723,62,0,Personal Auto,Two-Door Car,243
WL21375,Arizona,F,High School or Below,7891,0,112,3,Personal Auto,Four-Door Car,748
KL83882,Nevada,F,Bachelor,6639,72661,83,1,Personal Auto,Four-Door Car,398
ET87938,Oregon,M,College,4329,24711,62,0,Personal Auto,Two-Door Car,363
EQ87425,California,F,High School or Below,6919,0,69,1,Corporate Auto,Four-Door Car,40
UM17151,California,M,Bachelor,1898,0,67,3,Personal Auto,Two-Door Car,414
MS11057,Oregon,M,Bachelor,9588,84539,119,0,Personal Auto,Four-Door Car,65
UU99893,Arizona,F,Master,7690,42677,96,0,Personal Auto,Four-Door Car,1085
FE93665,Oregon,F,High School or Below,7897,0,72,0,Personal Auto,Two-Door Car,518
AN53225,Washington,M,High School or Below,24673,0,76,0,Personal Auto,Two-Door Car,365
RL12319,Oregon,F,High School or Below,7484,51692,186,0,Special Auto,Luxury,893
AR25213,Arizona,M,High School or Below,7283,40858,184,0,Personal Auto,Luxury,883
JL15127,Nevada,M,College,9817,37256,62,0,Personal Auto,Four-Door Car,129
SD42668,Washington,M,Bachelor,5296,0,74,0,Personal Auto,Four-Door Car,533
ZG82127,California,F,Bachelor,12742,73054,106,1,Corporate Auto,SUV,419
DW37404,California,F,Bachelor,7858,20532,67,0,Personal Auto,Four-Door Car,283
XM87301,Oregon,M,Bachelor,2398,0,66,0,Personal Auto,Four-Door Car,596
TJ46491,Oregon,F,College,5981,22946,76,0,Personal Auto,Four-Door Car,377
KA98111,Washington,M,Bachelor,2513,22475,64,1,Personal Auto,Four-Door Car,307
IM15816,Oregon,F,High School or Below,9404,79440,117,0,Personal Auto,SUV,501
ZT63368,Arizona,M,College,2619,0,74,0,Personal Auto,Four-Door Car,471
VU79621,Oregon,M,Master,8140,0,108,0,Personal Auto,Luxury,518
HP20623,California,F,High School or Below,5228,70988,65,0,Personal Auto,Four-Door Car,312
RY44996,Oregon,F,High School or Below,2677,56536,67,0,Special Auto,Four-Door Car,302
YS71471,Arizona,M,High School or Below,2686,45754,69,0,Personal Auto,Two-Door Car,333
VW74085,Oregon,F,High School or Below,5933,48278,74,0,Personal Auto,Two-Door Car,98
YD76280,Oregon,M,High School or Below,2336,22087,61,2,Personal Auto,Two-Door Car,293
TL67005,California,F,High School or Below,4811,0,136,1,Corporate Auto,SUV,570
MO65595,Nevada,F,Bachelor,3387,0,92,0,Personal Auto,Two-Door Car,572
RX96438,Washington,F,High School or Below,2311,24400,62,0,Corporate Auto,Two-Door Car,298
VA65117,Oregon,M,High School or Below,7635,0,110,0,Personal Auto,SUV,1139
KG16176,Washington,F,College,2435,0,66,0,Personal Auto,Four-Door Car,167
NT79981,Nevada,F,High School or Below,3606,13199,93,0,Personal Auto,Four-Door Car,582
ES88339,California,M,Master,3338,60607,83,0,Corporate Auto,Four-Door Car,380
AD33971,California,M,Doctor,12564,0,68,0,Personal Auto,Four-Door Car,326
JR84006,Washington,M,High School or Below,2454,74624,62,1,Personal Auto,Four-Door Car,298
FN66436,California,F,College,10722,54311,90,0,Personal Auto,Two-Door Car,386
YX84828,Oregon,F,Bachelor,5080,0,68,0,Personal Auto,Two-Door Car,326
JH94846,California,F,Bachelor,3829,19240,99,0,Personal Auto,Four-Door Car,475
TX73398,Nevada,M,Bachelor,3697,0,113,0,Personal Auto,Two-Door Car,814
RX45809,California,M,College,14854,37899,187,0,Personal Auto,Luxury,247
US36532,Arizona,F,High School or Below,4938,76283,61,0,Corporate Auto,Four-Door Car,293
RN86953,California,F,High School or Below,7536,69674,62,1,Personal Auto,Two-Door Car,298
RZ50353,California,M,High School or Below,6243,57734,78,0,Personal Auto,Four-Door Car,374
QP32003,Arizona,F,College,9983,0,93,0,Personal Auto,Four-Door Car,670
WN91943,California,M,College,12948,30763,111,0,Personal Auto,Four-Door Car,1073
BR24590,Arizona,M,Bachelor,2511,0,70,0,Personal Auto,Four-Door Car,522
UI57491,California,M,Bachelor,5166,0,72,0,Personal Auto,Two-Door Car,518
UJ70796,Oregon,F,College,7413,52130,62,0,Personal Auto,Four-Door Car,124
NX32730,California,F,High School or Below,3000,77041,74,0,Personal Auto,Two-Door Car,475
OH98172,California,F,High School or Below,3189,81081,79,0,Personal Auto,Two-Door Car,225
AQ30231,California,F,Bachelor,5801,0,78,0,Personal Auto,Four-Door Car,374
MU97512,Oregon,M,Bachelor,7399,27383,188,0,Corporate Auto,Luxury,902
CO75086,Arizona,M,College,7269,20407,95,2,Corporate Auto,Four-Door Car,37
WW52683,California,F,Bachelor,5068,61067,64,1,Personal Auto,Four-Door Car,86
XO38850,Arizona,M,College,6227,0,94,0,Personal Auto,Four-Door Car,677
DB50188,California,M,College,4449,23006,113,0,Personal Auto,SUV,792
DG23204,California,F,Doctor,2596,27734,65,0,Personal Auto,Four-Door Car,193
JS64688,Oregon,M,High School or Below,2596,48608,67,0,Personal Auto,Four-Door Car,322
PU81096,Arizona,M,Bachelor,6817,43947,61,4,Personal Auto,Four-Door Car,291
IW56740,Oregon,M,High School or Below,15520,23402,82,0,Personal Auto,Two-Door Car,394
AK44985,California,F,College,3853,0,110,0,Personal Auto,SUV,792
FX55409,Oregon,F,Master,8229,0,109,0,Personal Auto,SUV,299
BK76107,Oregon,F,High School or Below,14024,81872,115,0,Personal Auto,Four-Door Car,256
AY26056,Arizona,F,College,7949,63892,66,0,Personal Auto,Four-Door Car,91
QR36329,Washington,F,Bachelor,2624,11822,70,0,Corporate Auto,Two-Door Car,286
GF70857,Nevada,M,College,2934,0,83,0,Personal Auto,Four-Door Car,200
QE46704,Nevada,M,College,2871,94178,72,1,Personal Auto,Four-Door Car,226
PD22502,California,F,Bachelor,4800,0,65,0,Personal Auto,Two-Door Car,312
XF94560,Washington,F,High School or Below,2305,0,62,0,Corporate Auto,Four-Door Car,298
HZ64168,California,M,Bachelor,40441,0,129,0,Personal Auto,SUV,1191
FT79229,Washington,F,Bachelor,8900,83761,111,0,Personal Auto,SUV,533
EI17753,Oregon,F,High School or Below,4428,58577,110,0,Personal Auto,SUV,304
EV15646,California,M,College,3782,46573,94,0,Personal Auto,Four-Door Car,78
FF38892,California,F,High School or Below,32861,49889,118,0,Personal Auto,Two-Door Car,202
PP35705,California,M,High School or Below,35863,26376,121,0,Personal Auto,SUV,581
FQ24781,Oregon,F,Master,2574,34990,65,0,Personal Auto,Four-Door Car,43
CR20811,California,F,Bachelor,10661,60642,133,0,Personal Auto,SUV,428
XT55646,Arizona,M,Bachelor,4429,18263,117,0,Personal Auto,SUV,758
JH30819,California,F,Bachelor,25674,66550,107,1,Corporate Auto,SUV,514
YV88022,Washington,M,High School or Below,6689,56980,84,0,Personal Auto,Two-Door Car,599
VF57165,California,F,High School or Below,16257,21206,136,0,Corporate Auto,Luxury,98
AZ36763,Arizona,F,Bachelor,11835,0,85,0,Personal Auto,Four-Door Car,612
FL50532,Arizona,M,Master,8237,48866,103,0,Personal Auto,Luxury,494
JP88955,Oregon,M,High School or Below,8877,30525,115,0,Personal Auto,Luxury,368
QF69163,Washington,F,College,4373,25676,113,0,Personal Auto,Two-Door Car,542
OA26316,Arizona,F,College,2221,0,62,0,Personal Auto,Four-Door Car,700
FL55134,Nevada,M,High School or Below,10409,20228,101,1,Personal Auto,SUV,524
OL48469,Nevada,M,High School or Below,4162,0,67,3,Personal Auto,Four-Door Car,322
CR86548,Nevada,F,Master,12350,67248,102,0,Personal Auto,SUV,490
XO11574,California,M,High School or Below,3399,28928,87,1,Personal Auto,Four-Door Car,193
DM34321,California,F,Master,3421,11652,89,0,Personal Auto,Two-Door Car,526
WH56217,Washington,M,College,8928,29136,118,0,Corporate Auto,SUV,566
BV55733,Nevada,M,College,10853,67696,97,5,Corporate Auto,Two-Door Car,17
PK37121,Washington,F,High School or Below,4370,91775,108,0,Personal Auto,SUV,257
EO87464,Oregon,M,High School or Below,7916,31383,99,0,Corporate Auto,Four-Door Car,475
UF49068,California,M,College,7755,0,117,0,Corporate Auto,SUV,919
CH20044,California,F,Bachelor,2241,0,65,0,Corporate Auto,Four-Door Car,312
NU57274,California,M,Bachelor,9354,0,135,0,Personal Auto,SUV,972
CV63337,Oregon,F,Bachelor,3499,37273,88,0,Personal Auto,Two-Door Car,422
GY87675,Oregon,M,College,5140,26952,76,1,Corporate Auto,Four-Door Car,365
OH93496,Arizona,M,Bachelor,3703,0,109,0,Personal Auto,SUV,785
AY99324,Oregon,M,College,6555,21853,86,0,Personal Auto,Four-Door Car,413
MR27647,Washington,F,High School or Below,3312,27431,85,0,Personal Auto,Four-Door Car,458
VQ82774,California,F,Master,16302,19614,85,0,Personal Auto,Two-Door Car,574
WT38706,Oregon,F,Bachelor,14635,0,139,0,Personal Auto,SUV,667
UI89243,California,F,Bachelor,5724,77646,71,0,Personal Auto,Four-Door Car,341
XP69351,California,M,College,2444,0,69,0,Personal Auto,Four-Door Car,124
PY64219,California,M,Master,13024,0,125,0,Personal Auto,SUV,900
QJ64737,California,F,High School or Below,6166,60884,77,0,Personal Auto,Four-Door Car,492
IU14618,Oregon,M,High School or Below,5839,81082,73,0,Personal Auto,Four-Door Car,281
HH61461,Nevada,F,Bachelor,9971,57483,82,0,Personal Auto,Four-Door Car,540
JX10102,Arizona,F,High School or Below,3223,0,91,1,Personal Auto,Four-Door Car,655
SG86615,Oregon,M,High School or Below,14558,40260,73,0,Personal Auto,Four-Door Car,300
VE47660,Oregon,F,High School or Below,9033,30004,112,0,Personal Auto,SUV,806
BZ36030,Oregon,M,College,12591,62575,106,0,Personal Auto,Two-Door Car,509
KJ52520,Arizona,F,High School or Below,8162,45270,70,0,Personal Auto,Two-Door Car,46
IK60267,Nevada,F,Bachelor,2731,24967,69,0,Personal Auto,Two-Door Car,331
NX15614,Oregon,M,High School or Below,20294,0,73,0,Personal Auto,Two-Door Car,526
JO64353,Oregon,F,High School or Below,5302,20269,66,0,Personal Auto,Two-Door Car,475
BL89983,California,F,High School or Below,9036,34337,113,0,Special Auto,Four-Door Car,542
SE64365,California,M,High School or Below,4675,35830,118,1,Corporate Auto,Four-Door Car,597
JW16295,California,F,High School or Below,10677,55510,89,0,Personal Auto,Two-Door Car,427
IC61020,Oregon,F,High School or Below,7438,88360,185,0,Personal Auto,Luxury,930
WB73140,Arizona,F,High School or Below,5448,0,73,0,Personal Auto,Four-Door Car,350
JP52554,California,F,Bachelor,15550,17449,71,0,Corporate Auto,Four-Door Car,269
QZ24527,California,F,Bachelor,33473,33190,106,0,Personal Auto,SUV,509
VB53090,California,M,Master,8014,43196,66,0,Personal Auto,Four-Door Car,1
LR49580,Oregon,F,Bachelor,5061,59216,64,2,Personal Auto,Four-Door Car,200
LH66741,Arizona,M,Bachelor,7034,23158,63,3,Personal Auto,Four-Door Car,302
IS79761,Oregon,M,High School or Below,3816,38651,98,0,Personal Auto,Two-Door Car,470
PM11577,Oregon,F,Bachelor,8477,74001,108,3,Corporate Auto,Two-Door Car,254
ZB84321,Washington,F,College,19690,36032,70,0,Personal Auto,Four-Door Car,336
QO26846,Oregon,F,Master,3359,16891,88,0,Personal Auto,Four-Door Car,634
YU55375,Oregon,M,College,4502,0,67,0,Personal Auto,Two-Door Car,500
YU83697,Nevada,F,Bachelor,3871,0,110,0,Corporate Auto,SUV,528
LQ24783,Oregon,F,Doctor,6162,80590,76,0,Corporate Auto,Four-Door Car,104
KL27226,California,M,Bachelor,6412,58776,83,2,Personal Auto,Four-Door Car,479
MR84659,Oregon,F,College,10209,35482,129,0,Personal Auto,SUV,619
GU92938,Nevada,F,Bachelor,6944,25612,61,0,Personal Auto,Two-Door Car,293
OE56979,Oregon,F,High School or Below,9551,57016,119,0,Personal Auto,SUV,342
QT13680,California,M,High School or Below,2556,25385,65,0,Corporate Auto,Four-Door Car,459
FG35165,Washington,F,College,2480,50516,62,0,Personal Auto,Four-Door Car,180
MS41043,Arizona,F,College,7469,0,199,0,Personal Auto,Luxury,1956
BB19609,California,M,College,15769,29977,133,0,Personal Auto,SUV,256
QW44027,Oregon,M,College,22837,89384,285,0,Corporate Auto,Luxury,2052
AS60178,Nevada,F,Bachelor,2797,54655,70,1,Corporate Auto,Four-Door Car,187
AP89323,Nevada,F,College,2729,40516,70,0,Personal Auto,Four-Door Car,336
TY30683,Oregon,F,College,3527,26156,96,0,Corporate Auto,Four-Door Car,461
MP16820,Arizona,M,College,2821,70047,71,0,Personal Auto,Two-Door Car,108
ZT60102,Arizona,M,College,17790,26000,256,0,Personal Auto,Luxury,1229
QX24179,Oregon,M,Bachelor,5620,41878,71,0,Personal Auto,Four-Door Car,162
RL21492,Arizona,M,Bachelor,4985,86305,62,0,Corporate Auto,Four-Door Car,81
JW44963,Arizona,F,College,5448,55483,70,0,Personal Auto,Four-Door Car,231
IT37924,Oregon,F,College,9753,37345,82,0,Personal Auto,Four-Door Car,32
XC49176,California,F,Bachelor,3194,93405,79,0,Corporate Auto,Four-Door Car,203
JK30153,Oregon,F,Master,8566,99652,106,2,Personal Auto,SUV,407
MH50997,California,F,Bachelor,20003,33901,84,1,Personal Auto,Four-Door Car,146
YJ53102,Oregon,F,Master,3687,0,99,1,Corporate Auto,Four-Door Car,378
EX80215,California,F,College,2823,0,77,0,Personal Auto,Four-Door Car,139
NI46290,Oregon,F,College,4861,39429,62,0,Corporate Auto,Four-Door Car,102
CJ78860,Oregon,M,High School or Below,3649,0,104,0,Personal Auto,SUV,749
WR88041,Washington,M,High School or Below,5044,35832,65,0,Personal Auto,Four-Door Car,177
YI70563,California,M,Bachelor,2781,88704,69,0,Personal Auto,Two-Door Car,260
XB91559,Washington,M,College,5274,44051,67,0,Personal Auto,Four-Door Car,322
LT80200,Oregon,F,High School or Below,2694,0,74,0,Personal Auto,Four-Door Car,355
DJ71217,Washington,M,College,21562,0,110,0,Personal Auto,SUV,792
PI79725,Oregon,F,Bachelor,2570,79297,64,0,Corporate Auto,Four-Door Car,164
YV23210,Oregon,M,High School or Below,7422,23617,189,0,Personal Auto,Luxury,907
BP49831,Washington,F,Bachelor,2927,23656,80,3,Corporate Auto,Four-Door Car,384
OF20965,Nevada,F,Bachelor,7284,67780,92,0,Personal Auto,Four-Door Car,601
RX25695,Arizona,M,Bachelor,22721,26900,97,1,Personal Auto,Four-Door Car,466
IO14680,Oregon,M,Bachelor,8838,82664,114,3,Corporate Auto,SUV,133
WI52672,California,F,High School or Below,13576,94153,111,0,Corporate Auto,SUV,5
YC45944,Arizona,M,College,3885,0,105,0,Personal Auto,Four-Door Car,504
FV22585,Oregon,M,College,6961,74487,88,0,Personal Auto,Four-Door Car,17
HP27902,Arizona,F,Bachelor,23537,33747,199,0,Corporate Auto,Luxury,833
TP52309,California,M,High School or Below,13752,0,131,1,Personal Auto,Luxury,629
KU54022,Nevada,F,High School or Below,3324,12762,86,0,Corporate Auto,Two-Door Car,413
FP67637,Nevada,M,Bachelor,5380,93818,66,0,Personal Auto,Four-Door Car,248
SO43919,California,M,Bachelor,14228,31650,121,0,Personal Auto,SUV,581
LH85364,Oregon,F,High School or Below,26017,43922,83,0,Personal Auto,Four-Door Car,41
AP95078,Oregon,M,Bachelor,7855,37229,67,0,Personal Auto,Four-Door Car,322
JC16991,Arizona,F,Master,7424,36639,62,0,Personal Auto,Four-Door Car,298
GG24674,California,F,High School or Below,2498,15520,66,0,Personal Auto,Two-Door Car,317
IA11038,Oregon,F,College,8846,77077,112,0,Personal Auto,SUV,528
SA88518,Oregon,F,College,7737,50296,65,1,Personal Auto,Two-Door Car,47
GO80206,Arizona,F,Bachelor,2433,23737,62,1,Personal Auto,Four-Door Car,438
GB71156,California,M,College,9156,59624,117,0,Corporate Auto,Four-Door Car,583
RU39880,California,F,Bachelor,11748,58658,74,0,Personal Auto,Two-Door Car,355
ND77597,Oregon,M,Bachelor,11085,25542,70,0,Personal Auto,Four-Door Car,448
RB70060,California,M,High School or Below,7434,51408,62,0,Personal Auto,Four-Door Car,298
BH68769,Oregon,M,Bachelor,6347,42259,81,0,Personal Auto,Two-Door Car,530
IO64256,Oregon,F,High School or Below,2737,78889,68,0,Corporate Auto,Two-Door Car,52
XU98055,Arizona,M,College,9547,15406,124,0,Personal Auto,SUV,893
HP68848,Arizona,F,High School or Below,9166,53792,115,1,Corporate Auto,Four-Door Car,552
AW84946,Arizona,M,Bachelor,4480,36349,117,3,Personal Auto,SUV,327
HE29300,California,M,College,38546,41104,109,0,Corporate Auto,SUV,440
XK99408,California,F,High School or Below,9178,29098,115,0,Personal Auto,SUV,684
RA38184,Arizona,F,Bachelor,3444,0,93,0,Corporate Auto,Four-Door Car,8
TN79733,Oregon,F,High School or Below,16468,0,63,0,Personal Auto,Four-Door Car,685
RU58277,California,F,Master,15486,72026,191,0,Corporate Auto,Luxury,555
LI10567,Oregon,M,High School or Below,11701,0,169,0,Personal Auto,Luxury,1312
JB29250,Oregon,F,High School or Below,7573,87615,94,0,Personal Auto,Four-Door Car,451
VN57368,California,M,High School or Below,7092,0,68,0,Corporate Auto,Four-Door Car,490
VT51874,Oregon,M,High School or Below,14863,0,82,0,Personal Auto,Four-Door Car,394
BC48076,Washington,F,Master,7784,48689,191,0,Personal Auto,Luxury,985
DX91931,Washington,M,College,10242,0,150,0,Personal Auto,SUV,1080
BP74289,Oregon,M,College,7281,0,103,0,Personal Auto,SUV,494
PS77478,Arizona,M,College,6864,0,110,1,Personal Auto,SUV,792
DA10870,Arizona,M,Bachelor,6290,40675,81,2,Personal Auto,Four-Door Car,564
TE60343,Oregon,M,High School or Below,4716,25746,61,1,Corporate Auto,Four-Door Car,293
XJ40322,California,F,High School or Below,5294,61687,67,0,Personal Auto,Two-Door Car,120
HJ57617,Oregon,M,Bachelor,7685,31686,101,2,Corporate Auto,SUV,711
CD95333,California,M,Bachelor,5639,20920,74,0,Personal Auto,Two-Door Car,15
CW98743,California,F,College,2554,22538,64,0,Personal Auto,Four-Door Car,424
PA80607,Oregon,M,High School or Below,8096,85483,67,0,Personal Auto,Two-Door Car,314
YC87263,Oregon,F,Master,21312,70734,175,0,Corporate Auto,SUV,1200
EB52195,Oregon,F,College,7981,40639,67,0,Personal Auto,Four-Door Car,302
VF33776,Nevada,F,High School or Below,31269,90289,99,3,Corporate Auto,Four-Door Car,164
BP23267,California,F,Bachelor,73226,39547,202,0,Personal Auto,Luxury,970
OH80943,California,F,College,2660,0,87,3,Special Auto,Four-Door Car,420
OA46321,Oregon,M,College,15512,54833,198,3,Corporate Auto,Luxury,1397
CA22248,Oregon,F,Master,2505,60546,63,0,Personal Auto,Four-Door Car,46
LK40273,Oregon,M,College,4899,33938,64,0,Personal Auto,Four-Door Car,64
LI13735,Oregon,F,Bachelor,3113,85586,77,0,Personal Auto,Two-Door Car,13
LK35963,California,F,Bachelor,17019,89601,70,0,Personal Auto,Two-Door Car,117
YK36937,Washington,M,College,5791,33799,74,1,Personal Auto,Four-Door Car,355
IY91183,Arizona,F,Master,3684,0,100,1,Personal Auto,SUV,480
RA91280,Arizona,M,Doctor,3436,30817,88,0,Personal Auto,Four-Door Car,92
LA78882,California,M,Bachelor,6297,0,189,1,Personal Auto,Luxury,1824
RO26233,California,F,College,2465,31056,63,0,Personal Auto,Four-Door Car,302
ZE79055,California,M,Bachelor,3076,65017,81,4,Personal Auto,Four-Door Car,302
OI92280,Oregon,F,College,8428,12180,113,0,Corporate Auto,SUV,676
UK62940,Oregon,M,College,2354,0,64,0,Personal Auto,Four-Door Car,334
PU41916,Oregon,M,College,22104,0,102,0,Personal Auto,SUV,490
QU75179,California,M,Bachelor,7148,87454,89,0,Personal Auto,Four-Door Car,61
PB16956,Oregon,F,College,7842,51001,99,1,Personal Auto,Four-Door Car,292
JX60415,Arizona,F,Master,3555,58557,88,0,Personal Auto,Four-Door Car,56
CG39505,Oregon,M,Bachelor,7251,18665,66,0,Personal Auto,Four-Door Car,583
GD59850,Oregon,F,College,5317,21299,69,0,Corporate Auto,Four-Door Car,331
ME37450,Arizona,M,Bachelor,5210,89781,66,0,Special Auto,Four-Door Car,38
EE24901,Arizona,M,Bachelor,2990,0,83,0,Personal Auto,Two-Door Car,398
VY40793,Oregon,M,College,4270,0,122,0,Personal Auto,SUV,726
ZB54635,California,F,Bachelor,2525,0,68,3,Personal Auto,Two-Door Car,387
IF58637,California,F,High School or Below,2556,22881,65,0,Personal Auto,Four-Door Car,312
RE95629,California,F,College,2321,0,63,0,Personal Auto,Two-Door Car,454
XO67536,California,F,College,2563,10860,66,0,Personal Auto,Four-Door Car,317
QY56887,Arizona,F,High School or Below,14209,0,131,0,Corporate Auto,SUV,943
TB77524,Arizona,F,College,8048,0,116,0,Personal Auto,SUV,1339
WM14507,Nevada,F,High School or Below,7672,62582,95,0,Personal Auto,Four-Door Car,456
XL90594,California,F,College,7584,87473,95,0,Personal Auto,Four-Door Car,448
CQ78705,Oregon,F,College,7145,92681,91,3,Personal Auto,Four-Door Car,437
NY55083,Oregon,F,College,14084,74916,62,4,Personal Auto,Two-Door Car,123
NJ28041,Oregon,M,High School or Below,13056,58684,162,0,Personal Auto,SUV,1166
CF62430,Nevada,F,Bachelor,9130,70973,114,1,Personal Auto,SUV,547
SM54927,Washington,F,Bachelor,6740,0,93,0,Personal Auto,Four-Door Car,13
RV58659,Washington,F,College,4423,21124,112,0,Corporate Auto,SUV,733
UZ42802,Oregon,M,Bachelor,4527,0,135,0,Personal Auto,Luxury,1516
KD63933,California,M,College,7048,24030,194,0,Personal Auto,Luxury,971
EG54606,California,M,Bachelor,5219,21371,66,0,Personal Auto,Four-Door Car,590
OP73328,Arizona,F,High School or Below,5400,71186,67,0,Personal Auto,Two-Door Car,30
QG61936,California,M,Master,4517,0,124,0,Corporate Auto,SUV,595
UU22643,Oregon,F,High School or Below,3601,25147,101,0,Personal Auto,SUV,695
MF65419,Oregon,M,Bachelor,3980,0,116,0,Personal Auto,Luxury,835
NT97069,Washington,M,Bachelor,2534,53988,64,0,Personal Auto,Two-Door Car,207
OC50447,Nevada,M,Bachelor,4967,38055,64,1,Personal Auto,Two-Door Car,39
FA39525,Oregon,M,High School or Below,4902,72859,61,0,Personal Auto,Two-Door Car,50
XW18691,Washington,M,Doctor,7752,67787,194,0,Personal Auto,SUV,469
UN98304,Oregon,M,High School or Below,6881,0,66,0,Corporate Auto,Four-Door Car,475
ZW33889,California,F,Bachelor,2478,44280,62,0,Corporate Auto,Two-Door Car,130
MQ80538,Oregon,M,College,2728,0,78,0,Personal Auto,Four-Door Car,374
HZ28612,Washington,F,College,5627,59782,70,0,Personal Auto,Four-Door Car,336
ZQ35017,California,M,College,4650,28215,65,0,Personal Auto,Two-Door Car,468
AE30506,California,F,Bachelor,2396,0,66,2,Personal Auto,Four-Door Car,433
LA16827,Arizona,M,Master,5433,49919,134,0,Personal Auto,SUV,643
TB46243,Arizona,M,High School or Below,8694,88294,108,0,Personal Auto,SUV,367
GI14815,Washington,M,College,15760,55800,66,0,Personal Auto,Two-Door Car,473
LQ28707,Oregon,M,Bachelor,22659,23665,67,0,Personal Auto,Four-Door Car,405
LC27380,Oregon,F,High School or Below,5721,32224,72,0,Personal Auto,Four-Door Car,19
TJ32609,California,M,High School or Below,8926,23860,114,1,Personal Auto,SUV,547
AU71562,Washington,F,High School or Below,2937,27179,74,0,Personal Auto,Four-Door Car,355
JQ66292,Oregon,F,Master,2593,35705,65,0,Personal Auto,Two-Door Car,312
BD66455,California,M,High School or Below,4921,0,143,0,Personal Auto,SUV,1030
HS97484,California,F,College,32437,0,99,0,Personal Auto,Four-Door Car,475
AB45325,Arizona,M,High School or Below,2577,74215,64,0,Personal Auto,Two-Door Car,345
ML93514,California,M,Bachelor,4738,63977,118,0,Personal Auto,Four-Door Car,33
EO56466,Oregon,M,College,24660,22070,72,0,Special Auto,Four-Door Car,346
ZK52226,California,F,High School or Below,2499,0,72,0,Corporate Auto,Two-Door Car,346
EK87467,Arizona,F,College,2722,17576,71,0,Personal Auto,Four-Door Car,399
QT24496,California,F,College,4084,13483,107,0,Personal Auto,SUV,556
NM44679,California,M,College,9784,0,136,0,Personal Auto,SUV,979
SK47066,Washington,M,College,10493,72297,87,2,Personal Auto,Four-Door Car,110
YB39959,Oregon,M,Master,3238,60244,83,3,Personal Auto,Four-Door Car,326
OB97365,California,F,High School or Below,4045,77237,102,0,Personal Auto,Four-Door Car,197
HX53470,California,F,College,4712,0,129,0,Corporate Auto,SUV,1179
JA17689,Arizona,M,Bachelor,2416,0,68,0,Personal Auto,Two-Door Car,436
CJ63667,Oregon,F,Master,31803,25663,114,0,Corporate Auto,Luxury,663
GI70759,California,M,Bachelor,4819,0,71,0,Personal Auto,Four-Door Car,511
LT24477,California,M,High School or Below,8605,47589,109,1,Personal Auto,SUV,111
LQ45358,Nevada,M,Bachelor,4036,0,112,0,Personal Auto,Four-Door Car,538
WY58284,California,M,Bachelor,8623,97361,73,0,Personal Auto,Four-Door Car,350
YD53564,California,F,College,5554,26441,71,0,Personal Auto,Two-Door Car,152
NI66988,Oregon,F,High School or Below,24868,0,128,0,Personal Auto,SUV,716
LW25030,Arizona,F,Bachelor,5047,29957,65,0,Corporate Auto,Four-Door Car,312
KX47545,Oregon,M,High School or Below,8032,40082,69,0,Personal Auto,Four-Door Car,331
XB27698,Oregon,M,Bachelor,8623,97361,73,0,Personal Auto,Four-Door Car,350
BX45636,California,F,High School or Below,9162,91763,113,0,Special Auto,SUV,442
IS85460,California,F,High School or Below,5957,48993,74,0,Personal Auto,Two-Door Car,810
EG36536,Arizona,M,Bachelor,8496,24031,109,0,Personal Auto,Luxury,523
UZ95992,California,F,Bachelor,4376,63774,111,0,Personal Auto,Four-Door Car,60
QL20148,Oregon,M,College,22332,49078,97,0,Personal Auto,Four-Door Car,484
SV51174,Oregon,M,Master,20631,28935,87,0,Personal Auto,Two-Door Car,120
WP10197,Nevada,M,High School or Below,3934,25927,103,0,Personal Auto,SUV,675
VV81837,Oregon,M,High School or Below,4929,52507,123,0,Personal Auto,SUV,590
GT41712,California,F,Bachelor,5414,0,74,0,Personal Auto,Four-Door Car,79
VL59942,Arizona,F,Bachelor,10572,94137,65,0,Personal Auto,Four-Door Car,44
LH53046,Nevada,F,High School or Below,5439,69186,69,0,Personal Auto,Four-Door Car,193
OG36837,Arizona,F,Doctor,7648,91071,94,2,Personal Auto,Four-Door Car,403
VO30155,Nevada,M,High School or Below,5422,85447,71,2,Corporate Auto,Four-Door Car,510
WW19050,Oregon,M,High School or Below,5714,0,79,0,Personal Auto,Two-Door Car,50
UY85263,Nevada,F,Bachelor,11255,88858,93,0,Personal Auto,Four-Door Car,310
CS30372,Oregon,M,Bachelor,5420,21881,69,0,Corporate Auto,Four-Door Car,133
TQ85537,Washington,M,College,2980,72669,74,0,Personal Auto,Four-Door Car,333
PE72696,California,M,College,10893,68025,91,0,Personal Auto,Four-Door Car,437
UV89077,Oregon,F,College,11639,25370,102,0,Personal Auto,Luxury,490
EI29901,Arizona,M,Bachelor,7295,26849,62,0,Personal Auto,Four-Door Car,38
FD16853,Arizona,F,High School or Below,5374,0,72,0,Personal Auto,Four-Door Car,427
FH81409,California,M,High School or Below,8152,0,79,0,Personal Auto,Four-Door Car,569
ZF64287,California,M,High School or Below,13081,89948,110,1,Special Auto,Luxury,125
NT82538,Oregon,F,Bachelor,4497,0,63,0,Personal Auto,Two-Door Car,420
HA56608,California,M,College,13728,0,126,0,Special Auto,SUV,605
JZ61712,Nevada,M,Bachelor,3359,97576,83,1,Personal Auto,Two-Door Car,545
SH55598,Arizona,F,High School or Below,3703,23120,93,0,Personal Auto,Four-Door Car,446
TM43177,Oregon,F,High School or Below,3105,97234,78,0,Personal Auto,Four-Door Car,318
WR90490,Nevada,M,High School or Below,4894,25572,65,0,Personal Auto,Four-Door Car,312
WV57524,Oregon,F,College,10209,35482,129,0,Personal Auto,SUV,619
LK73001,California,M,College,8954,34614,114,0,Personal Auto,Four-Door Car,547
JQ29969,Oregon,F,Bachelor,4236,59038,105,0,Personal Auto,Two-Door Car,588
GS50147,Oregon,M,High School or Below,5235,0,73,0,Personal Auto,Two-Door Car,795
NB10500,California,F,Bachelor,3939,60021,99,0,Personal Auto,Four-Door Car,883
NM77735,Oregon,F,Bachelor,8397,47593,72,0,Personal Auto,Four-Door Car,344
CG36206,California,M,Bachelor,2142,0,67,1,Personal Auto,Four-Door Car,322
UZ80048,Oregon,M,College,6186,28001,83,0,Personal Auto,Two-Door Car,439
UM15297,California,F,Bachelor,9641,30431,122,0,Corporate Auto,SUV,133
DW11738,California,M,Master,4242,19834,64,4,Personal Auto,Four-Door Car,461
YK92080,California,F,College,3436,30509,88,0,Personal Auto,Four-Door Car,443
TO39943,Washington,F,High School or Below,4898,30503,63,3,Corporate Auto,Two-Door Car,258
JV29414,Oregon,M,Doctor,17788,73339,89,0,Personal Auto,Four-Door Car,18
JQ22359,Oregon,F,College,3268,0,93,0,Personal Auto,Two-Door Car,549
VW84170,Washington,F,High School or Below,2819,88067,70,0,Personal Auto,Four-Door Car,336
DA84476,Oregon,M,College,7019,26806,63,0,Corporate Auto,Four-Door Car,302
TV34024,Oregon,M,High School or Below,4108,0,114,0,Personal Auto,SUV,821
UO32521,California,F,High School or Below,2196,0,63,0,Corporate Auto,Two-Door Car,617
GR90142,Oregon,F,College,3808,94903,94,0,Personal Auto,Two-Door Car,451
ZS73935,Washington,F,High School or Below,23436,42862,65,0,Personal Auto,Four-Door Car,254
XH71839,Oregon,M,High School or Below,6739,0,96,0,Personal Auto,Four-Door Car,1012
CM48429,California,M,High School or Below,23554,31157,100,0,Personal Auto,SUV,445
FS56709,California,M,Doctor,2874,44084,72,0,Personal Auto,Four-Door Car,244
IJ52285,Arizona,F,Master,6135,43579,77,0,Personal Auto,Two-Door Car,452
UF36172,Oregon,F,High School or Below,6901,0,92,0,Personal Auto,Two-Door Car,428
LQ71247,Arizona,F,High School or Below,4525,0,65,2,Personal Auto,Four-Door Car,490
KB25170,Washington,F,Doctor,2560,88059,63,0,Personal Auto,Four-Door Car,145
EY19523,Washington,M,Bachelor,2334,25772,64,0,Personal Auto,Four-Door Car,307
CY30418,Washington,M,College,5783,72354,73,0,Personal Auto,Four-Door Car,14
XP92021,Oregon,F,High School or Below,13296,68009,110,0,Personal Auto,SUV,528
MQ64736,Washington,F,Bachelor,3700,12287,99,0,Personal Auto,Four-Door Car,713
MT67399,Nevada,F,Bachelor,6489,95025,81,0,Personal Auto,Four-Door Car,272
HG81172,Arizona,F,College,7693,54665,97,1,Personal Auto,Four-Door Car,100
DB34757,Arizona,M,College,2630,80129,66,0,Personal Auto,Four-Door Car,165
AM79057,Oregon,F,Bachelor,2288,69024,61,5,Personal Auto,Four-Door Car,239
HJ21793,Oregon,F,Bachelor,4649,0,121,0,Personal Auto,SUV,1081
QH61060,Arizona,F,High School or Below,9209,31365,115,0,Special Auto,SUV,828
UR40795,Oregon,M,High School or Below,9270,27849,119,0,Personal Auto,Luxury,571
KR88393,California,F,High School or Below,15003,19245,84,1,Personal Auto,Four-Door Car,605
YK65946,Oregon,F,Bachelor,8427,46503,215,1,Personal Auto,Luxury,1032
FD21881,Oregon,M,College,3012,77912,76,0,Personal Auto,Two-Door Car,444
CG60089,Washington,M,Bachelor,12899,37449,111,1,Personal Auto,Four-Door Car,171
AS48176,Oregon,M,Bachelor,12169,14973,115,0,Personal Auto,SUV,828
MY55142,Washington,M,College,5552,46043,70,0,Personal Auto,Four-Door Car,336
SN94425,Oregon,F,High School or Below,4541,0,65,2,Special Auto,Four-Door Car,312
DY69629,Oregon,F,College,3097,21604,79,0,Corporate Auto,Four-Door Car,379
UI73553,Nevada,F,Bachelor,2359,19864,63,0,Personal Auto,Four-Door Car,352
CW63533,California,M,Bachelor,2468,65876,63,1,Personal Auto,Two-Door Car,44
EY71418,Oregon,F,Bachelor,25640,24695,168,0,Corporate Auto,SUV,806
SK47162,Oregon,M,Bachelor,3568,0,102,0,Personal Auto,SUV,660
VK43303,Oregon,M,Bachelor,6020,68658,77,0,Personal Auto,Two-Door Car,296
SB60942,Arizona,M,College,7259,88082,61,1,Personal Auto,Two-Door Car,219
SX29898,California,F,Bachelor,9112,54751,114,0,Personal Auto,SUV,721
ER29107,Oregon,M,High School or Below,6369,34498,83,0,Personal Auto,Two-Door Car,398
QV13947,Oregon,M,College,4426,63597,114,2,Personal Auto,SUV,184
UO54511,California,F,High School or Below,4950,27400,63,1,Personal Auto,Four-Door Car,302
AD18174,California,F,High School or Below,4838,0,65,0,Personal Auto,Four-Door Car,468
HB48518,Nevada,M,College,3892,31409,100,0,Corporate Auto,SUV,116
LC12930,California,M,Master,4872,0,64,0,Personal Auto,Four-Door Car,307
ZQ22116,Arizona,F,High School or Below,5311,73102,66,0,Corporate Auto,Four-Door Car,118
XB35510,California,M,Bachelor,8704,38072,113,1,Personal Auto,SUV,151
CV78865,Arizona,M,High School or Below,2698,95399,68,1,Personal Auto,Two-Door Car,78
WF75492,Oregon,M,High School or Below,8360,48521,105,0,Personal Auto,Luxury,264
WH41844,Oregon,F,Bachelor,5317,45856,67,0,Personal Auto,Two-Door Car,92
TU47984,Arizona,F,College,3733,21542,97,0,Personal Auto,Four-Door Car,466
IO73222,Washington,F,Bachelor,5408,22555,70,0,Personal Auto,Two-Door Car,336
NJ21108,Oregon,F,Bachelor,5298,33832,67,1,Corporate Auto,Four-Door Car,322
OH91173,California,M,College,3874,28142,105,0,Personal Auto,Luxury,702
FT24768,California,M,Bachelor,6509,60188,84,3,Personal Auto,Four-Door Car,333
OM92482,Arizona,M,Bachelor,4834,11698,65,0,Personal Auto,Four-Door Car,468
IZ47097,Arizona,F,Master,2927,76850,72,0,Personal Auto,Four-Door Car,346
KQ49890,Oregon,M,High School or Below,5925,78387,74,0,Corporate Auto,Four-Door Car,204
XB15703,California,M,Bachelor,15263,80757,128,0,Personal Auto,SUV,340
GR31499,Oregon,F,Master,2542,23692,65,2,Personal Auto,Two-Door Car,312
No59551,California,F,College,4905,12902,139,0,Personal Auto,Luxury,667
KV17233,Arizona,F,Bachelor,2434,23033,62,0,Personal Auto,Two-Door Car,501
OD75777,Oregon,F,College,5587,19280,72,0,Personal Auto,Four-Door Car,346
LD68165,Arizona,F,High School or Below,26197,18495,113,0,Corporate Auto,SUV,542
YO14199,Oregon,M,High School or Below,2610,30825,68,0,Personal Auto,Four-Door Car,326
RR49534,Oregon,F,Bachelor,3265,25820,82,0,Personal Auto,Four-Door Car,394
WL69218,Oregon,F,Bachelor,17436,54105,73,2,Personal Auto,Two-Door Car,350
JF38079,California,M,High School or Below,9081,69853,114,2,Personal Auto,SUV,244
GY64553,California,M,Bachelor,4637,97017,115,1,Personal Auto,Two-Door Car,534
CT11176,California,F,Bachelor,2615,24914,66,0,Personal Auto,Four-Door Car,139
WU95334,California,M,College,7019,26806,63,0,Personal Auto,Four-Door Car,302
BK43823,Oregon,F,High School or Below,12053,25419,101,0,Personal Auto,Four-Door Car,585
LK90215,Oregon,M,College,2648,37876,69,0,Personal Auto,Four-Door Car,300
XH72888,Arizona,M,High School or Below,15956,36354,202,0,Corporate Auto,Luxury,1454
MY89889,Nevada,F,Bachelor,5039,0,74,0,Personal Auto,Four-Door Car,355
CY33307,California,F,College,5584,32403,71,0,Corporate Auto,Four-Door Car,97
BC51708,California,M,High School or Below,5075,51659,64,0,Personal Auto,Four-Door Car,307
JX78176,California,F,Bachelor,12046,55805,99,0,Personal Auto,Four-Door Car,426
GP20237,Nevada,F,Bachelor,2727,29286,69,1,Personal Auto,Four-Door Car,497
OY68395,Oregon,F,High School or Below,55277,40740,198,0,Personal Auto,Luxury,950
GN18675,California,M,Bachelor,5080,70784,64,0,Special Auto,Four-Door Car,108
EQ75249,Arizona,F,College,5838,55419,72,0,Personal Auto,Four-Door Car,171
JV40853,California,F,High School or Below,27666,61886,87,0,Personal Auto,Two-Door Car,418
OZ47099,Arizona,M,Master,2677,0,71,0,Corporate Auto,Four-Door Car,341
RB16360,Oregon,M,High School or Below,5331,84240,132,0,Personal Auto,SUV,634
JK26373,California,M,High School or Below,6306,0,65,2,Personal Auto,Two-Door Car,468
GM88979,Oregon,F,College,4747,54050,119,0,Personal Auto,Two-Door Car,571
XM57550,Washington,F,College,3424,29958,90,0,Personal Auto,Four-Door Car,432
SD94067,California,F,Master,6610,23616,83,0,Special Auto,Two-Door Car,230
OY96856,Oregon,M,Bachelor,8045,71391,67,0,Personal Auto,Four-Door Car,284
FL76894,Washington,M,High School or Below,4314,33488,110,0,Personal Auto,SUV,317
XH72278,Arizona,M,High School or Below,6715,0,92,0,Personal Auto,Two-Door Car,442
YV49293,Arizona,F,College,17647,36900,61,3,Corporate Auto,Two-Door Car,109
QV83172,Nevada,M,High School or Below,41855,28311,134,0,Personal Auto,SUV,643
LU18867,Oregon,M,High School or Below,6620,25075,86,0,Personal Auto,Four-Door Car,413
CZ25193,Arizona,M,Bachelor,4078,57031,104,1,Personal Auto,Four-Door Car,14
VE87035,Oregon,M,Bachelor,8382,25998,71,0,Personal Auto,Four-Door Car,792
VY27019,Oregon,F,College,4807,0,69,0,Personal Auto,Four-Door Car,497
GP22382,Oregon,F,College,4858,21685,127,0,Corporate Auto,Luxury,610
FG15154,California,M,Bachelor,7241,32818,93,0,Personal Auto,Four-Door Car,446
NK34682,Oregon,M,Bachelor,2737,39492,68,0,Corporate Auto,Four-Door Car,326
YQ98465,California,F,High School or Below,26197,18495,113,0,Personal Auto,SUV,542
TY86306,California,F,College,2336,21564,61,0,Corporate Auto,Two-Door Car,49
CN19138,Arizona,F,Bachelor,2255,0,65,0,Corporate Auto,Four-Door Car,312
LO14518,California,M,Bachelor,6377,27835,81,0,Personal Auto,Two-Door Car,529
No73257,Nevada,F,Bachelor,2942,64431,74,0,Personal Auto,Four-Door Car,48
RE80124,Arizona,F,College,6200,0,84,0,Personal Auto,Two-Door Car,605
WU50951,Washington,F,Bachelor,6846,0,95,0,Personal Auto,Two-Door Car,456
EV66951,Nevada,M,Master,14033,0,191,1,Corporate Auto,Luxury,917
TO37423,Oregon,M,College,17569,41463,74,0,Special Auto,Four-Door Car,355
XF92956,Oregon,M,High School or Below,2449,0,68,0,Personal Auto,Four-Door Car,490
ZP64637,Arizona,M,High School or Below,3858,0,110,0,Corporate Auto,Luxury,792
JG74360,Arizona,M,College,4559,37709,116,0,Corporate Auto,SUV,557
NZ81536,Washington,F,Doctor,16711,73049,139,0,Personal Auto,SUV,284
KT26739,Nevada,F,Master,3555,58557,88,0,Personal Auto,Four-Door Car,56
YU15037,Arizona,F,High School or Below,4671,0,66,0,Personal Auto,Four-Door Car,475
YX91403,Arizona,F,High School or Below,2910,88944,72,0,Personal Auto,Four-Door Car,114
KS46420,Washington,F,Master,13411,26140,112,0,Personal Auto,SUV,230
TW11712,Arizona,M,Master,4575,32906,115,0,Personal Auto,SUV,552
XY36764,California,F,College,2771,50071,71,0,Personal Auto,Two-Door Car,19
LQ16286,Oregon,M,College,8039,71982,103,0,Corporate Auto,Four-Door Car,494
XE86547,Oregon,M,College,5144,58443,65,0,Personal Auto,Four-Door Car,312
QS83113,Oregon,M,Bachelor,5032,30735,63,0,Personal Auto,Two-Door Car,307
PH97342,Arizona,F,High School or Below,26197,18495,113,0,Personal Auto,SUV,542
VQ47100,Washington,F,High School or Below,4895,67436,61,0,Personal Auto,Four-Door Car,293
BE17305,Nevada,M,Master,3193,52653,81,0,Personal Auto,Two-Door Car,230
KZ11847,California,F,Master,5097,22886,65,0,Personal Auto,Four-Door Car,312
EX73249,Arizona,F,College,7707,0,73,0,Personal Auto,Four-Door Car,350
JS19054,Oregon,F,Bachelor,3339,38821,87,0,Personal Auto,Two-Door Car,489
YH94097,Washington,M,College,9575,0,134,0,Personal Auto,SUV,643
UQ19505,Oregon,F,College,3557,39075,89,0,Personal Auto,Two-Door Car,142
YI95574,Arizona,M,High School or Below,3587,16049,93,0,Personal Auto,Four-Door Car,446
JQ84105,Oregon,F,High School or Below,2361,0,65,0,Corporate Auto,Four-Door Car,468
NU61528,Washington,M,Doctor,3024,28383,81,0,Personal Auto,Four-Door Car,258
FQ20031,Oregon,M,High School or Below,10927,29418,274,0,Personal Auto,Luxury,1973
XX32359,California,M,High School or Below,5326,0,73,0,Personal Auto,Two-Door Car,496
BP69529,Arizona,M,Bachelor,9916,30604,131,2,Corporate Auto,SUV,984
LI60972,Arizona,F,College,5018,91804,62,0,Special Auto,Four-Door Car,389
HQ60388,Oregon,F,High School or Below,8626,50446,74,4,Personal Auto,Four-Door Car,355
KE66309,California,M,College,8433,87728,70,0,Personal Auto,Four-Door Car,202
YT56442,California,M,College,2643,58729,68,2,Corporate Auto,Four-Door Car,95
VH51235,Arizona,F,Bachelor,3098,0,89,0,Personal Auto,Four-Door Car,427
SF18484,Oregon,F,Master,19837,0,67,1,Personal Auto,Four-Door Car,322
HW99293,Arizona,M,Bachelor,2870,21234,73,0,Personal Auto,Four-Door Car,378
QR57598,Oregon,M,Bachelor,4927,0,73,0,Personal Auto,Four-Door Car,752
FY27460,California,M,College,4286,47823,108,0,Personal Auto,Luxury,518
YQ75801,Arizona,F,High School or Below,8875,84731,110,1,Personal Auto,SUV,227
LP48634,California,F,High School or Below,2579,59974,65,0,Corporate Auto,Four-Door Car,127
EI32190,Arizona,M,Doctor,6921,67534,87,2,Personal Auto,Four-Door Car,105
WS68402,Oregon,M,Bachelor,2350,0,70,0,Special Auto,Four-Door Car,717
ND43316,Oregon,M,High School or Below,4028,27782,103,0,Personal Auto,SUV,517
HW94513,Nevada,M,High School or Below,8481,67197,74,3,Personal Auto,Two-Door Car,276
ZS72533,Oregon,M,High School or Below,5191,86451,65,0,Personal Auto,Two-Door Car,8
RZ97154,Arizona,M,Bachelor,3572,56768,92,0,Personal Auto,Two-Door Car,442
LK73198,Washington,F,High School or Below,4869,55593,61,0,Personal Auto,Four-Door Car,9
RS29507,Arizona,F,Bachelor,10396,0,95,0,Personal Auto,Four-Door Car,338
XJ39660,Oregon,F,Bachelor,5298,66203,66,0,Personal Auto,Four-Door Car,131
PK47936,Washington,F,High School or Below,8751,25806,110,0,Personal Auto,Four-Door Car,528
EU95973,California,F,Bachelor,14942,22978,190,0,Personal Auto,Luxury,912
OU40102,Oregon,F,High School or Below,6503,22081,84,0,Special Auto,Two-Door Car,452
RC67125,Arizona,F,College,10111,96506,124,0,Corporate Auto,SUV,505
NK53902,Oregon,M,High School or Below,6460,23235,82,0,Personal Auto,Four-Door Car,483
RH70599,Arizona,M,Bachelor,2769,40506,70,0,Personal Auto,Four-Door Car,114
RR64429,California,M,High School or Below,6779,0,96,0,Personal Auto,Four-Door Car,461
IW99237,Oregon,M,Bachelor,4493,0,65,0,Personal Auto,Two-Door Car,312
PZ94965,California,F,High School or Below,5733,79955,71,0,Personal Auto,Four-Door Car,143
PV77228,Arizona,M,College,3231,62873,81,0,Corporate Auto,Four-Door Car,208
EX63393,California,F,Master,6314,66947,78,0,Personal Auto,Four-Door Car,374
QV26574,Washington,M,College,6014,25646,83,1,Personal Auto,Four-Door Car,378
ZL29593,Arizona,F,College,2180,0,64,0,Personal Auto,Four-Door Car,461
TU67471,Washington,F,High School or Below,20097,92766,71,0,Personal Auto,Two-Door Car,379
FD45309,Oregon,M,High School or Below,5569,0,79,1,Personal Auto,Two-Door Car,407
AH58807,Arizona,F,College,51426,84650,185,3,Personal Auto,Luxury,660
CX58204,Nevada,F,High School or Below,8080,13050,102,0,Personal Auto,SUV,734
TE35954,Arizona,M,College,2675,56342,69,0,Personal Auto,Four-Door Car,331
XO70106,Oregon,M,Bachelor,12422,58781,106,0,Personal Auto,SUV,502
OW20992,California,M,High School or Below,2311,0,68,0,Personal Auto,Four-Door Car,490
JV44724,Arizona,M,Bachelor,10256,0,102,0,Personal Auto,Luxury,734
PI96349,California,M,College,22104,0,102,0,Personal Auto,SUV,490
NA82031,Washington,F,College,2963,71809,74,0,Corporate Auto,Four-Door Car,78
YH86106,Arizona,M,Bachelor,5765,40238,73,1,Personal Auto,Four-Door Car,350
DI82448,California,M,Bachelor,4700,0,70,0,Personal Auto,Four-Door Car,504
HL97125,Nevada,F,High School or Below,4669,76157,116,0,Personal Auto,Two-Door Car,557
NB18234,Nevada,F,College,5384,30514,72,2,Personal Auto,Four-Door Car,154
KH53118,California,F,Bachelor,7506,44485,62,0,Special Auto,Four-Door Car,80
UX94928,Arizona,M,High School or Below,10551,50941,69,0,Personal Auto,Four-Door Car,331
HO94329,Arizona,M,College,25900,53105,110,0,Corporate Auto,SUV,365
LW64678,California,F,Master,51016,25167,140,0,Personal Auto,SUV,422
CE11308,Washington,M,College,3575,30244,92,0,Personal Auto,Four-Door Car,383
DC46685,California,F,College,11639,25370,102,0,Corporate Auto,Luxury,490
LM69036,Oregon,M,Master,14050,0,73,1,Corporate Auto,Four-Door Car,350
MM83308,Arizona,M,High School or Below,2380,69202,61,0,Personal Auto,Two-Door Car,293
GL33494,Oregon,F,Master,5460,31530,69,1,Personal Auto,Two-Door Car,331
BH61054,California,F,College,6270,61040,78,0,Personal Auto,Two-Door Car,392
OJ77448,Arizona,F,Bachelor,8710,85185,107,0,Corporate Auto,SUV,167
IN10489,Nevada,F,Master,5025,78772,62,0,Personal Auto,Four-Door Car,86
FY32647,California,M,College,12515,0,63,0,Special Auto,Two-Door Car,578
YP17198,Oregon,M,Master,22326,99241,70,0,Corporate Auto,Four-Door Car,48
RB79317,Arizona,F,Bachelor,3059,0,83,0,Personal Auto,Two-Door Car,197
IE49043,Nevada,F,College,6699,21114,180,0,Personal Auto,Luxury,864
ZL82075,Nevada,M,Master,5480,56005,68,1,Corporate Auto,Four-Door Car,326
DV24592,Oregon,F,College,2472,63860,62,0,Personal Auto,Four-Door Car,209
XF89906,Arizona,M,High School or Below,58207,29295,219,0,Personal Auto,Luxury,1329
AD71478,Arizona,M,High School or Below,3430,54339,86,0,Personal Auto,Four-Door Car,10
SE15781,California,F,Bachelor,2396,0,66,2,Corporate Auto,Four-Door Car,433
YG71375,Nevada,F,College,5964,98078,73,0,Personal Auto,Four-Door Car,419
KH95802,Arizona,M,College,2606,20592,71,1,Personal Auto,Two-Door Car,195
FW16824,Oregon,M,High School or Below,4758,72805,62,4,Corporate Auto,Four-Door Car,365
FK17363,Washington,F,High School or Below,5154,55645,129,0,Personal Auto,SUV,619
DK66277,California,M,High School or Below,2805,98859,70,0,Personal Auto,Four-Door Car,504
FX67699,Oregon,F,High School or Below,4250,0,61,1,Corporate Auto,Four-Door Car,293
LC92080,Oregon,M,College,7248,23541,62,0,Personal Auto,Two-Door Car,99
CQ57225,California,M,Bachelor,5009,0,73,0,Corporate Auto,Two-Door Car,350
AM53473,Arizona,F,Bachelor,5822,60087,74,0,Special Auto,Four-Door Car,355
TE50227,Arizona,M,College,18898,0,132,0,Personal Auto,SUV,1405
IS45756,Arizona,F,College,4757,48938,121,0,Personal Auto,SUV,581
QA71190,California,F,Bachelor,8084,31506,102,0,Personal Auto,Four-Door Car,601
LD53393,California,M,Bachelor,7417,67454,185,0,Personal Auto,Luxury,1332
JO35068,Nevada,M,Bachelor,2539,18608,71,0,Personal Auto,Four-Door Car,341
EC71857,Washington,F,Doctor,2433,28519,61,0,Personal Auto,Four-Door Car,112
LB19360,Nevada,F,Master,4171,29462,107,1,Personal Auto,SUV,514
RM70340,Oregon,M,High School or Below,2490,0,74,0,Corporate Auto,Four-Door Car,533
YL34043,Nevada,F,Bachelor,3759,58300,94,0,Personal Auto,Four-Door Car,24
BQ88033,Oregon,M,College,42389,82554,132,0,Personal Auto,Luxury,155
SG46572,California,F,High School or Below,29830,0,102,0,Personal Auto,Luxury,490
LT94367,California,M,College,26135,0,111,0,Personal Auto,Luxury,673
FV83989,Arizona,M,Bachelor,2454,29735,69,0,Personal Auto,Four-Door Car,331
WO80705,Arizona,F,Bachelor,2856,50738,71,0,Personal Auto,Four-Door Car,344
CT51200,Oregon,F,High School or Below,5772,65709,72,0,Corporate Auto,Four-Door Car,13
IX65163,California,M,College,8099,0,123,0,Personal Auto,SUV,886
AP32891,Arizona,M,High School or Below,3433,0,95,0,Personal Auto,Four-Door Car,456
AY29281,Arizona,F,Bachelor,9408,0,85,0,Corporate Auto,Four-Door Car,408
UK18731,California,F,Bachelor,5596,19651,72,0,Personal Auto,Two-Door Car,346
JT32550,Washington,M,High School or Below,7261,0,72,0,Personal Auto,Four-Door Car,744
MT91823,Arizona,F,College,13438,69693,112,1,Special Auto,Luxury,538
FI11096,Arizona,F,High School or Below,7324,0,104,0,Special Auto,SUV,1114
QF13998,California,F,College,2358,0,65,1,Personal Auto,Four-Door Car,295
BC35753,Arizona,F,College,2671,45525,66,0,Personal Auto,Two-Door Car,317
LX74249,Oregon,F,Bachelor,2939,96765,72,0,Personal Auto,Two-Door Car,216
VX43756,Oregon,M,College,4911,32903,64,3,Personal Auto,Four-Door Car,98
JZ61928,California,M,College,5499,22520,73,0,Corporate Auto,Four-Door Car,350
DT59560,California,F,High School or Below,4757,67486,118,0,Personal Auto,Two-Door Car,529
CI99444,Nevada,F,College,2927,92381,72,0,Special Auto,Four-Door Car,235
JF25129,California,M,Master,8510,26057,74,0,Personal Auto,Four-Door Car,524
YB57848,Oregon,F,Doctor,9929,75716,247,0,Personal Auto,Luxury,562
DJ27518,California,F,High School or Below,10090,63657,128,0,Corporate Auto,Luxury,614
DO95670,Arizona,M,Doctor,5073,57709,125,0,Personal Auto,SUV,600
WV53830,Oregon,F,Master,16302,19614,85,0,Personal Auto,Two-Door Car,574
LY30169,California,M,High School or Below,3360,75216,84,1,Corporate Auto,Four-Door Car,66
AH41449,Nevada,M,College,7907,24666,101,0,Personal Auto,Luxury,152
GV21882,Nevada,F,High School or Below,28328,20799,111,0,Personal Auto,Luxury,389
FH14955,California,M,College,4468,0,64,0,Corporate Auto,Four-Door Car,307
JA60749,Oregon,F,High School or Below,9036,34337,113,0,Personal Auto,Four-Door Car,542
PB81005,Oregon,M,Bachelor,5364,53562,135,0,Personal Auto,SUV,590
OY88200,Nevada,F,College,2707,22664,73,0,Personal Auto,Two-Door Car,350
ZT72561,Arizona,M,High School or Below,6168,27289,158,2,Personal Auto,Luxury,758
ZF95586,Arizona,F,Master,2476,54831,61,0,Personal Auto,Four-Door Car,136
LV44800,California,F,High School or Below,3057,78310,76,0,Personal Auto,Four-Door Car,365
FC46260,California,F,Bachelor,5218,39854,66,0,Corporate Auto,Two-Door Car,262
HY68437,Oregon,M,High School or Below,6744,0,90,0,Personal Auto,Four-Door Car,548
XL50897,Arizona,F,Master,15740,48096,131,0,Personal Auto,Luxury,450
AR83514,Arizona,F,High School or Below,7154,59522,89,0,Corporate Auto,Four-Door Car,427
NA43540,Washington,M,High School or Below,8263,0,79,1,Corporate Auto,Two-Door Car,46
JP22499,California,M,Bachelor,3143,43285,83,0,Corporate Auto,Two-Door Car,266
KW84736,California,M,College,2692,33104,70,1,Personal Auto,Two-Door Car,336
EU21305,Arizona,M,College,2501,56172,64,0,Personal Auto,Four-Door Car,307
YT96284,Oregon,M,Master,3729,83632,94,4,Personal Auto,Four-Door Car,217
RH96816,Arizona,F,Bachelor,2937,0,81,0,Personal Auto,Two-Door Car,389
JB20173,California,M,Bachelor,10392,81439,90,1,Personal Auto,Two-Door Car,108
RR73059,California,F,College,2994,55911,74,0,Personal Auto,Four-Door Car,188
CH38655,Oregon,M,Bachelor,14204,90456,71,0,Personal Auto,Four-Door Car,165
IG12691,Arizona,F,Bachelor,4491,0,64,0,Personal Auto,Two-Door Car,254
NZ60700,Washington,M,High School or Below,10964,55687,276,0,Personal Auto,Luxury,1325
JL21509,California,M,College,3509,20978,98,1,Personal Auto,Four-Door Car,1176
GR76453,Oregon,M,High School or Below,4943,82093,62,0,Personal Auto,Four-Door Car,267
US63915,Arizona,M,High School or Below,6219,51944,156,0,Corporate Auto,Luxury,749
VY30333,Nevada,M,College,6156,78824,77,0,Personal Auto,Four-Door Car,268
AC42963,California,M,Bachelor,21424,0,65,0,Special Auto,Two-Door Car,312
AT89553,California,M,College,5927,23091,96,5,Personal Auto,Four-Door Car,461
DN76322,Oregon,F,College,10295,24723,129,0,Corporate Auto,Luxury,619
EZ48093,Arizona,M,Bachelor,2711,31998,69,0,Corporate Auto,Four-Door Car,331
DA34555,California,F,College,3363,80138,83,0,Personal Auto,Four-Door Car,209
RK63095,California,M,College,3123,72916,80,0,Personal Auto,Two-Door Car,384
OG69038,Washington,F,High School or Below,6221,0,65,2,Corporate Auto,Four-Door Car,468
SO98684,California,F,High School or Below,3455,0,91,0,Personal Auto,Four-Door Car,681
BZ85306,California,F,Bachelor,11855,0,170,0,Corporate Auto,SUV,1227
EV14479,California,M,Bachelor,7164,44527,94,2,Personal Auto,Four-Door Car,287
YD71702,Oregon,M,Bachelor,3158,46655,82,0,Personal Auto,Four-Door Car,337
UC69263,California,M,Bachelor,8336,0,67,2,Personal Auto,Two-Door Car,445
DH25145,Arizona,F,High School or Below,5809,26975,73,0,Personal Auto,Two-Door Car,548
KU94282,Oregon,F,Master,10016,62900,62,0,Personal Auto,Two-Door Car,84
UT18598,California,F,Bachelor,4915,14232,64,0,Personal Auto,Four-Door Car,307
DA40009,Washington,F,Bachelor,2751,34200,70,0,Corporate Auto,Four-Door Car,167
HU87011,California,F,Bachelor,5677,0,77,0,Personal Auto,Four-Door Car,370
EK40672,California,M,College,2393,22981,69,0,Personal Auto,Four-Door Car,17
ZH92587,Oregon,F,College,8127,14616,107,0,Personal Auto,SUV,514
EJ95100,California,F,Master,2775,0,74,0,Personal Auto,Four-Door Car,355
WS56675,Oregon,F,High School or Below,4301,88590,107,0,Personal Auto,Two-Door Car,42
UF28233,Washington,F,High School or Below,5221,60445,65,0,Personal Auto,Four-Door Car,279
HQ76003,Nevada,F,High School or Below,12384,40602,105,0,Personal Auto,Luxury,460
SS90882,Oregon,F,College,7681,66795,64,0,Personal Auto,Four-Door Car,238
ZN71189,Oregon,F,Doctor,4014,37384,99,0,Personal Auto,Four-Door Car,475
VX85673,Arizona,F,High School or Below,4250,0,61,1,Personal Auto,Four-Door Car,293
NP19156,Arizona,F,Master,4625,28264,61,4,Corporate Auto,Four-Door Car,168
ZV43428,Arizona,F,Bachelor,27790,33806,89,0,Special Auto,Four-Door Car,396
NK53911,California,M,High School or Below,7346,79980,91,0,Personal Auto,Two-Door Car,630
BG73480,Oregon,F,High School or Below,5324,64706,135,0,Corporate Auto,SUV,77
VY58444,Nevada,F,College,4426,29660,112,0,Personal Auto,SUV,334
SJ15498,Oregon,F,Bachelor,6852,26313,87,0,Corporate Auto,Two-Door Car,418
ZB71094,Oregon,M,Bachelor,3534,19861,93,0,Corporate Auto,Four-Door Car,446
UI99818,Oregon,F,College,4349,75648,108,0,Personal Auto,SUV,113
WS24655,Oregon,F,College,29677,33992,194,1,Personal Auto,SUV,931
LZ98947,Nevada,F,Bachelor,24239,0,109,2,Personal Auto,SUV,785
IC94523,California,F,College,11639,25370,102,0,Personal Auto,Luxury,490
TK59338,Arizona,M,College,13559,98036,113,0,Personal Auto,SUV,662
BV36386,California,F,College,4283,40864,109,1,Personal Auto,SUV,167
QT63794,California,F,Bachelor,9145,21150,116,0,Personal Auto,SUV,833
LF36128,California,F,College,7434,49057,63,0,Personal Auto,Two-Door Car,30
JK53304,California,F,High School or Below,6159,97658,76,1,Personal Auto,Four-Door Car,365
HU76577,California,M,Bachelor,3883,0,109,0,Personal Auto,SUV,766
JG81480,Oregon,F,Bachelor,10623,25634,67,0,Personal Auto,Four-Door Car,145
CC88237,California,M,High School or Below,5257,56154,67,0,Personal Auto,Two-Door Car,386
OV64984,Arizona,M,Bachelor,4881,90892,61,0,Personal Auto,Two-Door Car,102
VG45203,Nevada,F,College,13198,0,68,3,Personal Auto,Four-Door Car,326
YQ42353,Oregon,M,Doctor,5334,72960,68,1,Personal Auto,Four-Door Car,144
AP46166,California,F,High School or Below,4965,0,73,1,Personal Auto,Two-Door Car,526
UI36374,Oregon,F,Bachelor,5470,54507,138,0,Corporate Auto,SUV,703
ZR76229,Arizona,F,College,3714,81190,92,0,Corporate Auto,Two-Door Car,357
ZD65365,Oregon,F,College,2895,28204,73,0,Personal Auto,Four-Door Car,487
XI84293,Oregon,M,High School or Below,1941,0,66,3,Personal Auto,Two-Door Car,475
MT97446,California,F,Master,2647,26441,66,0,Corporate Auto,Two-Door Car,211
GM48223,Oregon,F,Bachelor,5462,42650,69,0,Personal Auto,Four-Door Car,36
YQ42614,Washington,M,High School or Below,2662,29195,68,0,Personal Auto,Two-Door Car,448
ZK56389,Arizona,F,High School or Below,2397,22283,65,0,Special Auto,Four-Door Car,572
MK19833,Arizona,M,College,4568,15383,61,0,Corporate Auto,Two-Door Car,293
TO12347,California,M,Bachelor,5535,16101,74,0,Personal Auto,Four-Door Car,438
KE63160,Oregon,M,Bachelor,6057,27681,83,0,Personal Auto,Two-Door Car,398
SR49919,Arizona,F,Bachelor,10657,72540,88,0,Personal Auto,Two-Door Car,632
CI38171,Washington,F,Bachelor,13798,42780,181,2,Personal Auto,Luxury,869
VK42108,Washington,F,Bachelor,18060,57882,115,0,Corporate Auto,SUV,552
NB86692,Nevada,F,College,2690,60060,67,0,Personal Auto,Four-Door Car,321
YN15967,California,M,College,7409,61160,96,0,Corporate Auto,Two-Door Car,355
KU56071,Oregon,F,College,4992,93416,62,0,Personal Auto,Two-Door Car,246
LN47910,Arizona,F,College,4434,83220,110,0,Personal Auto,Four-Door Car,528
CY80935,Oregon,M,High School or Below,14749,31226,93,0,Personal Auto,Four-Door Car,446
SA84892,California,F,High School or Below,4916,66982,121,0,Corporate Auto,SUV,871
LY93301,Oregon,M,Bachelor,12496,0,61,0,Corporate Auto,Two-Door Car,293
FG63647,Nevada,M,Bachelor,12878,0,117,0,Personal Auto,Four-Door Car,562
VX79712,Washington,M,Doctor,6776,27354,86,1,Personal Auto,Two-Door Car,413
UH59257,Washington,M,Doctor,7541,61726,96,2,Personal Auto,Two-Door Car,690
ME84824,Arizona,M,College,5990,66839,154,0,Personal Auto,Luxury,739
ZR68364,California,M,College,9171,60433,77,0,Personal Auto,Four-Door Car,370
WQ25142,California,M,Bachelor,21529,11538,82,0,Corporate Auto,Four-Door Car,394
OW84481,Nevada,M,High School or Below,2676,67837,69,4,Personal Auto,Four-Door Car,430
FU77365,California,F,Bachelor,9246,40032,118,2,Personal Auto,SUV,718
MR46875,Washington,M,Master,4861,41126,61,0,Corporate Auto,Four-Door Car,199
PT46181,California,M,College,2471,65176,62,0,Personal Auto,Four-Door Car,298
LT41574,Oregon,F,Bachelor,2761,34717,70,2,Special Auto,Four-Door Car,336
WX16395,California,M,College,4270,0,122,0,Personal Auto,SUV,726
HD82971,Arizona,F,High School or Below,3136,0,89,0,Personal Auto,Four-Door Car,641
ZC17276,California,M,Master,7755,0,110,0,Personal Auto,Four-Door Car,528
OR27665,Washington,F,Bachelor,4928,0,67,0,Personal Auto,Two-Door Car,132
VO75043,Oregon,M,Bachelor,6662,0,95,0,Personal Auto,Four-Door Car,456
LZ78622,California,M,High School or Below,6530,44379,83,1,Special Auto,Four-Door Car,398
PK24825,Oregon,F,College,3293,0,94,0,Corporate Auto,Four-Door Car,677
HG93801,Arizona,M,High School or Below,5155,82730,127,0,Corporate Auto,SUV,443
PJ36749,Washington,F,High School or Below,5597,37995,139,0,Personal Auto,SUV,667
IJ33473,California,F,Bachelor,20767,0,73,2,Personal Auto,Two-Door Car,350
CH96412,Oregon,F,Doctor,5423,85018,68,3,Personal Auto,Four-Door Car,63
PR74833,Oregon,M,Bachelor,5553,0,89,1,Personal Auto,Two-Door Car,641
ZS36394,California,F,Bachelor,5504,0,73,0,Corporate Auto,Four-Door Car,350
DP50922,California,M,High School or Below,12664,72109,105,0,Personal Auto,Luxury,504
VY23882,Arizona,M,Bachelor,5548,67798,69,0,Personal Auto,Four-Door Car,331
UH62357,Washington,F,High School or Below,4390,0,118,1,Personal Auto,SUV,671
BG74433,Oregon,F,Bachelor,2605,0,74,0,Corporate Auto,Four-Door Car,533
TI19394,Oregon,M,College,2919,80714,72,0,Personal Auto,Four-Door Car,346
AQ91207,California,M,High School or Below,2488,38667,63,0,Personal Auto,Four-Door Car,293
QL46987,Oregon,F,Bachelor,9083,34430,117,0,Personal Auto,Four-Door Car,233
BS34332,Oregon,F,High School or Below,5558,83576,69,0,Personal Auto,Two-Door Car,331
IJ26642,Nevada,F,Bachelor,5107,35625,65,1,Personal Auto,Four-Door Car,289
XS36281,Washington,F,College,5570,85718,139,1,Personal Auto,Luxury,540
SR47878,California,F,High School or Below,5595,74454,71,0,Personal Auto,Four-Door Car,341
HG53255,Nevada,M,College,11244,66146,96,0,Personal Auto,Two-Door Car,251
QV65644,Oregon,M,High School or Below,6114,0,88,0,Personal Auto,Four-Door Car,1035
ZW76597,California,F,Bachelor,5271,13215,74,1,Corporate Auto,Four-Door Car,444
SM80235,Oregon,M,High School or Below,2747,62302,70,0,Personal Auto,Four-Door Car,504
FE24232,Nevada,F,High School or Below,4730,0,124,0,Corporate Auto,Luxury,631
BY78730,Oregon,F,High School or Below,8880,52583,113,0,Special Auto,SUV,528
CR40615,Arizona,M,Bachelor,3106,22076,85,0,Personal Auto,Four-Door Car,423
WL24392,Arizona,M,Bachelor,5860,94527,73,0,Personal Auto,Four-Door Car,41
MZ81826,Arizona,F,High School or Below,9036,34337,113,0,Personal Auto,Four-Door Car,542
EO99750,Nevada,F,Master,7257,29053,181,0,Personal Auto,Luxury,405
HF82396,Oregon,F,High School or Below,14429,0,68,0,Personal Auto,Two-Door Car,326
DH68319,Oregon,F,College,2788,62506,69,0,Personal Auto,Two-Door Car,331
EG12987,California,F,Bachelor,4845,0,65,0,Personal Auto,Two-Door Car,129
ZU71467,Arizona,M,Bachelor,5460,45404,70,2,Corporate Auto,Two-Door Car,266
AD95939,California,M,Bachelor,26512,28773,229,0,Personal Auto,Luxury,1099
TB71474,Nevada,F,College,3141,24019,79,0,Personal Auto,Four-Door Car,47
WN76039,Nevada,F,Bachelor,2545,0,71,0,Special Auto,Four-Door Car,341
HI16472,Arizona,F,College,8356,23666,104,0,Personal Auto,SUV,499
VG43444,Oregon,M,Bachelor,3837,36794,99,0,Personal Auto,Four-Door Car,713
QI11566,Oregon,F,Bachelor,2535,25163,67,0,Corporate Auto,Two-Door Car,322
JM98365,Nevada,M,Doctor,5762,66156,72,0,Personal Auto,Four-Door Car,346
CP67787,California,F,Bachelor,15937,0,76,0,Personal Auto,Four-Door Car,365
LM83004,Arizona,M,High School or Below,12553,10147,67,0,Personal Auto,Four-Door Car,459
JM77470,Arizona,F,College,2352,0,64,0,Corporate Auto,Four-Door Car,381
WI47826,Oregon,F,College,4936,95765,61,0,Personal Auto,Four-Door Car,352
GE39783,Oregon,F,College,5356,60752,67,0,Personal Auto,Four-Door Car,414
JN96178,Oregon,M,High School or Below,3740,0,104,1,Personal Auto,SUV,499
KH41809,California,F,College,2489,31058,67,5,Personal Auto,Two-Door Car,309
KX86150,California,M,High School or Below,7188,13542,94,0,Personal Auto,Four-Door Car,451
GX33877,Arizona,F,Bachelor,35022,25270,99,0,Personal Auto,Two-Door Car,713
IQ15028,Arizona,F,Bachelor,2662,24152,72,2,Personal Auto,Four-Door Car,346
WE11250,Washington,F,College,12201,60282,102,0,Corporate Auto,SUV,120
OX61728,California,F,High School or Below,29007,40252,104,0,Personal Auto,Luxury,499
VW39046,Nevada,M,College,3874,28142,105,0,Personal Auto,Luxury,702
VE52406,California,M,High School or Below,2472,95697,61,0,Corporate Auto,Two-Door Car,114
KQ30179,California,M,Bachelor,2689,89771,67,2,Personal Auto,Two-Door Car,104
KH58171,California,M,Master,2551,79751,63,0,Personal Auto,Two-Door Car,392
CA58346,Oregon,F,High School or Below,4950,0,69,0,Corporate Auto,Four-Door Car,331
ZU76536,California,F,High School or Below,6144,45032,77,0,Personal Auto,Four-Door Car,37
UN69319,Arizona,M,Master,8837,62277,113,0,Corporate Auto,SUV,250
MG66142,Oregon,F,Bachelor,9517,0,87,0,Personal Auto,Four-Door Car,418
MV97958,Arizona,F,Bachelor,2880,40525,73,0,Personal Auto,Four-Door Car,124
AG58599,Oregon,F,High School or Below,2805,26004,70,0,Personal Auto,Four-Door Car,336
UG35090,California,F,College,6046,82399,77,3,Personal Auto,Four-Door Car,32
IX85835,Nevada,F,Bachelor,5246,28909,66,0,Personal Auto,Two-Door Car,457
FP67680,California,M,High School or Below,4773,15323,128,0,Personal Auto,SUV,614
WY21918,Washington,F,College,3868,79628,98,0,Personal Auto,Four-Door Car,470
PM92089,Oregon,F,High School or Below,3383,0,97,0,Corporate Auto,Two-Door Car,698
AY59197,Nevada,M,College,9521,27769,121,0,Special Auto,SUV,123
VI14418,California,M,Bachelor,7615,16707,102,0,Special Auto,Four-Door Car,1107
QI60335,Nevada,F,College,11308,0,66,0,Personal Auto,Four-Door Car,317
BS87947,California,F,Bachelor,3351,94395,83,0,Personal Auto,Four-Door Car,583
DW88734,California,M,Bachelor,2683,84895,67,0,Corporate Auto,Two-Door Car,322
BU72633,Nevada,M,Master,42562,66661,119,0,Personal Auto,SUV,571
VK94891,Nevada,M,High School or Below,2087,0,62,0,Personal Auto,Two-Door Car,446
VE75717,Nevada,F,High School or Below,4869,31447,121,0,Personal Auto,SUV,581
JG16015,Washington,F,College,5021,61987,125,0,Personal Auto,SUV,723
CD68182,Oregon,F,College,3672,42460,91,0,Personal Auto,Two-Door Car,347
WM64930,Oregon,M,College,5253,12811,150,2,Corporate Auto,SUV,720
BJ82316,Oregon,M,Bachelor,12037,44428,104,0,Corporate Auto,SUV,499
XB61209,Arizona,F,College,3509,0,97,0,Personal Auto,Four-Door Car,698
AT26484,Nevada,M,College,3818,25221,103,5,Special Auto,Four-Door Car,616
IW21434,Oregon,F,Bachelor,2570,44940,65,0,Corporate Auto,Four-Door Car,284
CP74755,Oregon,F,College,2846,39192,71,0,Corporate Auto,Four-Door Car,353
IV13886,California,M,High School or Below,7292,0,68,0,Personal Auto,Two-Door Car,416
SW42446,California,F,College,10581,42513,133,0,Corporate Auto,Luxury,628
RO16377,Oregon,M,High School or Below,23144,59821,193,0,Personal Auto,Luxury,1390
CE46475,California,F,College,4605,22571,63,0,Corporate Auto,Four-Door Car,302
HE60335,Washington,F,Bachelor,3939,60021,99,0,Corporate Auto,Four-Door Car,883
RI69055,California,F,High School or Below,8104,58172,67,0,Personal Auto,Four-Door Car,142
VD96075,Oregon,M,Bachelor,4165,58299,105,1,Personal Auto,Four-Door Car,504
VI55112,Oregon,M,College,14065,25275,61,0,Corporate Auto,Four-Door Car,214
VZ18907,Oregon,F,College,21992,80807,109,0,Personal Auto,SUV,132
BA49679,Arizona,F,Bachelor,7591,52348,65,1,Personal Auto,Two-Door Car,312
LK39646,Washington,F,Bachelor,8019,58843,68,0,Corporate Auto,Two-Door Car,200
VI66860,Nevada,F,Master,3555,58557,88,0,Corporate Auto,Four-Door Car,56
RP14593,Oregon,F,Bachelor,3946,0,105,0,Personal Auto,SUV,933
FP34904,Oregon,M,College,2916,86599,73,0,Corporate Auto,Four-Door Car,350
FG15434,Arizona,F,Master,5555,52984,69,0,Personal Auto,Two-Door Car,168
TP12436,Oregon,F,Master,5329,0,72,0,Personal Auto,Four-Door Car,346
KD93234,Oregon,F,High School or Below,5503,0,72,0,Corporate Auto,Four-Door Car,346
GE20220,Oregon,F,Bachelor,7607,47778,96,0,Personal Auto,Four-Door Car,174
RA98783,Arizona,F,Bachelor,27790,33806,89,0,Corporate Auto,Four-Door Car,396
DW71192,Oregon,M,High School or Below,5971,52018,78,3,Personal Auto,Four-Door Car,374
WD84153,California,F,Bachelor,2248,24910,63,1,Corporate Auto,Four-Door Car,348
ZM75468,Nevada,M,College,10746,39135,91,0,Personal Auto,Four-Door Car,437
PZ75671,Oregon,F,College,7224,0,97,0,Personal Auto,Four-Door Car,466
ME80331,California,M,High School or Below,9384,0,133,0,Personal Auto,SUV,958
YA78391,Oregon,M,High School or Below,5709,0,78,0,Personal Auto,Four-Door Car,410
WU76366,Arizona,M,Bachelor,4984,28726,65,0,Personal Auto,Four-Door Car,468
HB35022,Oregon,M,Doctor,13561,0,122,0,Special Auto,Luxury,586
AM17304,Arizona,F,Master,7218,45356,90,0,Personal Auto,Four-Door Car,462
AD56037,Arizona,M,High School or Below,5160,87050,129,0,Personal Auto,SUV,619
IJ74908,Nevada,M,Bachelor,13115,20705,171,1,Personal Auto,SUV,237
DH93217,California,F,Master,29875,52651,94,0,Personal Auto,Two-Door Car,451
WH48955,Oregon,F,Master,20237,55270,63,0,Personal Auto,Two-Door Car,302
RU76604,Arizona,M,College,2581,46900,66,0,Personal Auto,Four-Door Car,317
NE52009,California,M,College,39561,60500,110,0,Personal Auto,Luxury,770
FP66510,Washington,F,High School or Below,8186,43877,102,0,Corporate Auto,SUV,415
TW46585,Nevada,M,Bachelor,4768,0,72,0,Corporate Auto,Four-Door Car,346
PE42960,California,M,Bachelor,8475,58488,73,2,Personal Auto,Four-Door Car,350
LO28839,California,F,Bachelor,4723,29193,61,3,Corporate Auto,Four-Door Car,293
QY41855,Arizona,F,College,10485,61108,89,0,Personal Auto,Four-Door Car,49
UA53326,Oregon,F,College,3305,23931,95,0,Personal Auto,Four-Door Car,456
UK59933,California,M,College,5002,0,70,0,Personal Auto,Four-Door Car,504
LM37855,California,M,College,7607,0,104,0,Personal Auto,SUV,638
UV89069,Nevada,F,Bachelor,2803,34628,71,0,Personal Auto,Four-Door Car,133
NK40551,California,F,High School or Below,7455,74089,94,2,Personal Auto,Four-Door Car,649
RR47424,California,F,High School or Below,21767,0,290,0,Personal Auto,Luxury,1551
DU68331,Oregon,F,College,7317,30493,62,1,Personal Auto,Two-Door Car,108
LI76661,Oregon,M,Bachelor,7444,89285,93,0,Corporate Auto,Two-Door Car,244
CM94209,Oregon,F,High School or Below,3087,92147,77,2,Personal Auto,Four-Door Car,278
BN38134,Washington,F,Bachelor,6728,39428,84,2,Personal Auto,Two-Door Car,72
VQ72305,California,M,High School or Below,20266,21542,103,0,Special Auto,Luxury,494
YK26558,California,F,College,5265,0,72,0,Special Auto,Four-Door Car,136
XU20264,Arizona,M,Bachelor,8565,23506,113,0,Personal Auto,Four-Door Car,814
LG85340,Oregon,F,Bachelor,8086,70811,100,0,Personal Auto,Luxury,142
JZ64443,Washington,F,Bachelor,4706,0,78,3,Corporate Auto,Four-Door Car,555
CY45848,Oregon,F,Bachelor,4274,82214,106,1,Personal Auto,Four-Door Car,239
AU13233,California,F,High School or Below,5909,71401,73,0,Personal Auto,Four-Door Car,287
IH35630,Oregon,F,High School or Below,41788,46587,119,2,Personal Auto,Four-Door Car,571
JP55271,Oregon,F,High School or Below,10634,80046,132,0,Personal Auto,SUV,261
TT47031,Arizona,F,Bachelor,5451,76389,68,0,Personal Auto,Four-Door Car,262
JN55850,California,M,Doctor,7036,77235,87,0,Personal Auto,Two-Door Car,310
LH94176,Arizona,M,High School or Below,8203,38595,74,3,Personal Auto,Four-Door Car,416
ZB87718,Arizona,F,College,8715,0,118,0,Personal Auto,SUV,566
UQ40371,Nevada,F,Master,3353,55359,83,0,Special Auto,Four-Door Car,303
XJ92660,Nevada,F,Master,5018,79814,62,0,Personal Auto,Four-Door Car,32
SG51792,Arizona,F,Bachelor,2753,75277,70,3,Corporate Auto,Two-Door Car,460
DA73502,Oregon,M,Bachelor,2619,78618,66,0,Personal Auto,Two-Door Car,226
UF81905,California,F,Doctor,4867,20123,63,0,Personal Auto,Four-Door Car,302
PL44132,Arizona,M,College,3062,88362,78,0,Personal Auto,Two-Door Car,453
US29010,Oregon,M,Bachelor,3545,0,116,3,Corporate Auto,SUV,835
DW72445,Oregon,M,College,3260,52782,85,4,Personal Auto,Four-Door Car,541
MU53244,California,F,Bachelor,5095,0,137,0,Personal Auto,SUV,452
EE57466,Arizona,F,High School or Below,2397,22283,65,0,Personal Auto,Four-Door Car,572
QV86635,California,M,Bachelor,7428,28848,96,0,Corporate Auto,Two-Door Car,451
RT51330,California,F,Doctor,2511,0,64,0,Corporate Auto,Four-Door Car,437
QW44380,Washington,M,High School or Below,2638,54378,66,0,Personal Auto,Four-Door Car,317
IK66117,California,M,High School or Below,4969,21827,67,0,Special Auto,Four-Door Car,322
TD86744,Arizona,F,High School or Below,34611,20090,109,0,Personal Auto,Luxury,523
TX35222,Washington,F,College,11619,27750,297,1,Personal Auto,Luxury,1426
PJ92694,California,M,High School or Below,4763,57135,61,0,Corporate Auto,Four-Door Car,157
YM88338,California,F,Bachelor,4879,58580,61,0,Personal Auto,Four-Door Car,293
YN61339,Oregon,M,College,4330,60475,107,0,Personal Auto,Four-Door Car,514
FP45327,Washington,M,College,9095,37937,116,0,Personal Auto,SUV,557
IZ26849,Oregon,F,Bachelor,5524,70360,69,0,Personal Auto,Two-Door Car,331
YY16391,Oregon,M,College,11836,0,119,0,Personal Auto,Four-Door Car,857
GX44284,California,M,Bachelor,2588,47509,66,0,Personal Auto,Four-Door Car,93
LV14566,Nevada,M,Master,7177,27071,183,0,Personal Auto,Luxury,878
KQ50003,Arizona,F,High School or Below,27890,46546,99,0,Special Auto,Four-Door Car,319
IW87075,Arizona,M,Bachelor,7280,32627,67,4,Personal Auto,Four-Door Car,55
QY46560,Arizona,M,Bachelor,2152,0,65,0,Personal Auto,Two-Door Car,460
PD79570,Oregon,F,Bachelor,4334,0,116,0,Personal Auto,Four-Door Car,1066
IM78342,Oregon,F,College,8631,0,122,2,Personal Auto,SUV,586
NT19879,Arizona,F,Bachelor,4767,29177,64,2,Personal Auto,Four-Door Car,307
SW98498,California,M,College,10439,88233,88,0,Personal Auto,Four-Door Car,253
WL42517,Washington,F,College,3747,0,107,0,Personal Auto,SUV,550
LR82946,Oregon,M,Bachelor,6617,0,195,0,Personal Auto,Luxury,1404
KT61396,California,F,College,3822,79189,95,0,Corporate Auto,Two-Door Car,50
GD56260,Oregon,F,Master,2863,41077,71,0,Personal Auto,Two-Door Car,82
YD45660,Arizona,F,Bachelor,9421,47048,118,0,Personal Auto,SUV,566
XN50058,California,M,Doctor,8768,45484,111,0,Corporate Auto,Four-Door Car,533
QO61775,California,M,Master,4572,79453,115,0,Personal Auto,SUV,242
PZ67684,Arizona,F,College,14514,88753,181,0,Personal Auto,Luxury,869
IK77998,Washington,M,High School or Below,2588,0,74,0,Personal Auto,Four-Door Car,851
FL96333,Nevada,M,College,6243,73945,78,0,Personal Auto,Two-Door Car,331
EI58541,Washington,F,College,2720,14030,72,0,Personal Auto,Two-Door Car,346
WW68250,Oregon,M,Bachelor,2719,81799,68,0,Personal Auto,Four-Door Car,326
XT19780,Oregon,F,High School or Below,4804,23634,62,0,Personal Auto,Two-Door Car,440
SE44262,California,M,Bachelor,2857,0,78,0,Personal Auto,Four-Door Car,374
GO86980,Oregon,F,Bachelor,5170,56334,65,0,Corporate Auto,Two-Door Car,422
ZB69355,Oregon,F,Bachelor,4083,23206,107,0,Personal Auto,Luxury,514
TM12486,Oregon,M,High School or Below,2960,28140,85,0,Personal Auto,Four-Door Car,612
NB86870,Arizona,F,High School or Below,16468,0,63,0,Personal Auto,Four-Door Car,685
SS12362,California,M,High School or Below,12779,0,88,0,Special Auto,Four-Door Car,634
VW58299,California,M,Bachelor,12169,14973,115,0,Personal Auto,SUV,828
TG37039,Oregon,F,Bachelor,6241,0,87,0,Personal Auto,Four-Door Car,712
RO25639,Nevada,F,Doctor,5443,25884,69,3,Personal Auto,Four-Door Car,292
JK35644,Oregon,M,Master,3552,11607,96,0,Corporate Auto,Four-Door Car,313
DK69871,Nevada,M,Master,24138,53691,67,0,Personal Auto,Four-Door Car,176
OU43146,Oregon,M,Bachelor,15415,89464,194,1,Personal Auto,Luxury,1067
KN47424,Oregon,F,High School or Below,5517,60596,71,4,Personal Auto,Four-Door Car,180
ZX80668,Nevada,M,Bachelor,13449,43720,117,1,Personal Auto,SUV,562
OI80614,California,M,High School or Below,6689,56980,84,0,Personal Auto,Two-Door Car,599
JA44693,Oregon,F,College,7223,0,68,0,Personal Auto,Four-Door Car,350
FI61059,Oregon,M,College,4311,0,67,1,Personal Auto,Four-Door Car,482
ZF81243,Nevada,F,Bachelor,4376,63774,111,0,Personal Auto,Four-Door Car,60
XD19934,Oregon,M,High School or Below,10507,61650,88,0,Personal Auto,Four-Door Car,117
TA77711,Oregon,M,College,8667,31354,109,0,Personal Auto,SUV,528
PS92059,California,F,Doctor,5939,44190,74,0,Corporate Auto,Four-Door Car,11
TT19625,Nevada,F,Bachelor,15277,38183,191,0,Personal Auto,Luxury,981
EV95033,Oregon,M,Master,2551,79751,63,0,Special Auto,Two-Door Car,392
CS30775,California,M,High School or Below,4191,0,64,1,Personal Auto,Two-Door Car,536
CI51999,Arizona,M,College,8161,12266,114,1,Personal Auto,SUV,732
HK96298,California,M,Master,2785,61807,70,0,Personal Auto,Four-Door Car,104
UO59377,Arizona,F,High School or Below,10083,11828,90,0,Personal Auto,Four-Door Car,571
OU99581,California,M,Bachelor,19364,49945,70,0,Personal Auto,Four-Door Car,50
SN63066,Nevada,F,Bachelor,7154,28204,182,0,Personal Auto,Luxury,532
DK92504,Arizona,M,High School or Below,8779,54726,219,0,Corporate Auto,Luxury,1051
DW72437,Oregon,F,Master,2731,43386,68,0,Personal Auto,Two-Door Car,315
GE49670,Arizona,M,High School or Below,7429,0,101,0,Personal Auto,Four-Door Car,550
TK38409,Nevada,M,College,2617,72302,66,0,Personal Auto,Two-Door Car,317
OD89873,Arizona,M,Bachelor,8045,71391,67,0,Corporate Auto,Four-Door Car,284
KW41658,Arizona,M,Bachelor,2534,21606,71,3,Personal Auto,Four-Door Car,341
UZ35113,California,F,Bachelor,10014,74489,124,0,Special Auto,SUV,129
HO81102,Washington,M,High School or Below,4745,50549,61,0,Personal Auto,Four-Door Car,293
SM42781,Arizona,F,Bachelor,14041,0,195,1,Personal Auto,Luxury,669
TB40283,California,F,Bachelor,14635,0,139,0,Corporate Auto,SUV,667
CR76145,California,M,College,3885,0,105,0,Personal Auto,Four-Door Car,504
TK45392,California,F,Bachelor,5107,35625,65,1,Personal Auto,Four-Door Car,289
JN78502,Washington,F,High School or Below,9385,25370,116,0,Special Auto,SUV,557
KZ60207,Arizona,M,College,5008,51523,62,0,Personal Auto,Four-Door Car,298
BR50492,Arizona,M,Bachelor,49424,85058,137,0,Personal Auto,SUV,595
ES21306,California,M,Bachelor,8559,0,125,0,Personal Auto,SUV,616
AT29024,California,F,High School or Below,4893,27005,61,0,Corporate Auto,Four-Door Car,312
NP23146,Arizona,F,College,5366,62808,66,0,Special Auto,Two-Door Car,212
SY48471,California,F,High School or Below,5164,88692,64,0,Personal Auto,Four-Door Car,253
GJ47397,Oregon,M,High School or Below,38055,0,115,0,Special Auto,SUV,552
CE69971,Oregon,F,Master,7403,19064,98,1,Personal Auto,Four-Door Car,136
GM54859,Oregon,M,High School or Below,6052,0,88,0,Personal Auto,Two-Door Car,634
WY27579,Oregon,M,Bachelor,7229,60345,93,0,Personal Auto,Two-Door Car,36
ZT87452,Oregon,F,Bachelor,3301,59592,84,0,Personal Auto,Four-Door Car,161
JM35350,California,F,College,5505,15648,73,1,Special Auto,Two-Door Car,413
PT40521,California,F,Bachelor,4334,23904,123,3,Corporate Auto,SUV,590
TN71469,Oregon,F,College,4349,90893,110,0,Personal Auto,SUV,700
GE26813,Arizona,M,High School or Below,4882,0,66,0,Personal Auto,Four-Door Car,475
LU37653,Oregon,F,College,10115,74001,84,0,Corporate Auto,Four-Door Car,224
QW40254,Oregon,M,College,5260,28447,67,0,Personal Auto,Four-Door Car,322
MH76107,California,M,College,4014,56586,100,0,Personal Auto,Luxury,122
ZH28728,Oregon,M,Bachelor,6285,0,172,0,Personal Auto,SUV,826
SF29524,Oregon,M,Doctor,4519,19186,62,0,Personal Auto,Four-Door Car,298
WT21922,Arizona,F,High School or Below,17738,65348,110,0,Corporate Auto,Luxury,134
WZ56476,California,F,Doctor,6265,0,84,1,Personal Auto,Four-Door Car,481
PP62909,Oregon,F,Master,12169,0,109,0,Special Auto,Luxury,31
XY57950,California,M,College,3618,0,99,0,Special Auto,Four-Door Car,475
RA97108,Oregon,F,High School or Below,6475,0,91,0,Personal Auto,Four-Door Car,437
LT57545,California,F,College,5575,18892,73,0,Personal Auto,Four-Door Car,107
MM97107,Oregon,M,High School or Below,32145,19066,103,0,Personal Auto,Two-Door Car,494
PO26937,Oregon,M,Bachelor,8223,95102,101,0,Corporate Auto,Four-Door Car,94
GJ99406,Arizona,F,College,7463,70263,93,0,Corporate Auto,Two-Door Car,7
LU86185,California,F,Master,9031,0,122,0,Corporate Auto,Luxury,651
RO82935,Nevada,F,High School or Below,7029,18120,63,4,Personal Auto,Two-Door Car,302
SC47383,Nevada,F,Bachelor,7407,38169,62,0,Corporate Auto,Four-Door Car,72
LV27997,Oregon,M,College,7582,64801,64,0,Personal Auto,Four-Door Car,268
RJ32720,Arizona,F,College,10719,86036,90,3,Personal Auto,Four-Door Car,501
KR90607,Washington,F,College,3721,0,101,0,Personal Auto,SUV,862
PZ95949,Arizona,M,Doctor,3528,31278,92,4,Personal Auto,Two-Door Car,442
GI25850,Arizona,F,High School or Below,17085,20053,62,1,Personal Auto,Four-Door Car,10
QH60569,California,F,College,11955,71587,99,0,Personal Auto,Two-Door Car,133
II27516,California,M,High School or Below,6366,44368,80,0,Personal Auto,Two-Door Car,384
QI21338,Oregon,F,High School or Below,4669,76157,116,0,Personal Auto,Two-Door Car,557
HG83893,Nevada,F,High School or Below,9101,59183,113,0,Personal Auto,SUV,542
RN66346,California,M,Master,14663,91015,73,1,Personal Auto,Two-Door Car,119
RS53995,California,M,College,7530,52774,66,4,Corporate Auto,Two-Door Car,78
TD90177,Oregon,M,College,2648,37876,69,0,Personal Auto,Four-Door Car,300
FP11025,California,F,Bachelor,8072,57938,101,0,Special Auto,SUV,282
SA62385,Oregon,F,High School or Below,7645,26526,99,0,Personal Auto,Four-Door Car,524
NL68893,California,M,Bachelor,2485,76608,62,0,Personal Auto,Four-Door Car,91
LA31975,Arizona,M,College,13144,0,194,0,Personal Auto,Luxury,931
RM31359,Oregon,F,High School or Below,3129,48056,78,0,Corporate Auto,Four-Door Car,374
WM19996,California,M,Bachelor,8350,45428,109,1,Corporate Auto,SUV,487
SU32452,Arizona,F,Bachelor,3242,89196,81,0,Personal Auto,Four-Door Car,41
MZ79386,California,F,Bachelor,6925,88893,86,0,Personal Auto,Four-Door Car,73
OY15095,Oregon,M,Bachelor,5099,0,97,4,Personal Auto,Two-Door Car,609
UV99893,Arizona,F,Bachelor,2885,92722,72,1,Corporate Auto,Two-Door Car,28
LD48189,Nevada,F,High School or Below,5980,57693,76,0,Personal Auto,Four-Door Car,547
EK13316,Arizona,F,Bachelor,5416,53249,67,0,Personal Auto,Four-Door Car,343
FE82005,Oregon,F,Bachelor,2345,26304,63,0,Personal Auto,Four-Door Car,302
BL44708,California,F,High School or Below,12557,0,70,0,Personal Auto,Two-Door Car,504
PQ65328,Oregon,M,High School or Below,2839,71460,74,5,Personal Auto,Four-Door Car,94
AA56476,Arizona,F,High School or Below,5595,74454,71,0,Corporate Auto,Four-Door Car,341
BL66157,California,F,Bachelor,3980,96413,99,0,Personal Auto,Four-Door Car,560
SN26999,Oregon,F,High School or Below,10926,98542,90,0,Personal Auto,Two-Door Car,432
TS81548,Oregon,F,Master,5670,43416,70,0,Personal Auto,Four-Door Car,336
DY34902,Oregon,F,High School or Below,5168,81182,64,0,Corporate Auto,Four-Door Car,307
SX75100,Arizona,M,Bachelor,2760,79065,69,0,Corporate Auto,Four-Door Car,291
LZ98529,Arizona,M,High School or Below,10383,11721,102,2,Personal Auto,SUV,561
FM10372,California,F,College,3816,82414,95,0,Personal Auto,Four-Door Car,30
QX54666,California,M,High School or Below,11172,14533,63,0,Personal Auto,Four-Door Car,302
FR48094,Arizona,M,High School or Below,2457,0,73,0,Personal Auto,Four-Door Car,526
FH61723,California,F,Bachelor,7481,52513,65,3,Personal Auto,Two-Door Car,91
QY83498,Oregon,F,College,2660,0,87,3,Personal Auto,Four-Door Car,420
GC81619,Oregon,F,Master,4627,79487,114,0,Personal Auto,SUV,547
BD84823,Oregon,M,High School or Below,12157,57449,103,0,Personal Auto,Four-Door Car,494
EU78163,California,F,College,4793,20181,66,2,Personal Auto,Four-Door Car,317
FD34314,Arizona,M,Bachelor,2821,73339,71,0,Corporate Auto,Four-Door Car,244
HS74723,Arizona,F,College,17442,80969,217,0,Personal Auto,Luxury,1042
LX27768,Oregon,F,Bachelor,4203,74057,105,1,Personal Auto,SUV,632
YB91420,Oregon,F,Bachelor,7851,32225,66,0,Personal Auto,Four-Door Car,317
QA45054,Arizona,F,High School or Below,8932,60909,112,0,Personal Auto,SUV,412
CO53758,California,M,High School or Below,5060,70999,63,0,Corporate Auto,Four-Door Car,306
CW57656,Oregon,F,College,11196,75457,93,0,Personal Auto,Four-Door Car,152
MR22119,Oregon,M,High School or Below,4431,24059,112,0,Personal Auto,SUV,538
DI22093,California,M,College,10330,56480,87,0,Personal Auto,Four-Door Car,385
PQ35034,Oregon,F,College,9919,37586,63,0,Corporate Auto,Two-Door Car,153
XB30904,Arizona,M,High School or Below,5876,97026,73,0,Personal Auto,Two-Door Car,97
VF15321,Washington,M,College,2734,54010,69,0,Personal Auto,Four-Door Car,331
LX71137,Arizona,F,Bachelor,3694,87485,92,0,Personal Auto,Four-Door Car,442
SI35064,Washington,F,Bachelor,9522,74583,118,0,Personal Auto,SUV,161
SI26369,Oregon,M,College,4378,0,64,0,Personal Auto,Two-Door Car,461
LD69905,Arizona,M,High School or Below,6432,21238,95,4,Personal Auto,Four-Door Car,456
VY84895,Nevada,F,High School or Below,6723,0,93,0,Personal Auto,Four-Door Car,670
UA38043,California,F,High School or Below,2397,22283,65,0,Personal Auto,Four-Door Car,572
WM46083,Arizona,M,Master,2394,58237,63,3,Personal Auto,Two-Door Car,274
GQ57207,California,F,Bachelor,2359,19864,63,0,Personal Auto,Four-Door Car,352
CQ80529,Oregon,F,College,4081,57283,106,1,Personal Auto,SUV,338
LN99954,Washington,M,Master,27000,0,104,0,Personal Auto,Four-Door Car,623
UF36353,Oregon,M,College,10914,71656,137,0,Special Auto,SUV,62
IZ24763,Nevada,F,Bachelor,3446,0,94,0,Corporate Auto,Four-Door Car,591
TU27017,California,M,Bachelor,6625,41460,83,0,Personal Auto,Four-Door Car,398
WS46887,Washington,F,Bachelor,20067,85165,101,0,Personal Auto,Four-Door Car,384
GQ32356,Nevada,F,High School or Below,3872,0,111,0,Personal Auto,Four-Door Car,799
PZ81131,California,F,Bachelor,4171,36723,106,1,Personal Auto,SUV,580
ZW79814,California,M,High School or Below,6689,56980,84,0,Personal Auto,Two-Door Car,599
KV79964,Arizona,M,Doctor,9009,32260,113,0,Personal Auto,Four-Door Car,601
WE38399,California,M,Bachelor,4975,75644,65,3,Personal Auto,Two-Door Car,468
MI13678,Oregon,M,High School or Below,2506,92056,62,0,Personal Auto,Four-Door Car,89
VA63861,California,F,College,4968,28524,62,0,Personal Auto,Four-Door Car,298
EH70612,California,M,College,1918,0,61,2,Personal Auto,Two-Door Car,439
UO40726,Oregon,F,Bachelor,3146,28089,82,1,Personal Auto,Two-Door Car,412
ZY49833,California,F,Bachelor,5963,87020,74,0,Personal Auto,Four-Door Car,331
HZ47488,California,M,Doctor,2861,27907,74,1,Personal Auto,Four-Door Car,406
LP51258,Oregon,F,Bachelor,2857,91811,70,0,Personal Auto,Four-Door Car,334
VW65573,California,M,High School or Below,7630,0,111,0,Special Auto,SUV,799
LV82913,Oregon,M,College,5716,69451,72,0,Corporate Auto,Four-Door Car,230
OX53879,Arizona,M,Bachelor,5114,92427,64,2,Personal Auto,Four-Door Car,126
QV76563,Arizona,F,Doctor,5070,0,69,0,Personal Auto,Four-Door Car,331
CP27565,Oregon,M,Bachelor,12037,44428,104,0,Special Auto,SUV,499
LL56632,Oregon,F,High School or Below,8680,55842,109,0,Personal Auto,SUV,703
ZG88784,Oregon,M,College,4911,52796,62,0,Corporate Auto,Four-Door Car,298
FO78512,California,M,Master,17430,41775,109,0,Personal Auto,Luxury,105
TX13297,California,F,Bachelor,2396,0,66,2,Corporate Auto,Four-Door Car,433
RS20615,California,F,High School or Below,5672,34974,71,0,Special Auto,Four-Door Car,315
HP77890,Washington,F,College,14413,56457,73,0,Personal Auto,Four-Door Car,138
GE45663,Arizona,F,Bachelor,5218,39854,66,0,Personal Auto,Two-Door Car,262
UW90223,California,F,Bachelor,2363,27839,65,5,Personal Auto,Two-Door Car,312
LC58452,California,M,High School or Below,4656,88240,117,0,Personal Auto,SUV,562
WO25669,Oregon,F,High School or Below,35692,0,102,0,Personal Auto,SUV,1123
NG59515,California,M,College,10249,52693,129,0,Personal Auto,SUV,619
AQ52711,Oregon,F,Bachelor,6898,65337,173,1,Personal Auto,SUV,830
AU23837,Oregon,F,Bachelor,5010,64014,63,0,Corporate Auto,Four-Door Car,296
NG62780,Oregon,F,High School or Below,4250,0,61,1,Personal Auto,Four-Door Car,293
WW16329,Oregon,F,College,10209,35482,129,0,Corporate Auto,SUV,619
YN46118,Arizona,F,High School or Below,4962,20951,65,0,Personal Auto,Four-Door Car,312
CW77053,Oregon,F,High School or Below,4477,0,62,0,Personal Auto,Four-Door Car,298
LX15904,Washington,F,High School or Below,2755,39393,70,1,Special Auto,Four-Door Car,406
IN26765,Oregon,M,College,8272,62912,69,0,Personal Auto,Two-Door Car,168
WR55560,California,M,High School or Below,5927,33561,152,0,Corporate Auto,Luxury,235
JQ70222,Washington,F,High School or Below,8548,53055,112,2,Personal Auto,SUV,538
LU49168,Arizona,M,High School or Below,21284,0,63,0,Personal Auto,Two-Door Car,302
EN97874,Oregon,F,High School or Below,6447,55037,80,1,Corporate Auto,Four-Door Car,482
IP76282,Oregon,F,High School or Below,4484,0,65,0,Personal Auto,Four-Door Car,463
NM18924,Oregon,F,High School or Below,30287,27587,103,1,Corporate Auto,Luxury,241
NZ98813,California,F,High School or Below,13840,29658,119,0,Personal Auto,SUV,571
XJ65608,California,F,College,5392,63633,68,1,Corporate Auto,Two-Door Car,374
HI71466,California,M,College,3847,23459,96,0,Personal Auto,Four-Door Car,185
RO70057,Nevada,M,High School or Below,6369,34498,83,0,Personal Auto,Two-Door Car,398
LT77960,Arizona,F,College,5317,28559,66,0,Corporate Auto,Four-Door Car,427
FO13691,Oregon,M,Doctor,5124,73740,64,0,Personal Auto,Two-Door Car,229
IP87756,Washington,M,High School or Below,4152,0,125,0,Personal Auto,SUV,900
YG37894,California,F,College,2595,25925,72,3,Corporate Auto,Two-Door Car,661
SR24177,Nevada,M,Bachelor,5763,31725,76,0,Personal Auto,Two-Door Car,177
BS91742,Washington,M,College,18371,49659,234,0,Personal Auto,Luxury,1685
UJ38473,California,M,Bachelor,21923,81197,109,0,Personal Auto,Luxury,95
BP54465,Arizona,F,Master,10547,43922,88,0,Personal Auto,Four-Door Car,109
YY12812,Nevada,F,Bachelor,8389,87123,69,0,Corporate Auto,Four-Door Car,118
HW61722,Oregon,F,Bachelor,7189,0,66,0,Personal Auto,Four-Door Car,279
CE17855,Oregon,F,Master,3239,68745,80,0,Personal Auto,Four-Door Car,474
ZX50209,California,F,College,10961,29815,95,0,Personal Auto,Four-Door Car,76
CZ84042,Oregon,F,High School or Below,2661,53333,66,0,Personal Auto,Two-Door Car,23
SQ54906,Oregon,F,College,2004,0,66,4,Personal Auto,Four-Door Car,317
QE21030,Washington,M,High School or Below,15484,24661,196,0,Personal Auto,Luxury,1961
WP60679,Oregon,M,Bachelor,8941,95351,111,0,Personal Auto,Luxury,406
BZ47770,Washington,F,Bachelor,5084,62088,64,2,Corporate Auto,Two-Door Car,73
TS76653,Nevada,F,Master,9031,0,122,0,Personal Auto,Luxury,651
IJ28717,Oregon,M,College,32098,31503,105,3,Personal Auto,SUV,504
XL78013,Oregon,M,College,22332,49078,97,0,Corporate Auto,Four-Door Car,484
KN90631,Nevada,F,High School or Below,8560,28120,112,0,Personal Auto,SUV,538
KU59569,California,F,College,7715,0,106,0,Personal Auto,Luxury,763
IE71278,California,M,Bachelor,2937,44369,77,3,Personal Auto,Four-Door Car,362
VY76337,Washington,M,High School or Below,5112,15131,67,0,Personal Auto,Four-Door Car,322
YC77374,California,F,Bachelor,5120,26890,65,0,Personal Auto,Two-Door Car,312
FX78218,California,M,Doctor,2495,45855,62,1,Personal Auto,Four-Door Car,1
ZK11389,Oregon,M,Bachelor,23595,76358,66,0,Corporate Auto,Four-Door Car,86
MO82744,California,F,Bachelor,5656,45586,72,0,Personal Auto,Four-Door Car,203
GG20671,Nevada,M,College,15673,43267,78,0,Special Auto,Four-Door Car,453
YC53575,Oregon,M,High School or Below,8509,0,82,0,Personal Auto,Four-Door Car,590
ES82658,Oregon,M,Master,6418,46648,81,0,Personal Auto,Four-Door Car,124
SU44811,Oregon,F,High School or Below,3056,42406,77,0,Corporate Auto,Four-Door Car,109
AZ43057,California,M,Master,5746,50798,72,0,Personal Auto,Four-Door Car,65
XU56756,Oregon,M,Bachelor,23595,76358,66,0,Personal Auto,Four-Door Car,86
TM24806,Oregon,M,College,6006,13528,86,0,Personal Auto,Four-Door Car,413
ZH18791,Oregon,M,Bachelor,5029,0,67,0,Personal Auto,Four-Door Car,81
CE10235,California,F,Bachelor,3410,85023,85,0,Personal Auto,Four-Door Car,408
IQ96928,Oregon,F,High School or Below,4348,0,62,0,Corporate Auto,Four-Door Car,676
BM55732,Nevada,F,High School or Below,8337,74460,69,0,Corporate Auto,Two-Door Car,331
PC76141,Nevada,M,Bachelor,2347,22932,62,0,Personal Auto,Four-Door Car,298
RV98208,Arizona,F,College,4991,54189,62,0,Personal Auto,Two-Door Car,29
LJ21457,California,M,College,2880,42247,74,0,Personal Auto,Two-Door Car,355
MV86976,California,M,High School or Below,3482,0,96,0,Personal Auto,Four-Door Car,726
HS13676,California,M,High School or Below,8216,0,117,0,Personal Auto,Four-Door Car,983
OX35378,Oregon,M,Bachelor,3155,36706,80,0,Personal Auto,Four-Door Car,488
VL95438,Arizona,M,College,5292,67899,66,1,Corporate Auto,Four-Door Car,317
YU32377,Oregon,F,College,6554,0,61,0,Corporate Auto,Two-Door Car,366
QW88350,Washington,F,College,7618,41900,63,0,Corporate Auto,Four-Door Car,170
TM61357,Nevada,M,Bachelor,24611,72786,76,0,Personal Auto,Four-Door Car,364
CP99334,Oregon,F,College,3143,60108,78,0,Personal Auto,Four-Door Car,507
AO20938,Arizona,F,High School or Below,32021,31433,100,0,Personal Auto,SUV,635
OY32548,Washington,F,College,5097,27940,65,1,Personal Auto,Two-Door Car,28
XE36531,California,F,High School or Below,4890,51246,122,0,Personal Auto,SUV,818
SZ86381,Oregon,M,Bachelor,5113,56587,65,1,Personal Auto,Four-Door Car,312
YY29772,Arizona,F,High School or Below,2725,45025,69,1,Personal Auto,Four-Door Car,452
FG69718,California,F,High School or Below,9781,0,132,0,Corporate Auto,SUV,950
MI81870,Arizona,F,Bachelor,15043,22799,190,0,Corporate Auto,SUV,912
QH27767,Oregon,M,Doctor,5308,82601,66,0,Personal Auto,Four-Door Car,186
IV54766,Oregon,F,Master,19161,22705,239,0,Personal Auto,Luxury,1295
AD33653,Oregon,M,High School or Below,3325,0,92,0,Personal Auto,Two-Door Car,442
HU54636,California,F,College,3792,41212,95,0,Personal Auto,Four-Door Car,405
CD45044,Arizona,F,High School or Below,7600,0,70,0,Personal Auto,Four-Door Car,504
CB61335,California,F,High School or Below,6950,21687,88,0,Personal Auto,Four-Door Car,603
DL53457,California,F,College,4605,22571,63,0,Personal Auto,Four-Door Car,302
YG68142,Oregon,F,High School or Below,5864,72032,72,0,Personal Auto,Four-Door Car,438
UI24036,Washington,F,Bachelor,15374,42570,128,0,Personal Auto,SUV,587
LD63324,Arizona,M,College,3231,62873,81,0,Corporate Auto,Four-Door Car,208
LB29621,Oregon,F,Bachelor,9295,21370,77,0,Corporate Auto,Four-Door Car,105
XB43625,Arizona,F,Bachelor,2505,66081,64,1,Personal Auto,Four-Door Car,42
FI65786,Oregon,F,Master,7082,93854,87,0,Corporate Auto,Two-Door Car,418
ZC61874,Arizona,F,Doctor,9560,19429,122,0,Special Auto,SUV,683
QA66968,California,F,Bachelor,6756,46879,86,2,Personal Auto,Four-Door Car,325
YQ98322,Oregon,M,Bachelor,5291,36791,68,0,Personal Auto,Four-Door Car,326
EN27946,California,M,High School or Below,8391,40211,106,2,Personal Auto,Two-Door Car,711
GT18396,Arizona,M,College,21151,48642,77,0,Personal Auto,Four-Door Car,92
KL43280,California,M,College,9264,69063,115,0,Personal Auto,Two-Door Car,552
DB93245,Arizona,F,Doctor,2854,87455,71,0,Corporate Auto,Four-Door Car,329
SN53710,Washington,M,High School or Below,6245,80101,79,0,Personal Auto,Four-Door Car,443
IB82793,California,M,High School or Below,2129,0,61,1,Corporate Auto,Four-Door Car,293
CT74097,Nevada,M,College,14790,51817,129,4,Personal Auto,SUV,713
HE20556,Arizona,F,Bachelor,5324,31561,68,0,Personal Auto,Four-Door Car,326
RQ41621,Arizona,F,Doctor,2863,64640,73,2,Personal Auto,Four-Door Car,328
TB88830,California,F,Master,8615,64220,107,0,Personal Auto,SUV,49
LV94312,Oregon,M,College,4932,33580,62,0,Corporate Auto,Four-Door Car,315
PT45842,Arizona,M,College,4642,0,64,0,Personal Auto,Two-Door Car,770
CV49750,Arizona,M,Bachelor,21424,0,65,0,Personal Auto,Two-Door Car,312
RB63074,Oregon,M,High School or Below,4858,0,67,0,Personal Auto,Four-Door Car,482
XX73066,Arizona,M,Master,5261,43318,66,0,Personal Auto,Four-Door Car,49
VN22337,California,F,College,3274,83869,81,0,Personal Auto,Four-Door Car,348
BA19651,California,M,High School or Below,6134,43875,78,0,Corporate Auto,Four-Door Car,289
UX18122,Washington,F,Bachelor,3691,59016,92,0,Corporate Auto,Four-Door Car,442
HY46017,California,F,College,2777,70793,69,0,Personal Auto,Four-Door Car,63
ZI95657,California,M,Doctor,10972,24164,137,0,Personal Auto,Luxury,658
MK93363,Washington,F,Master,4178,29133,104,0,Personal Auto,Luxury,499
UM26324,Washington,M,High School or Below,5839,81082,73,0,Corporate Auto,Four-Door Car,281
ZN18884,California,M,Bachelor,6462,0,65,0,Corporate Auto,Four-Door Car,312
PN18863,California,M,College,5110,21277,66,0,Corporate Auto,Four-Door Car,317
BK76340,California,M,High School or Below,8279,16924,226,0,Personal Auto,Luxury,1085
QZ83992,California,M,College,8682,10540,115,0,Corporate Auto,SUV,552
WE23159,Oregon,M,High School or Below,9416,0,133,0,Special Auto,Luxury,1362
GA86186,Oregon,M,College,3231,62873,81,0,Special Auto,Four-Door Car,208
ZM24497,California,M,High School or Below,17019,98623,211,0,Personal Auto,Luxury,1013
EY97047,Oregon,M,College,2648,37876,69,0,Corporate Auto,Four-Door Car,300
NW14895,Arizona,M,Bachelor,12883,77469,109,1,Personal Auto,SUV,757
KS42294,California,F,College,20930,30535,66,0,Personal Auto,Four-Door Car,94
DQ50258,California,M,College,4814,0,67,0,Personal Auto,Four-Door Car,482
XK10881,Oregon,M,Bachelor,4837,39310,61,0,Personal Auto,Four-Door Car,93
LC20778,Nevada,F,Master,18745,27229,99,0,Personal Auto,Four-Door Car,475
LH87004,Washington,M,College,17368,41418,112,0,Personal Auto,SUV,538
SZ17657,Oregon,F,College,9013,67840,112,0,Personal Auto,SUV,83
RI44399,California,F,Bachelor,5872,0,80,0,Corporate Auto,Four-Door Car,871
RF73080,Oregon,M,College,5927,23091,96,5,Personal Auto,Four-Door Car,461
QA69109,Arizona,F,Master,5454,69468,67,0,Personal Auto,Four-Door Car,303
FK85203,California,M,High School or Below,9107,74143,114,0,Personal Auto,SUV,547
ET44462,Arizona,M,High School or Below,5013,65165,126,1,Personal Auto,SUV,605
SK27185,California,F,College,6672,50537,165,0,Personal Auto,SUV,60
JW87443,Oregon,F,College,6521,72608,82,3,Personal Auto,Four-Door Car,394
OM37610,Nevada,F,High School or Below,13024,26312,110,1,Personal Auto,Four-Door Car,566
TJ58873,Oregon,M,High School or Below,2749,56900,68,0,Personal Auto,Four-Door Car,304
WE97690,Oregon,F,Bachelor,2804,60707,70,0,Corporate Auto,Four-Door Car,327
HH99354,Oregon,M,Bachelor,7231,67276,61,0,Personal Auto,Two-Door Car,182
UN90060,Oregon,F,High School or Below,8329,30865,104,0,Personal Auto,SUV,21
BR76202,California,F,Master,4627,79487,114,0,Personal Auto,SUV,547
MO48960,California,F,Doctor,6265,0,84,1,Personal Auto,Four-Door Car,481
QG50480,Oregon,M,College,4504,0,62,0,Personal Auto,Two-Door Car,136
RE73564,Oregon,F,Bachelor,11533,41098,96,0,Personal Auto,Two-Door Car,250
EN32990,Arizona,F,College,5350,89158,67,0,Personal Auto,Four-Door Car,272
OO97388,Oregon,F,Master,2856,99612,70,0,Personal Auto,Two-Door Car,336
JN66901,Nevada,M,High School or Below,6602,0,194,0,Corporate Auto,Luxury,2307
UI64573,Oregon,F,High School or Below,3470,94885,86,3,Personal Auto,Four-Door Car,171
HJ64867,Arizona,F,College,5895,78352,74,0,Personal Auto,Two-Door Car,152
MT35297,Oregon,F,High School or Below,5066,43460,63,0,Personal Auto,Four-Door Car,302
VB69838,Oregon,F,High School or Below,41788,46587,119,2,Personal Auto,Four-Door Car,571
JR34589,Nevada,F,High School or Below,4882,21236,123,0,Personal Auto,SUV,131
EI85578,California,F,Bachelor,3838,0,106,0,Personal Auto,SUV,117
DH85144,Oregon,M,College,2154,0,65,0,Personal Auto,Four-Door Car,312
HC31007,California,M,High School or Below,5049,0,68,0,Personal Auto,Four-Door Car,457
MT58123,California,M,College,13870,28432,118,0,Corporate Auto,SUV,612
GQ78238,Oregon,M,High School or Below,5213,65167,131,0,Personal Auto,SUV,629
UO44449,Washington,F,College,4911,33700,62,0,Corporate Auto,Four-Door Car,274
VK98618,Arizona,F,College,7752,0,105,0,Personal Auto,SUV,756
BG30513,California,F,College,25465,13663,97,0,Personal Auto,Four-Door Car,466
KD20203,Oregon,M,College,9473,0,131,0,Corporate Auto,SUV,629
HR26088,Arizona,F,College,5927,0,84,2,Personal Auto,Four-Door Car,403
XD72019,Oregon,F,Bachelor,8470,0,82,0,Personal Auto,Four-Door Car,479
XD82117,Arizona,F,College,8676,65933,108,0,Personal Auto,SUV,380
CT47738,Oregon,F,College,18206,0,128,0,Corporate Auto,Luxury,614
NY30370,Washington,M,High School or Below,2618,28663,66,0,Corporate Auto,Two-Door Car,431
EH69733,Arizona,M,Bachelor,3350,78092,84,0,Corporate Auto,Four-Door Car,344
QV89210,Nevada,F,High School or Below,5980,57693,76,0,Corporate Auto,Four-Door Car,547
QK90365,Oregon,F,Master,16302,19614,85,0,Personal Auto,Two-Door Car,574
UR67446,California,F,High School or Below,7883,23235,99,0,Personal Auto,Four-Door Car,588
FJ76376,California,M,Bachelor,7749,79528,64,0,Personal Auto,Two-Door Car,175
ZI85739,California,F,Master,15860,0,136,0,Personal Auto,SUV,46
AM72411,Oregon,M,High School or Below,2280,23253,61,0,Personal Auto,Two-Door Car,293
IC77855,California,M,College,15273,40571,100,2,Personal Auto,SUV,362
ZM70632,California,F,Bachelor,5499,60668,138,0,Personal Auto,SUV,554
JM59803,California,M,Doctor,5743,61776,73,3,Personal Auto,Two-Door Car,343
KG84303,California,M,Master,3943,38820,99,0,Personal Auto,Four-Door Car,548
OJ37666,California,F,Bachelor,2504,47285,63,0,Personal Auto,Four-Door Car,302
VV49688,Oregon,M,High School or Below,4559,0,62,0,Corporate Auto,Four-Door Car,446
KH55886,Oregon,M,Bachelor,67907,78310,192,1,Personal Auto,Luxury,152
QZ70160,Nevada,F,College,2397,26222,62,0,Personal Auto,Four-Door Car,298
FU51754,Arizona,M,High School or Below,5569,0,79,1,Personal Auto,Two-Door Car,407
KY48450,Oregon,F,College,7335,83926,181,0,Personal Auto,Luxury,124
ZG18090,California,M,Master,7150,24124,91,0,Corporate Auto,Four-Door Car,437
UI99151,Nevada,M,High School or Below,12024,28879,106,0,Personal Auto,Luxury,763
VB59276,Oregon,M,Bachelor,4019,0,112,0,Corporate Auto,SUV,544
CJ64468,Oregon,F,College,4771,12964,65,0,Personal Auto,Two-Door Car,363
GM61951,Nevada,F,High School or Below,29297,0,115,0,Personal Auto,SUV,1251
BO15959,Washington,F,College,27930,88105,86,0,Personal Auto,Four-Door Car,413
ZK50586,Oregon,F,College,2900,66524,74,4,Personal Auto,Two-Door Car,239
DM22923,Oregon,M,Bachelor,2331,27398,68,1,Personal Auto,Four-Door Car,326
DQ58142,Arizona,M,High School or Below,8562,37759,108,0,Corporate Auto,SUV,518
YW47108,California,M,College,11281,45743,96,0,Personal Auto,Four-Door Car,674
DS62172,Oregon,F,Bachelor,2764,54183,70,0,Personal Auto,Four-Door Car,336
VL58402,Washington,M,College,2581,46900,66,0,Personal Auto,Four-Door Car,317
YV82597,Nevada,F,Doctor,10856,59803,90,0,Corporate Auto,Two-Door Car,23
FN33339,Oregon,F,High School or Below,4151,53787,104,0,Corporate Auto,Four-Door Car,666
UZ97486,California,M,Bachelor,16980,35095,73,0,Corporate Auto,Two-Door Car,526
LL92275,California,F,College,5029,0,67,0,Personal Auto,Four-Door Car,216
FB95288,California,M,High School or Below,64619,0,217,1,Personal Auto,Luxury,1562
NB30472,Arizona,F,College,41103,30845,116,1,Personal Auto,Four-Door Car,557
RX66745,Washington,M,Bachelor,22659,23665,67,0,Corporate Auto,Four-Door Car,405
II97469,California,M,High School or Below,7013,92107,88,0,Personal Auto,Four-Door Car,16
VF17463,Oregon,M,College,8659,62464,109,0,Personal Auto,Luxury,400
GW77328,Oregon,M,Doctor,5214,69991,65,0,Personal Auto,Four-Door Car,5
CF44171,California,F,Bachelor,4334,23904,123,3,Personal Auto,SUV,590
ZN65873,California,F,High School or Below,3732,0,96,0,Corporate Auto,Four-Door Car,461
EO75698,Oregon,F,Bachelor,22243,83894,110,0,Personal Auto,Four-Door Car,82
GB94407,California,M,College,12281,88340,102,0,Corporate Auto,Two-Door Car,490
KM63956,California,M,Master,13024,0,125,0,Corporate Auto,SUV,900
LM79795,Oregon,M,High School or Below,7489,39602,64,0,Personal Auto,Two-Door Car,307
XT35473,Arizona,M,Bachelor,2301,25905,63,0,Personal Auto,Four-Door Car,302
LO90163,Nevada,F,Bachelor,30081,24626,108,0,Personal Auto,SUV,226
LU65596,California,F,College,3745,59732,94,0,Corporate Auto,Four-Door Car,136
SV94314,Arizona,M,Bachelor,13247,36898,169,1,Personal Auto,SUV,811
RW86245,Arizona,M,High School or Below,5008,92864,123,0,Personal Auto,SUV,96
JG41490,Arizona,F,Bachelor,2396,0,66,2,Corporate Auto,Four-Door Car,433
FO63400,California,F,College,5147,93752,64,0,Corporate Auto,Four-Door Car,155
FE84109,Washington,M,Bachelor,6540,21156,89,0,Personal Auto,Two-Door Car,112
KG21285,Arizona,M,College,7160,67206,90,0,Personal Auto,Four-Door Car,76
TQ33359,California,M,High School or Below,6087,85654,76,0,Personal Auto,Four-Door Car,46
ZG59671,Oregon,M,College,9773,59325,83,0,Personal Auto,Four-Door Car,82
AY19539,California,M,College,6006,13528,86,0,Personal Auto,Four-Door Car,413
KU23440,Oregon,F,Master,6812,0,63,1,Personal Auto,Four-Door Car,302
IJ83011,California,M,College,16350,0,165,1,Corporate Auto,SUV,1452
KE35335,Washington,F,College,3580,75333,90,1,Personal Auto,Four-Door Car,289
FE90301,Nevada,F,Bachelor,5821,61108,72,0,Personal Auto,Four-Door Car,24
CK35310,Nevada,F,High School or Below,2840,27083,73,1,Personal Auto,Four-Door Car,526
XU97999,California,M,High School or Below,10097,68997,63,0,Personal Auto,Four-Door Car,207
RF73329,California,F,High School or Below,2674,33451,67,0,Personal Auto,Four-Door Car,337
WO12850,Nevada,F,Bachelor,4515,21500,115,0,Corporate Auto,Four-Door Car,39
AB26022,Oregon,M,High School or Below,7998,26487,112,0,Corporate Auto,SUV,602
HL91178,California,M,High School or Below,2810,74713,70,0,Personal Auto,Four-Door Car,336
HS77089,Washington,M,Bachelor,4749,0,70,0,Personal Auto,Four-Door Car,504
WK18603,California,M,Doctor,5273,85607,66,0,Personal Auto,Four-Door Car,68
XS44101,California,F,Bachelor,6712,44891,83,0,Personal Auto,Four-Door Car,75
RE93978,Washington,M,College,8189,89061,103,0,Personal Auto,SUV,565
WX19595,Arizona,M,High School or Below,14430,0,198,0,Personal Auto,Luxury,962
EA55071,Arizona,F,Bachelor,4376,63774,111,0,Personal Auto,Four-Door Car,60
HH45183,Oregon,M,High School or Below,3714,93308,92,0,Personal Auto,Four-Door Car,442
NL75739,Arizona,M,High School or Below,7590,10375,66,0,Personal Auto,Two-Door Car,317
XE96798,Oregon,M,Master,2796,85950,69,0,Personal Auto,Four-Door Car,48
UU12600,Nevada,F,Bachelor,8641,33402,109,0,Personal Auto,SUV,71
NL39999,Washington,M,High School or Below,2625,18129,71,0,Personal Auto,Two-Door Car,341
ZN45349,Oregon,M,College,4815,0,66,0,Personal Auto,Two-Door Car,712
EV34073,California,F,College,4460,0,65,1,Corporate Auto,Four-Door Car,312
HM94328,Arizona,M,College,6047,20396,76,1,Corporate Auto,Four-Door Car,365
QX64770,Oregon,F,Master,8222,13376,108,0,Personal Auto,Four-Door Car,775
IN95983,California,F,College,6798,32517,94,3,Special Auto,Four-Door Car,451
AD89594,California,M,College,12817,28651,67,0,Personal Auto,Four-Door Car,302
SQ37580,Arizona,F,Bachelor,5220,64964,66,0,Personal Auto,Four-Door Car,287
IN64985,Nevada,F,College,6140,34112,77,0,Personal Auto,Four-Door Car,370
UL96474,Arizona,F,College,3757,0,108,3,Personal Auto,SUV,718
IG89777,California,M,High School or Below,7357,81145,92,0,Corporate Auto,Two-Door Car,321
YJ14330,California,F,Master,32725,39894,134,0,Corporate Auto,SUV,411
NK20941,California,M,High School or Below,7057,52447,90,0,Personal Auto,Four-Door Car,62
XQ28930,California,M,College,11005,0,69,2,Personal Auto,Four-Door Car,497
LY73893,California,M,College,5564,35398,71,0,Personal Auto,Four-Door Car,341
II20035,Oregon,F,High School or Below,7451,26239,65,0,Personal Auto,Four-Door Car,312
OH69760,Arizona,F,College,5181,0,70,0,Personal Auto,Four-Door Car,336
WN45973,Washington,M,Master,12584,83013,103,0,Corporate Auto,SUV,155
UT21323,California,M,College,13057,0,190,0,Personal Auto,Luxury,1833
GM46746,Arizona,F,High School or Below,17777,86205,223,0,Personal Auto,Luxury,1070
GZ64473,Nevada,M,College,2757,50414,69,0,Personal Auto,Four-Door Car,331
FE93959,California,M,Doctor,7535,37496,65,0,Corporate Auto,Two-Door Car,312
YC33550,Oregon,F,High School or Below,2827,24224,71,0,Corporate Auto,Two-Door Car,511
MT91532,California,M,Bachelor,7327,62338,92,0,Corporate Auto,Four-Door Car,4
XE65072,Oregon,M,College,6633,63483,83,0,Personal Auto,Four-Door Car,85
AT72574,Arizona,M,High School or Below,2486,0,70,0,Personal Auto,Two-Door Car,504
FP10040,Oregon,M,High School or Below,8598,38113,73,0,Personal Auto,Four-Door Car,204
AQ51159,Arizona,F,High School or Below,8587,38676,72,0,Personal Auto,Four-Door Car,146
HB21182,Arizona,F,Master,2418,20200,65,3,Personal Auto,Two-Door Car,312
SM17747,Arizona,M,College,2694,29038,69,0,Personal Auto,Four-Door Car,56
YA87855,Arizona,M,Master,7179,23179,91,0,Corporate Auto,Two-Door Car,437
MR52230,Oregon,M,Doctor,10629,56598,88,0,Personal Auto,Four-Door Car,93
FR54989,Arizona,M,College,2711,0,76,0,Corporate Auto,Two-Door Car,547
RW82766,Oregon,F,Bachelor,7724,46988,195,0,Corporate Auto,Luxury,295
IX60941,Oregon,M,College,3509,20978,98,1,Personal Auto,Four-Door Car,1176
GQ26671,California,F,High School or Below,2241,0,63,0,Personal Auto,Two-Door Car,454
UH89141,Oregon,F,High School or Below,33280,59130,117,0,Corporate Auto,Luxury,437
WO30947,Washington,M,Bachelor,5348,31572,70,3,Personal Auto,Four-Door Car,292
ZN86559,California,F,Bachelor,5251,0,72,0,Personal Auto,Four-Door Car,346
NZ73268,California,M,Bachelor,4687,32646,119,0,Corporate Auto,Four-Door Car,465
YD80815,Arizona,F,Bachelor,7148,51791,181,1,Personal Auto,Luxury,423
BE54454,Washington,M,High School or Below,5029,70828,62,0,Personal Auto,Four-Door Car,298
JB76199,Oregon,F,College,2415,40903,61,0,Corporate Auto,Four-Door Car,410
PN68458,California,F,High School or Below,7546,0,106,1,Corporate Auto,SUV,631
IM55696,California,F,High School or Below,5264,24031,66,0,Personal Auto,Four-Door Car,317
UD99395,Oregon,M,High School or Below,4474,84927,112,0,Personal Auto,SUV,538
PA90653,Oregon,F,Bachelor,21579,0,72,0,Corporate Auto,Two-Door Car,511
WE64939,California,F,College,2903,23893,73,0,Personal Auto,Four-Door Car,186
KC67652,Arizona,M,Doctor,10876,71255,138,0,Personal Auto,Luxury,139
FQ33633,Nevada,F,College,4413,37697,112,0,Personal Auto,SUV,38
QS23134,Arizona,M,College,12504,33746,106,0,Personal Auto,Two-Door Car,509
EZ70589,Washington,F,College,7463,70263,93,0,Personal Auto,Two-Door Car,7
KT91115,Oregon,M,Bachelor,4691,43367,118,0,Personal Auto,Four-Door Car,1027
RS66246,California,F,High School or Below,2943,0,81,0,Personal Auto,Two-Door Car,389
YX72707,Oregon,F,Doctor,5003,0,66,1,Personal Auto,Four-Door Car,445
LJ79533,Nevada,F,High School or Below,13467,11432,119,0,Special Auto,SUV,571
JQ95021,California,M,College,3386,67249,86,0,Special Auto,Four-Door Car,34
ET88948,California,F,Bachelor,5503,76839,68,0,Personal Auto,Four-Door Car,326
GW43195,Oregon,F,College,25807,71210,214,1,Personal Auto,Luxury,1027
MQ54182,California,F,Bachelor,4739,49447,119,2,Personal Auto,Four-Door Car,762
WM39308,Nevada,F,High School or Below,15778,98713,65,0,Personal Auto,Two-Door Car,290
DK20428,Oregon,M,Bachelor,2620,26094,67,0,Personal Auto,Two-Door Car,2
IZ67803,California,M,Master,15446,26990,65,1,Personal Auto,Four-Door Car,298
VW65351,Washington,F,College,3356,46644,84,0,Personal Auto,Four-Door Car,151
SY36127,California,F,Master,2874,33462,72,0,Personal Auto,Four-Door Car,112
LA20890,Oregon,F,Bachelor,2847,66880,71,0,Personal Auto,Four-Door Car,341
EP48362,Arizona,M,Bachelor,23814,88680,66,0,Personal Auto,Four-Door Car,202
BI46495,Oregon,M,High School or Below,5313,0,79,0,Corporate Auto,Two-Door Car,569
ON91363,Washington,M,College,3730,75132,93,2,Personal Auto,Four-Door Car,446
TG95261,California,F,Master,9031,0,122,0,Personal Auto,Luxury,651
EE59791,California,F,High School or Below,5931,56617,74,0,Personal Auto,Four-Door Car,355
IV84135,California,F,College,9429,75638,83,4,Personal Auto,Four-Door Car,109
TE11374,California,F,Bachelor,7613,24982,109,4,Personal Auto,SUV,523
GH12466,Washington,F,High School or Below,3313,40348,83,0,Personal Auto,Four-Door Car,26
PC43437,Arizona,F,College,7317,24083,63,1,Personal Auto,Four-Door Car,340
PW98890,Oregon,F,Bachelor,2666,81538,66,0,Personal Auto,Four-Door Car,273
BQ94892,Oregon,M,College,3231,62873,81,0,Personal Auto,Four-Door Car,208
LA33814,Oregon,M,High School or Below,17367,66245,145,0,Personal Auto,SUV,182
WM87004,Oregon,M,Bachelor,10596,0,102,0,Personal Auto,SUV,734
OL28902,California,M,College,5999,26303,165,0,Personal Auto,SUV,957
VW88885,California,F,Bachelor,17006,58620,71,0,Corporate Auto,Four-Door Car,341
OQ51004,California,M,Bachelor,3954,18375,103,0,Personal Auto,Luxury,535
GJ88864,Nevada,F,College,3589,30944,92,0,Personal Auto,Four-Door Car,348
AF69537,Arizona,M,College,7330,59630,185,0,Personal Auto,SUV,888
TX11163,Nevada,F,Bachelor,7381,53957,184,0,Corporate Auto,Luxury,62
FG43850,Oregon,M,High School or Below,7473,44385,97,0,Corporate Auto,Four-Door Car,466
WY37677,Oregon,M,High School or Below,8500,0,119,0,Personal Auto,Luxury,857
WY80801,California,F,High School or Below,19358,25561,163,0,Corporate Auto,SUV,983
GZ90429,California,M,High School or Below,5846,85956,145,0,Corporate Auto,SUV,510
SX89429,Arizona,F,High School or Below,2232,0,61,1,Personal Auto,Four-Door Car,311
FW35631,Oregon,M,Bachelor,4865,37406,122,1,Corporate Auto,SUV,1135
HM20848,California,F,High School or Below,4594,39053,114,0,Personal Auto,Luxury,547
FO49408,Oregon,M,High School or Below,3044,24475,84,3,Personal Auto,Four-Door Car,605
LL95376,Washington,M,Bachelor,2760,92296,69,0,Personal Auto,Two-Door Car,331
UK49045,Oregon,M,High School or Below,11064,29484,93,0,Personal Auto,Two-Door Car,446
JA24437,California,M,College,7556,0,114,0,Personal Auto,Four-Door Car,821
TU77462,Oregon,M,College,7470,48088,94,0,Personal Auto,Two-Door Car,135
DA26490,California,M,Bachelor,4920,21366,63,0,Personal Auto,Two-Door Car,302
JC37131,Arizona,M,High School or Below,12299,17101,113,0,Special Auto,SUV,542
YZ77792,Washington,F,High School or Below,4630,0,64,0,Personal Auto,Four-Door Car,461
AH53588,California,M,College,4637,26802,66,1,Personal Auto,Two-Door Car,317
QV89018,Arizona,M,High School or Below,20468,89025,64,0,Personal Auto,Four-Door Car,179
SY95534,California,M,Bachelor,3793,0,104,0,Personal Auto,SUV,749
YT37186,California,F,Bachelor,17526,52228,220,1,Personal Auto,Luxury,1056
DY81347,California,F,High School or Below,4715,0,126,0,Personal Auto,SUV,694
VH45074,California,M,College,2289,0,63,0,Personal Auto,Four-Door Car,344
BF45697,California,M,College,5670,83086,71,3,Personal Auto,Four-Door Car,320
RY27018,Washington,M,High School or Below,7229,53214,91,0,Personal Auto,Four-Door Car,437
YJ16163,Oregon,F,Bachelor,11009,51643,283,0,Special Auto,Luxury,1358
QM61543,Arizona,M,High School or Below,5640,73168,70,0,Corporate Auto,Four-Door Car,426
IU83998,Washington,F,Bachelor,11196,0,298,0,Personal Auto,Luxury,2146
NE29938,California,F,College,12840,0,90,0,Personal Auto,Two-Door Car,648
VQ57815,Oregon,M,Doctor,8828,61246,110,0,Personal Auto,Luxury,159
FF93355,Washington,M,High School or Below,13269,32762,112,0,Corporate Auto,Four-Door Car,327
MG12206,California,M,College,3729,0,69,5,Personal Auto,Two-Door Car,497
NE55975,Nevada,F,High School or Below,4983,0,133,0,Personal Auto,Luxury,958
BX70848,Washington,M,College,13728,0,126,0,Personal Auto,SUV,605
NJ88229,California,F,College,8344,64127,71,0,Personal Auto,Four-Door Car,73
QW31435,Oregon,M,High School or Below,7192,0,67,0,Personal Auto,Two-Door Car,309
DJ22229,Washington,F,Bachelor,13759,16794,96,0,Personal Auto,Four-Door Car,461
MB12747,Nevada,M,Bachelor,9789,31930,83,0,Personal Auto,Four-Door Car,38
XQ50187,Oregon,M,Master,3360,74918,85,0,Special Auto,Two-Door Car,314
WU62992,Oregon,M,Bachelor,4888,70742,124,1,Personal Auto,SUV,212
CE11667,Oregon,M,College,7582,64801,64,0,Corporate Auto,Four-Door Car,268
BP53979,California,F,Bachelor,2516,48829,64,1,Personal Auto,Four-Door Car,300
DM59806,California,F,Doctor,3571,73853,89,0,Personal Auto,Four-Door Car,427
LJ88616,Arizona,M,High School or Below,9869,0,99,0,Personal Auto,Four-Door Car,713
TC82133,Oregon,M,Bachelor,5376,66844,70,4,Personal Auto,Four-Door Car,105
NW65065,California,F,High School or Below,4255,11904,61,2,Corporate Auto,Two-Door Car,293
LS17120,California,M,Bachelor,3061,56869,83,3,Personal Auto,Four-Door Car,269
ZN96843,Arizona,M,Bachelor,2415,0,67,0,Personal Auto,Two-Door Car,482
HZ98935,Washington,F,Bachelor,4527,0,68,1,Personal Auto,Four-Door Car,326
WG51330,Arizona,M,College,5635,59325,71,0,Corporate Auto,Four-Door Car,230
DS58268,Arizona,F,High School or Below,8255,0,115,0,Corporate Auto,Luxury,552
SN27401,Washington,M,High School or Below,7320,0,112,1,Personal Auto,Two-Door Car,806
AI74959,California,M,High School or Below,3934,25927,103,0,Personal Auto,SUV,675
RC16862,Arizona,M,College,2433,0,71,0,Corporate Auto,Four-Door Car,493
YP19985,California,M,Bachelor,5707,83073,71,0,Corporate Auto,Two-Door Car,10
SY29553,Oregon,F,High School or Below,2585,0,73,2,Personal Auto,Four-Door Car,350
EM78211,Oregon,F,College,2660,0,87,3,Special Auto,Four-Door Car,420
JL70559,Arizona,F,College,5311,0,72,1,Personal Auto,Four-Door Car,346
IS95117,Arizona,F,College,5875,35301,74,0,Personal Auto,Four-Door Car,129
YU66872,California,F,College,8580,21829,111,0,Personal Auto,Luxury,533
WK62379,Washington,F,Bachelor,8904,15142,116,0,Personal Auto,Two-Door Car,793
WR85740,Arizona,F,Doctor,8150,0,71,0,Corporate Auto,Two-Door Car,341
YY58769,Arizona,M,Bachelor,2570,58498,67,3,Personal Auto,Four-Door Car,322
YK83904,Nevada,F,High School or Below,2586,64592,64,0,Personal Auto,Four-Door Car,307
IE36279,California,M,Bachelor,2845,80306,71,0,Corporate Auto,Two-Door Car,341
FT61724,California,F,Bachelor,4634,29105,117,0,Personal Auto,Luxury,273
YV63603,Arizona,F,Bachelor,6679,47137,84,0,Personal Auto,Four-Door Car,162
PT52001,Nevada,F,College,2223,0,62,0,Corporate Auto,Two-Door Car,446
FM83188,Washington,F,Doctor,8523,0,109,0,Corporate Auto,SUV,724
RN96985,Oregon,F,High School or Below,25082,0,100,0,Personal Auto,SUV,1001
OA59724,Washington,F,College,3479,66711,86,0,Corporate Auto,Two-Door Car,366
LY83340,Oregon,F,High School or Below,7852,48943,65,0,Corporate Auto,Two-Door Car,105
AX99820,Arizona,F,Bachelor,2510,0,71,0,Personal Auto,Four-Door Car,511
MH13358,Oregon,F,High School or Below,2854,34807,73,0,Personal Auto,Two-Door Car,472
UQ51981,Oregon,F,High School or Below,8880,52583,113,0,Personal Auto,SUV,528
JQ60102,California,M,Master,8393,0,111,0,Corporate Auto,Luxury,617
CB52667,Washington,F,High School or Below,5279,92589,65,0,Personal Auto,Four-Door Car,312
YP29527,Oregon,M,College,8272,96689,103,0,Personal Auto,Luxury,38
GW89349,Nevada,M,High School or Below,7662,0,73,0,Corporate Auto,Four-Door Car,526
ZD72991,California,M,Doctor,4900,76594,122,1,Personal Auto,SUV,832
CS51928,Arizona,M,Bachelor,4509,83777,112,0,Personal Auto,Luxury,377
IJ18945,Washington,F,College,3094,20954,78,0,Special Auto,Four-Door Car,535
EF21564,Nevada,M,Master,4383,84491,110,0,Personal Auto,SUV,156
AY35539,Oregon,F,Bachelor,2531,89451,63,0,Personal Auto,Four-Door Car,62
XJ96507,Arizona,F,High School or Below,8292,85132,106,5,Personal Auto,SUV,501
ZG95780,Arizona,M,College,8164,11193,114,0,Personal Auto,SUV,821
GI55977,Oregon,F,High School or Below,2337,28806,61,0,Personal Auto,Four-Door Car,293
BV63942,Washington,M,High School or Below,9002,76184,111,0,Corporate Auto,Two-Door Car,533
PF81183,California,M,College,5389,66429,136,0,Corporate Auto,Luxury,58
HV16877,California,F,High School or Below,2722,43278,68,0,Personal Auto,Four-Door Car,326
XO92596,California,M,College,6006,13528,86,0,Personal Auto,Four-Door Car,413
IQ73438,California,M,Bachelor,5556,74015,72,0,Personal Auto,Four-Door Car,471
FY74419,Nevada,F,Bachelor,5470,54507,138,0,Personal Auto,SUV,703
JQ30166,Oregon,F,Master,15611,0,119,5,Personal Auto,Four-Door Car,439
WC22220,Arizona,M,College,2617,72302,66,0,Corporate Auto,Two-Door Car,317
OT66924,Oregon,F,Bachelor,4682,14606,72,5,Personal Auto,Four-Door Car,440
UC21019,Arizona,M,Master,4890,0,68,0,Personal Auto,Four-Door Car,689
YW88487,Arizona,F,College,7457,43406,187,0,Personal Auto,Luxury,898
CA45756,Arizona,F,Master,22186,60426,62,0,Corporate Auto,Two-Door Car,133
JY42899,California,M,Bachelor,5305,26334,71,0,Personal Auto,Two-Door Car,341
KM72781,Washington,F,College,9471,22514,80,0,Personal Auto,Four-Door Car,203
DV62119,Arizona,F,Doctor,3548,76114,88,0,Personal Auto,Four-Door Car,422
DO12179,Oregon,M,Bachelor,2452,48791,62,3,Personal Auto,Two-Door Car,70
ER20865,California,M,Bachelor,8653,65605,111,2,Corporate Auto,Two-Door Car,378
YQ95507,Oregon,F,High School or Below,2535,69259,63,0,Personal Auto,Four-Door Car,363
VW65691,Oregon,F,High School or Below,4314,0,64,1,Personal Auto,Four-Door Car,461
LL55780,Oregon,F,High School or Below,6731,0,62,0,Corporate Auto,Four-Door Car,446
WK29536,Oregon,F,Bachelor,7780,90969,65,0,Personal Auto,Four-Door Car,191
UX87980,Nevada,M,College,2805,50180,77,3,Personal Auto,Four-Door Car,360
TJ68521,Washington,M,Master,5252,41991,67,0,Personal Auto,Four-Door Car,88
RJ57593,Arizona,M,Bachelor,8045,71391,67,0,Personal Auto,Four-Door Car,284
YI83073,California,F,High School or Below,4250,0,61,1,Personal Auto,Four-Door Car,293
QQ18636,Arizona,F,College,13892,70725,70,0,Corporate Auto,Four-Door Car,336
JV23769,Oregon,F,Master,2725,36650,69,1,Personal Auto,Four-Door Car,57
PA19547,Washington,M,High School or Below,4780,54194,119,1,Personal Auto,SUV,112
IH91478,Oregon,F,Bachelor,4809,23554,61,0,Personal Auto,Two-Door Car,142
OR78439,Arizona,M,College,8659,62464,109,0,Corporate Auto,Luxury,400
CW15758,Oregon,F,College,9216,71888,115,0,Personal Auto,SUV,552
RY26286,California,M,College,5068,80846,65,0,Corporate Auto,Four-Door Car,227
YP71513,Oregon,M,College,4880,0,67,0,Personal Auto,Four-Door Car,322
CJ51511,Arizona,F,High School or Below,13467,11432,119,0,Corporate Auto,SUV,571
GQ11852,Oregon,F,College,13306,39017,170,2,Personal Auto,SUV,593
TC29250,California,M,Bachelor,7350,0,108,0,Personal Auto,Luxury,778
HX63408,Arizona,M,Bachelor,4822,73769,61,0,Corporate Auto,Four-Door Car,122
LJ15849,Arizona,F,Master,3555,58557,88,0,Personal Auto,Four-Door Car,56
NC40609,Nevada,M,College,3136,0,91,0,Corporate Auto,Four-Door Car,707
JZ23377,Oregon,F,College,57521,48367,161,0,Personal Auto,SUV,773
TB17648,Arizona,M,College,2515,39718,65,2,Personal Auto,Four-Door Car,367
OP68330,Oregon,F,College,7247,0,96,1,Personal Auto,Four-Door Car,461
GO53814,Oregon,F,High School or Below,4879,43358,61,0,Corporate Auto,Two-Door Car,400
VW11431,California,F,Bachelor,2972,83873,76,1,Personal Auto,Two-Door Car,218
FG96614,California,F,Doctor,11303,22361,95,0,Personal Auto,Four-Door Car,531
KQ98040,California,F,Bachelor,7997,70061,99,0,Corporate Auto,Four-Door Car,700
DP23630,California,M,High School or Below,7412,0,73,0,Personal Auto,Four-Door Car,526
No31089,Arizona,F,Bachelor,3179,65742,79,0,Personal Auto,Four-Door Car,277
TU15769,Washington,M,Bachelor,22659,23665,67,0,Personal Auto,Four-Door Car,405
DA20791,California,M,College,3775,66457,95,0,Personal Auto,Four-Door Car,456
AE89300,Arizona,F,Bachelor,8225,82634,104,0,Personal Auto,SUV,324
UE13511,Oregon,F,High School or Below,2564,0,69,0,Corporate Auto,Four-Door Car,331
MS46793,Oregon,M,College,2394,0,70,0,Personal Auto,Four-Door Car,425
ME22430,Nevada,M,Bachelor,2454,29735,69,0,Personal Auto,Four-Door Car,331
JZ28710,California,M,College,5144,61417,65,0,Personal Auto,Two-Door Car,206
HP80279,Oregon,F,High School or Below,7379,0,105,0,Personal Auto,SUV,756
EH22538,California,M,High School or Below,2574,43846,65,1,Personal Auto,Four-Door Car,126
JP87331,Arizona,M,High School or Below,22315,0,67,0,Personal Auto,Four-Door Car,482
VA89684,Nevada,F,College,2430,33775,61,0,Personal Auto,Two-Door Car,293
XS68865,Oregon,M,College,6161,96988,77,0,Personal Auto,Two-Door Car,370
IZ13533,Arizona,M,Bachelor,7912,0,114,0,Personal Auto,Two-Door Car,821
JB47784,Oregon,F,Doctor,5535,81945,68,0,Personal Auto,Four-Door Car,47
LT79371,Arizona,F,Bachelor,2383,0,65,0,Personal Auto,Four-Door Car,27
DE78840,Nevada,F,Bachelor,6991,19019,186,0,Personal Auto,Luxury,1003
PU25554,Oregon,F,Bachelor,2885,62579,72,0,Personal Auto,Four-Door Car,326
ZI47098,California,F,High School or Below,41788,46587,119,2,Personal Auto,Four-Door Car,571
CN53343,Arizona,F,Bachelor,2849,0,81,0,Personal Auto,Four-Door Car,583
IN18876,Arizona,F,Bachelor,8123,0,78,0,Special Auto,Four-Door Car,562
FV38119,Washington,M,High School or Below,9661,0,135,0,Corporate Auto,SUV,648
YD89516,California,M,High School or Below,4488,0,66,0,Corporate Auto,Four-Door Car,758
BN89470,California,M,College,4561,29327,118,0,Special Auto,Four-Door Car,628
VZ64716,Oregon,M,Master,11546,81081,96,1,Corporate Auto,Four-Door Car,206
FU17577,Oregon,F,High School or Below,3789,0,106,0,Personal Auto,SUV,763
QY37300,Nevada,M,Master,13503,57222,112,1,Personal Auto,Luxury,297
UI84849,Arizona,M,College,8564,91147,107,0,Personal Auto,Luxury,50
MN81810,California,F,High School or Below,2913,76638,73,1,Personal Auto,Four-Door Car,435
XN42396,California,M,Bachelor,7541,29697,64,0,Personal Auto,Four-Door Car,147
VZ13840,Arizona,M,High School or Below,6951,0,61,0,Corporate Auto,Four-Door Car,301
NI27358,Arizona,F,College,7255,67352,181,1,Personal Auto,Luxury,561
LO39834,Oregon,F,Bachelor,4334,23904,123,3,Personal Auto,SUV,590
WX18073,Arizona,M,Bachelor,6307,0,88,2,Personal Auto,Four-Door Car,422
PG27422,California,F,Bachelor,5905,89953,74,0,Corporate Auto,Four-Door Car,274
AX56708,California,M,High School or Below,4794,20862,68,0,Personal Auto,Four-Door Car,326
JI80257,Nevada,F,College,9180,47663,114,0,Personal Auto,Luxury,104
EK95340,Washington,M,Master,8356,49564,105,0,Corporate Auto,Four-Door Car,662
FS67856,California,M,College,13870,28432,118,0,Personal Auto,SUV,612
JX27737,California,M,College,13452,32356,117,2,Personal Auto,Two-Door Car,428
SY81273,Oregon,M,High School or Below,16799,55269,71,0,Personal Auto,Two-Door Car,341
FZ16327,California,F,College,8273,0,116,0,Personal Auto,Four-Door Car,510
XC26395,Oregon,M,High School or Below,7409,76771,95,1,Personal Auto,Two-Door Car,92
HA72996,Nevada,F,College,4349,75648,108,0,Corporate Auto,SUV,113
WP51328,Oregon,M,Doctor,4745,20698,68,5,Personal Auto,Two-Door Car,248
CP47989,Oregon,F,High School or Below,17208,29734,63,0,Corporate Auto,Two-Door Car,650
JO75190,Nevada,M,Bachelor,8674,43963,110,0,Corporate Auto,SUV,528
AP47670,California,M,High School or Below,2498,29465,63,0,Personal Auto,Four-Door Car,302
BT61680,Arizona,F,High School or Below,32070,24851,103,0,Personal Auto,SUV,604
KX23022,Arizona,M,Bachelor,3312,0,107,2,Corporate Auto,SUV,770
KB20508,California,M,College,10828,11033,97,0,Special Auto,Two-Door Car,511
HU89665,Oregon,F,College,12128,20495,61,0,Personal Auto,Four-Door Car,293
HD12841,California,F,Master,5506,95766,68,0,Personal Auto,Four-Door Car,163
AR63478,California,M,College,6715,0,65,0,Corporate Auto,Four-Door Car,655
UP90711,Oregon,F,Bachelor,2837,61029,72,0,Personal Auto,Two-Door Car,114
EK58626,Oregon,M,Bachelor,3562,0,105,0,Personal Auto,SUV,504
CA14631,California,M,High School or Below,6552,56188,86,3,Special Auto,Four-Door Car,176
AU98438,Arizona,F,Bachelor,2834,94812,70,0,Personal Auto,Four-Door Car,121
RD96782,California,F,Bachelor,5100,0,70,1,Personal Auto,Two-Door Car,336
SY66568,Oregon,F,College,9416,55338,116,0,Corporate Auto,Two-Door Car,557
WE52979,California,F,High School or Below,3645,82477,90,0,Personal Auto,Two-Door Car,432
PL56477,Oregon,F,College,2928,20852,73,0,Personal Auto,Two-Door Car,384
XK20264,Washington,F,High School or Below,9228,0,82,0,Personal Auto,Two-Door Car,297
DV57698,Oregon,F,Doctor,3148,0,83,0,Personal Auto,Two-Door Car,544
RD53171,Arizona,F,College,3063,0,95,2,Personal Auto,Two-Door Car,456
PK23339,Arizona,F,High School or Below,3418,72460,85,0,Personal Auto,Four-Door Car,370
GA74551,Oregon,M,Bachelor,23595,76358,66,0,Personal Auto,Four-Door Car,86
BS26376,California,M,High School or Below,7519,96306,95,1,Corporate Auto,Four-Door Car,185
WW74234,Arizona,F,College,3969,49544,101,0,Personal Auto,SUV,1
UA26783,Oregon,M,High School or Below,4874,0,68,0,Personal Auto,Two-Door Car,609
DV38369,California,M,Bachelor,7262,0,101,0,Corporate Auto,SUV,727
ZM42260,Arizona,M,College,8006,63357,101,0,Personal Auto,SUV,566
EB34435,Arizona,M,High School or Below,2996,0,82,0,Corporate Auto,Four-Door Car,590
QY41527,Arizona,M,Bachelor,4176,23060,109,3,Corporate Auto,SUV,731
WG61503,Arizona,M,Master,8492,27781,71,0,Corporate Auto,Four-Door Car,341
TY59969,Arizona,M,College,2402,43246,62,0,Personal Auto,Four-Door Car,52
DO20853,Oregon,F,High School or Below,4775,14254,124,0,Corporate Auto,SUV,595
CD14267,Nevada,M,College,4235,60334,106,0,Corporate Auto,Four-Door Car,111
WL40338,California,F,Bachelor,5107,35625,65,1,Personal Auto,Four-Door Car,289
GV75215,Oregon,F,Bachelor,13168,54684,111,3,Corporate Auto,Luxury,302
CN91738,Oregon,M,Bachelor,2520,56228,65,0,Personal Auto,Two-Door Car,277
UR36951,Oregon,M,Bachelor,5189,82166,134,3,Personal Auto,SUV,643
JU87932,Oregon,F,Bachelor,2893,30406,73,0,Personal Auto,Four-Door Car,350
IR50609,Arizona,M,Bachelor,3986,75007,101,0,Personal Auto,Four-Door Car,669
VI18029,Washington,M,Bachelor,2415,79271,62,4,Personal Auto,Four-Door Car,233
CC46747,Arizona,F,High School or Below,18688,0,76,0,Personal Auto,Four-Door Car,365
ZK58906,California,M,Bachelor,16590,59414,140,0,Personal Auto,SUV,65
SQ70457,Oregon,M,Bachelor,23332,44719,66,0,Personal Auto,Four-Door Car,317
ZA37110,Nevada,F,Bachelor,4699,0,129,2,Personal Auto,SUV,292
HH23204,California,F,Doctor,2396,21986,63,0,Personal Auto,Two-Door Car,334
IE29890,Oregon,F,High School or Below,8861,58480,113,1,Personal Auto,SUV,542
VO25412,Washington,F,Master,8937,37520,74,0,Special Auto,Two-Door Car,164
ME37051,California,M,Bachelor,7340,50165,62,0,Personal Auto,Two-Door Car,130
DL17162,Arizona,M,College,26454,42961,83,0,Personal Auto,Four-Door Car,398
DD27563,Oregon,M,High School or Below,6342,86687,80,0,Personal Auto,Four-Door Car,274
IA27050,Oregon,F,High School or Below,6561,0,93,0,Personal Auto,Four-Door Car,42
UQ63751,Arizona,F,Bachelor,6688,23772,83,0,Personal Auto,Four-Door Car,101
MV26494,California,M,College,3681,0,98,0,Personal Auto,Four-Door Car,355
EN89709,Arizona,F,Doctor,2556,18241,65,0,Personal Auto,Two-Door Car,152
QN68814,Oregon,M,Bachelor,2374,0,65,0,Corporate Auto,Two-Door Car,312
NE70831,California,F,High School or Below,2733,86650,69,2,Personal Auto,Two-Door Car,324
FV72595,Arizona,M,Bachelor,4704,0,137,0,Personal Auto,SUV,1554
VZ81004,Oregon,F,Master,19260,35973,159,0,Personal Auto,Luxury,763
VM89271,Arizona,M,High School or Below,3845,26262,97,0,Personal Auto,Four-Door Car,466
CL97519,California,M,College,4683,25187,121,0,Personal Auto,SUV,581
RN71166,Oregon,F,High School or Below,5174,88081,64,0,Personal Auto,Four-Door Car,82
PJ86059,Oregon,F,High School or Below,2656,83460,66,0,Corporate Auto,Four-Door Car,443
BP34620,California,F,Bachelor,5615,19949,74,1,Corporate Auto,Four-Door Car,355
HI58196,Oregon,M,College,3161,0,92,0,Personal Auto,Two-Door Car,897
OZ58610,Arizona,M,High School or Below,7576,0,109,0,Personal Auto,SUV,785
WC34456,California,F,Bachelor,3985,77739,98,0,Personal Auto,Four-Door Car,429
FC15606,Oregon,F,College,9706,23649,122,0,Personal Auto,SUV,536
UM99946,Arizona,M,College,7737,68980,98,0,Personal Auto,Four-Door Car,464
JG94795,Oregon,F,Master,4179,60010,103,0,Special Auto,Four-Door Car,494
GD93408,California,F,Bachelor,5759,30968,74,1,Corporate Auto,Two-Door Car,45
QO12561,California,M,High School or Below,4165,0,116,0,Personal Auto,Four-Door Car,557
VI12822,Washington,F,High School or Below,2633,99841,65,0,Personal Auto,Four-Door Car,312
CT84535,California,M,College,3885,0,105,0,Personal Auto,Four-Door Car,504
NT36519,California,M,College,8162,32967,105,1,Personal Auto,SUV,504
WT86597,Oregon,M,Master,13024,0,125,0,Personal Auto,SUV,900
ZJ27465,California,F,College,14137,31794,119,0,Personal Auto,SUV,571
QF75939,Washington,F,High School or Below,3701,36710,94,0,Personal Auto,Four-Door Car,677
MC73302,Oregon,F,Bachelor,5511,36267,69,0,Personal Auto,Four-Door Car,263
WE21182,Oregon,M,High School or Below,5169,12430,73,0,Personal Auto,Four-Door Car,350
TD90906,Oregon,F,High School or Below,6044,93715,74,0,Personal Auto,Four-Door Car,533
WB66665,Nevada,F,College,4349,75648,108,0,Corporate Auto,SUV,113
ZP26168,Washington,F,College,9688,24584,66,0,Corporate Auto,Four-Door Car,280
ZG56744,California,M,Bachelor,5528,36088,72,0,Personal Auto,Four-Door Car,346
BO81145,Arizona,M,Bachelor,7895,21723,104,0,Personal Auto,SUV,749
BQ28323,Oregon,F,High School or Below,5936,63833,73,0,Personal Auto,Four-Door Car,199
WD38315,California,M,College,4520,0,61,0,Personal Auto,Four-Door Car,304
IS73434,Arizona,F,Bachelor,3219,45892,81,0,Corporate Auto,Four-Door Car,389
VO94890,Oregon,M,College,5936,90263,74,0,Personal Auto,Two-Door Car,355
ZH43085,Washington,M,High School or Below,2323,0,63,0,Corporate Auto,Four-Door Car,454
HQ10502,Oregon,M,Bachelor,11692,40548,98,0,Personal Auto,Four-Door Car,470
SP46702,Oregon,M,College,10175,0,99,0,Corporate Auto,Two-Door Car,831
JB60515,Washington,M,High School or Below,2514,50450,63,0,Personal Auto,Four-Door Car,302
TK49887,California,F,College,2898,0,85,0,Personal Auto,Two-Door Car,612
EG16813,Arizona,F,College,5515,75963,69,0,Corporate Auto,Two-Door Car,102
SI13406,Arizona,F,High School or Below,3470,32714,87,0,Personal Auto,Four-Door Car,513
WC11272,Oregon,F,Bachelor,6908,42790,87,0,Personal Auto,Two-Door Car,290
TU27563,Oregon,F,Bachelor,3647,20694,94,1,Personal Auto,Two-Door Car,451
IL72707,California,F,Bachelor,3265,25820,82,0,Personal Auto,Four-Door Car,394
DZ62350,California,M,High School or Below,2514,24744,65,0,Personal Auto,Four-Door Car,312
VV82891,Washington,F,Bachelor,4463,0,73,3,Personal Auto,Two-Door Car,350
UQ41461,Washington,F,Bachelor,4571,27538,63,4,Personal Auto,Four-Door Car,286
NI58226,Oregon,F,High School or Below,2753,81280,68,0,Personal Auto,Four-Door Car,308
VA78645,California,M,College,2189,0,67,1,Personal Auto,Four-Door Car,322
UY61301,Nevada,M,Bachelor,2710,0,73,0,Personal Auto,Four-Door Car,350
XC25965,Washington,F,Bachelor,14754,26486,128,1,Personal Auto,SUV,614
EB93628,Oregon,F,High School or Below,10759,0,97,0,Personal Auto,Two-Door Car,466
PK35830,Oregon,M,Bachelor,12357,0,182,0,Personal Auto,Luxury,1954
KY98596,Arizona,M,Bachelor,5033,68331,63,0,Personal Auto,Four-Door Car,302
CI19819,Arizona,M,High School or Below,2371,0,71,1,Personal Auto,Two-Door Car,511
TN82637,Nevada,M,College,11236,21636,64,5,Personal Auto,Two-Door Car,214
FA90739,Oregon,M,High School or Below,12477,0,121,0,Corporate Auto,SUV,871
FD62224,Oregon,F,College,14642,0,133,0,Personal Auto,SUV,1387
KE45653,California,F,Bachelor,4732,0,64,0,Personal Auto,Four-Door Car,307
FC10193,Washington,F,College,10620,35601,69,0,Personal Auto,Four-Door Car,250
DO48835,Oregon,M,High School or Below,13479,0,198,1,Corporate Auto,Luxury,1426
VK44934,California,M,College,8873,28558,119,4,Personal Auto,SUV,798
XB89264,Nevada,F,High School or Below,5261,60101,66,0,Corporate Auto,Two-Door Car,1
XL49151,Arizona,M,College,2792,22426,76,1,Corporate Auto,Four-Door Car,528
FG42635,Oregon,M,College,10019,30720,139,4,Personal Auto,SUV,778
FE12805,Oregon,F,Bachelor,7180,34161,186,3,Personal Auto,SUV,893
GT17701,Oregon,F,Bachelor,3012,42987,77,0,Personal Auto,Four-Door Car,128
CH76379,Oregon,M,Bachelor,4237,0,61,0,Personal Auto,Four-Door Car,293
QT77453,Arizona,F,High School or Below,5283,80928,132,0,Corporate Auto,SUV,539
BS90503,Washington,F,Bachelor,5395,86640,67,0,Personal Auto,Four-Door Car,65
MX93376,California,F,College,6914,26714,64,1,Personal Auto,Two-Door Car,307
KT54608,Arizona,M,Bachelor,2619,78618,66,0,Corporate Auto,Two-Door Car,226
CY18875,Oregon,F,High School or Below,8390,0,78,0,Personal Auto,Four-Door Car,732
YT74573,California,M,College,13728,0,126,0,Personal Auto,SUV,605
WL46640,Nevada,M,College,4482,62977,115,0,Corporate Auto,SUV,552
CY49953,Oregon,F,College,2828,0,79,0,Special Auto,Four-Door Car,569
FD72269,California,F,High School or Below,5585,19724,72,0,Personal Auto,Four-Door Car,346
RE29039,California,F,High School or Below,7569,27558,65,0,Personal Auto,Four-Door Car,312
TA35356,California,F,College,9664,86054,239,0,Personal Auto,Luxury,115
HS88081,California,F,High School or Below,6481,42846,81,0,Corporate Auto,Four-Door Car,286
SM52948,Nevada,F,Bachelor,8708,57107,110,3,Personal Auto,SUV,528
ZL30083,Oregon,M,High School or Below,9049,0,119,0,Personal Auto,Luxury,571
MP22051,Washington,M,College,2616,54314,66,0,Personal Auto,Four-Door Car,283
OF38237,California,F,Doctor,4879,29950,61,0,Personal Auto,Two-Door Car,293
KL27677,Nevada,F,College,10794,24195,90,0,Personal Auto,Two-Door Car,360
NX58648,Oregon,F,High School or Below,5528,0,73,0,Personal Auto,Four-Door Car,389
WP19664,Arizona,M,College,4606,47481,116,0,Personal Auto,SUV,557
LB83807,Oregon,M,Bachelor,8343,63354,106,0,Personal Auto,Two-Door Car,509
EL44544,Oregon,F,High School or Below,13009,57591,66,0,Corporate Auto,Four-Door Car,317
ST99840,Nevada,F,Bachelor,7486,0,71,0,Corporate Auto,Four-Door Car,341
ZS15062,Oregon,M,Master,9548,34919,82,1,Personal Auto,Four-Door Car,278
RJ68578,Oregon,M,High School or Below,8111,76879,101,0,Corporate Auto,Luxury,487
AE74442,California,F,Bachelor,7379,61584,61,0,Corporate Auto,Four-Door Car,205
TF80571,California,M,High School or Below,6613,28792,185,3,Corporate Auto,Luxury,1167
YH31618,Oregon,F,Bachelor,7452,0,105,0,Corporate Auto,Two-Door Car,504
HZ39407,Washington,M,Master,2687,26713,71,0,Personal Auto,Four-Door Car,143
GX38439,California,F,College,4470,0,129,0,Personal Auto,SUV,929
FF65294,Oregon,M,High School or Below,10348,34244,87,2,Personal Auto,Four-Door Car,418
GC40999,Oregon,M,College,11790,25251,66,0,Personal Auto,Four-Door Car,317
BA87048,Washington,M,Bachelor,4566,0,68,0,Personal Auto,Four-Door Car,326
DE23903,Oregon,F,Bachelor,5906,59848,73,1,Personal Auto,Two-Door Car,132
UP30859,Nevada,F,College,7492,39815,64,0,Special Auto,Four-Door Car,91
PY17715,California,F,Master,3427,58840,86,0,Corporate Auto,Two-Door Car,73
NU22358,Washington,F,Master,5182,97131,64,0,Special Auto,Four-Door Car,307
BR77413,Arizona,M,College,4686,58089,118,0,Personal Auto,SUV,566
FI17798,California,M,Doctor,2710,0,71,0,Personal Auto,Four-Door Car,341
KN32615,Arizona,F,College,4313,0,126,2,Personal Auto,SUV,657
EB86696,California,M,Bachelor,4755,21808,119,0,Special Auto,SUV,571
YB14965,Arizona,M,College,36516,89771,114,0,Personal Auto,SUV,432
ZD42550,Nevada,F,Master,7792,36776,65,0,Corporate Auto,Four-Door Car,240
FI61655,Arizona,M,Bachelor,2550,31213,65,0,Corporate Auto,Four-Door Car,312
PC30692,Oregon,M,Bachelor,7521,0,115,0,Personal Auto,SUV,987
EK71077,California,F,Bachelor,11510,0,61,0,Corporate Auto,Four-Door Car,439
ED91989,Arizona,M,College,7999,0,107,0,Personal Auto,SUV,514
JH58573,California,M,College,7927,32555,68,0,Personal Auto,Two-Door Car,87
YP75411,Arizona,M,College,21123,0,69,0,Personal Auto,Two-Door Car,497
FV33188,Washington,M,Bachelor,2454,29735,69,0,Personal Auto,Four-Door Car,331
ZQ94561,Washington,M,College,2982,80590,74,0,Corporate Auto,Four-Door Car,98
JZ16164,Oregon,F,Bachelor,5111,22565,132,0,Personal Auto,SUV,634
MU63232,Arizona,M,Master,5352,54817,137,0,Personal Auto,SUV,210
CG13512,Oregon,M,College,9016,0,62,0,Personal Auto,Two-Door Car,43
ZR86524,Oregon,F,College,5904,55393,74,1,Corporate Auto,Four-Door Car,2
UG38549,California,F,High School or Below,8853,0,83,0,Personal Auto,Four-Door Car,598
HJ37943,California,F,Bachelor,13333,75634,110,0,Personal Auto,Two-Door Car,433
QA72881,Oregon,M,College,8659,62464,109,0,Personal Auto,Luxury,400
BL54814,Arizona,M,College,4871,72648,61,0,Personal Auto,Four-Door Car,121
MG72449,Nevada,F,Bachelor,5279,77167,66,0,Personal Auto,Four-Door Car,137
VR66049,Washington,M,High School or Below,6689,56980,84,0,Corporate Auto,Two-Door Car,599
KC17606,California,F,College,5245,27444,66,0,Personal Auto,Four-Door Car,314
LB12820,Oregon,M,High School or Below,6689,57289,86,0,Corporate Auto,Two-Door Car,562
ZH30674,Oregon,M,Bachelor,8408,84091,105,0,Personal Auto,Four-Door Car,381
HX96638,Arizona,M,College,2053,0,67,2,Personal Auto,Four-Door Car,806
TT20057,Oregon,M,College,10593,59590,136,0,Personal Auto,SUV,460
AM26598,Arizona,F,College,2913,89672,72,0,Personal Auto,Four-Door Car,310
AY73718,California,F,Bachelor,5243,96535,66,0,Personal Auto,Four-Door Car,271
EL11108,Oregon,F,Doctor,14192,25575,117,0,Personal Auto,SUV,562
FA15811,Nevada,F,College,9426,38910,78,0,Personal Auto,Two-Door Car,20
BA51898,Arizona,M,Bachelor,4521,39426,114,0,Special Auto,SUV,413
PP30874,California,F,High School or Below,3579,28304,91,2,Personal Auto,Four-Door Car,655
MN74944,Arizona,M,College,6285,52210,80,0,Personal Auto,Four-Door Car,384
FK94501,Nevada,F,Bachelor,7844,0,102,0,Personal Auto,SUV,274
HZ84382,Oregon,M,Master,8284,94851,104,0,Personal Auto,Four-Door Car,191
FA89548,Arizona,M,Bachelor,2436,0,67,0,Personal Auto,Four-Door Car,399
GD29440,Washington,M,Bachelor,2539,18608,71,0,Personal Auto,Four-Door Car,341
DE21910,Oregon,F,College,7304,41025,92,0,Personal Auto,Four-Door Car,20
CH50584,Oregon,M,High School or Below,32475,71449,102,0,Personal Auto,SUV,734
JV97593,California,F,Bachelor,6674,92653,83,1,Personal Auto,Four-Door Car,457
ND68993,Nevada,F,Bachelor,33473,33190,106,0,Personal Auto,SUV,509
YT46746,Oregon,F,College,6460,24290,82,0,Personal Auto,Four-Door Car,394
RF94484,Oregon,F,College,4605,22571,63,0,Corporate Auto,Four-Door Car,302
No19664,California,F,High School or Below,5687,26409,71,0,Personal Auto,Four-Door Car,475
BA97018,Arizona,M,High School or Below,6608,21616,93,0,Personal Auto,Two-Door Car,945
HY16703,Oregon,M,College,7159,36463,92,0,Personal Auto,Four-Door Car,442
MA15172,California,F,Bachelor,10180,14290,271,0,Personal Auto,Luxury,1301
WO81184,California,M,Bachelor,5052,34645,69,3,Special Auto,Two-Door Car,220
FX39582,Washington,M,Bachelor,5201,67001,131,0,Personal Auto,SUV,463
ZG23976,California,F,Bachelor,8633,96200,107,0,Personal Auto,Two-Door Car,514
WE25756,Arizona,M,High School or Below,7351,69241,93,0,Personal Auto,Four-Door Car,111
AP59947,California,F,Bachelor,7690,55843,64,0,Corporate Auto,Two-Door Car,307
JG31799,California,F,Bachelor,8259,20305,76,1,Personal Auto,Two-Door Car,496
XY28151,Oregon,F,Bachelor,2317,0,68,0,Corporate Auto,Two-Door Car,490
ZB72138,Oregon,M,Bachelor,8930,44329,112,0,Personal Auto,SUV,538
OP52966,Arizona,M,High School or Below,4854,44279,61,0,Personal Auto,Two-Door Car,293
TG67664,California,F,College,2660,0,87,3,Personal Auto,Four-Door Car,420
DH14632,Oregon,F,College,8750,34695,113,0,Personal Auto,SUV,100
QN26812,Arizona,M,High School or Below,5055,79297,64,0,Personal Auto,Four-Door Car,73
PD97837,Arizona,M,Bachelor,2200,0,62,0,Corporate Auto,Four-Door Car,298
LX67597,Nevada,M,Bachelor,5715,84183,72,0,Personal Auto,Four-Door Car,256
VH35998,California,M,Doctor,9567,53375,79,0,Personal Auto,Four-Door Car,127
UE54045,California,F,High School or Below,10094,32046,127,0,Corporate Auto,SUV,476
XA50997,Nevada,M,High School or Below,5445,91393,67,0,Personal Auto,Two-Door Car,461
GM37281,California,F,Bachelor,2582,76731,64,0,Personal Auto,Four-Door Car,201
QT84069,Oregon,M,Master,50568,82081,249,0,Personal Auto,Luxury,754
MG74662,Oregon,F,High School or Below,3484,51337,88,0,Corporate Auto,Four-Door Car,73
EP46328,California,M,Bachelor,5556,74015,72,0,Personal Auto,Four-Door Car,471
UL87052,Arizona,F,Bachelor,4173,0,117,0,Personal Auto,SUV,842
GA93544,Oregon,F,High School or Below,2897,0,77,0,Personal Auto,Four-Door Car,554
EW73206,California,F,Bachelor,8045,68849,67,0,Corporate Auto,Two-Door Car,253
MV19629,Oregon,F,College,7717,37376,99,0,Personal Auto,Four-Door Car,66
TK67721,Oregon,F,High School or Below,2275,0,64,0,Corporate Auto,Four-Door Car,622
AD38685,California,M,College,8659,62464,109,0,Personal Auto,Luxury,400
LX72964,Arizona,F,High School or Below,11261,88304,95,0,Personal Auto,Four-Door Car,276
MR37609,Oregon,M,College,16414,0,112,0,Special Auto,SUV,682
OG30514,Nevada,F,Bachelor,20018,65900,62,0,Personal Auto,Four-Door Car,298
GJ44951,Washington,F,Bachelor,4699,0,67,0,Personal Auto,Two-Door Car,322
YB19340,Oregon,M,High School or Below,9002,61374,113,0,Corporate Auto,Two-Door Car,210
BD42101,California,M,Bachelor,25031,0,110,1,Corporate Auto,SUV,528
RZ89024,Oregon,M,Doctor,3103,31841,78,0,Personal Auto,Four-Door Car,127
ZO20633,Oregon,F,High School or Below,2587,27861,65,0,Corporate Auto,Four-Door Car,312
KL39500,Arizona,M,College,4984,0,83,3,Personal Auto,Four-Door Car,736
QK24293,Oregon,F,Doctor,6265,0,84,1,Corporate Auto,Four-Door Car,481
RW71963,Nevada,F,High School or Below,7234,94550,90,0,Personal Auto,Four-Door Car,432
HR71115,Nevada,M,College,5357,39604,68,0,Personal Auto,Four-Door Car,63
UL55837,Nevada,F,Bachelor,11130,42928,93,0,Personal Auto,Four-Door Car,652
IW77519,Washington,F,Bachelor,2610,54737,66,0,Personal Auto,Four-Door Car,392
CR88883,Arizona,M,College,7453,0,68,0,Corporate Auto,Two-Door Car,490
YD58301,California,F,High School or Below,6353,80587,78,0,Personal Auto,Four-Door Car,276
RT60959,Oregon,F,High School or Below,14585,0,194,0,Corporate Auto,Luxury,931
KC67832,California,M,College,17293,80028,86,0,Corporate Auto,Four-Door Car,114
DK92014,Arizona,F,High School or Below,4255,11904,61,2,Personal Auto,Two-Door Car,293
ZA44520,Arizona,F,High School or Below,9622,54872,121,0,Personal Auto,SUV,581
AJ69060,California,M,College,14261,0,99,0,Personal Auto,Two-Door Car,204
ME35315,Washington,M,College,7756,0,74,0,Corporate Auto,Two-Door Car,533
BU61331,Arizona,M,College,5875,46417,74,0,Corporate Auto,Four-Door Car,165
XI68015,Washington,F,College,4947,46239,67,3,Personal Auto,Four-Door Car,6
HG51739,Oregon,F,College,2660,0,73,0,Personal Auto,Four-Door Car,350
FI22970,Oregon,F,High School or Below,2372,25550,61,0,Personal Auto,Four-Door Car,439
OF93412,Nevada,F,Bachelor,15614,27514,197,0,Personal Auto,SUV,1367
AH97088,Nevada,M,High School or Below,7804,84417,98,0,Personal Auto,Two-Door Car,140
BI81476,Oregon,F,High School or Below,10346,55906,86,0,Personal Auto,Four-Door Car,58
IA18854,California,M,High School or Below,4961,21638,65,0,Personal Auto,Four-Door Car,468
OO62338,Oregon,M,Bachelor,7100,16121,65,2,Corporate Auto,Four-Door Car,312
JH35547,Oregon,M,College,24442,36261,68,0,Personal Auto,Four-Door Car,17
DY34638,Oregon,F,High School or Below,13467,11432,119,0,Personal Auto,SUV,571
MT16688,Arizona,F,Bachelor,2598,62566,65,1,Corporate Auto,Four-Door Car,48
NN51066,Oregon,F,High School or Below,2886,10312,78,0,Personal Auto,Four-Door Car,486
YF73402,Oregon,M,High School or Below,2566,67778,64,1,Personal Auto,Four-Door Car,171
ZR56751,Washington,F,Master,6252,92895,77,0,Personal Auto,Two-Door Car,43
GR32910,California,F,College,5175,55290,65,0,Personal Auto,Four-Door Car,14
MZ89625,California,F,Bachelor,9263,23377,116,0,Personal Auto,Four-Door Car,557
IK51081,California,F,College,4835,38713,66,4,Personal Auto,Four-Door Car,317
VI34110,Arizona,F,Bachelor,2362,0,66,1,Personal Auto,Four-Door Car,146
VH62312,Nevada,M,College,2675,56342,69,0,Corporate Auto,Four-Door Car,331
YU39743,Oregon,M,College,16160,29593,137,0,Personal Auto,Luxury,658
RO57944,Nevada,F,High School or Below,26197,18495,113,0,Personal Auto,SUV,542
VL32622,California,F,High School or Below,2664,82887,66,1,Corporate Auto,Four-Door Car,420
NV35796,Oregon,F,Master,15162,71366,94,0,Personal Auto,Four-Door Car,265
UU32345,California,M,College,22332,49078,97,0,Corporate Auto,Four-Door Car,484
YM94448,Arizona,F,College,4995,10787,71,0,Personal Auto,Two-Door Car,698
WX46704,California,F,High School or Below,16110,0,73,0,Personal Auto,Four-Door Car,350
HY35960,Arizona,M,High School or Below,4957,10194,65,0,Personal Auto,Two-Door Car,312
PB41497,Oregon,M,High School or Below,2867,81763,72,1,Personal Auto,Two-Door Car,518
GP37412,Arizona,F,College,8720,59763,73,0,Personal Auto,Two-Door Car,350
KU62853,California,F,College,22449,0,78,0,Special Auto,Four-Door Car,562
EA87824,Arizona,F,College,6865,96832,85,0,Personal Auto,Two-Door Car,408
DM42912,California,F,College,4980,21135,130,0,Personal Auto,SUV,679
HK50871,California,M,High School or Below,2312,16143,62,1,Personal Auto,Four-Door Car,32
ZX73673,Arizona,M,Bachelor,5556,74015,72,0,Personal Auto,Four-Door Car,471
EO95783,Arizona,M,High School or Below,26764,84178,74,0,Personal Auto,Two-Door Car,13
TR18791,Arizona,M,Bachelor,2471,0,70,0,Personal Auto,Two-Door Car,504
DC83427,Oregon,F,High School or Below,17759,0,63,0,Personal Auto,Four-Door Car,662
OG31942,California,M,College,14628,63936,189,0,Personal Auto,Luxury,765
AK17025,Washington,M,Bachelor,5802,0,83,0,Personal Auto,Four-Door Car,598
RT17851,Oregon,F,High School or Below,5210,37940,129,0,Special Auto,SUV,513
UF56271,Washington,F,High School or Below,2814,30703,70,0,Personal Auto,Four-Door Car,336
BP25150,Arizona,F,College,5418,54898,69,0,Corporate Auto,Two-Door Car,176
XT34986,Oregon,M,Bachelor,16776,89030,139,0,Personal Auto,SUV,50
OI74902,California,F,College,7980,15630,115,1,Personal Auto,SUV,657
GV33313,Arizona,F,Bachelor,5107,35625,65,1,Personal Auto,Four-Door Car,289
WA54110,Nevada,M,High School or Below,2691,48329,67,0,Corporate Auto,Four-Door Car,470
IS94199,California,F,High School or Below,4255,11904,61,2,Personal Auto,Two-Door Car,293
XE22944,Arizona,F,Bachelor,4643,12261,125,0,Personal Auto,SUV,600
CK24264,Arizona,M,High School or Below,6217,0,86,0,Personal Auto,Four-Door Car,40
BF54215,California,F,Master,11374,87810,94,3,Personal Auto,Four-Door Car,226
HW85007,Oregon,M,Bachelor,10862,64744,139,0,Personal Auto,SUV,41
PA56702,Arizona,M,Doctor,8569,0,117,0,Personal Auto,SUV,957
VD87432,Washington,M,Bachelor,16070,60735,135,0,Personal Auto,SUV,572
GG57214,Washington,F,Bachelor,2410,0,67,0,Personal Auto,Two-Door Car,482
EK10022,California,M,Bachelor,14057,36261,118,0,Corporate Auto,SUV,1198
IV97881,Nevada,M,High School or Below,4873,0,135,0,Personal Auto,Luxury,648
GS85403,Washington,F,Master,9031,0,122,0,Corporate Auto,Luxury,651
UO48558,California,M,High School or Below,2993,23277,77,2,Corporate Auto,Four-Door Car,370
SX18141,Arizona,F,High School or Below,5847,50320,73,0,Personal Auto,Four-Door Car,298
KK26955,Washington,F,High School or Below,2589,49675,65,0,Personal Auto,Two-Door Car,312
PV12088,Arizona,M,High School or Below,6559,19508,61,0,Personal Auto,Two-Door Car,293
TV97612,Oregon,M,Bachelor,8106,20815,110,0,Personal Auto,SUV,528
VA95387,Nevada,M,High School or Below,7233,46621,61,0,Corporate Auto,Four-Door Car,30
XF93358,Arizona,F,High School or Below,13600,22775,184,0,Personal Auto,Luxury,883
WP64059,California,F,Bachelor,5093,91814,63,0,Personal Auto,Two-Door Car,167
YY63521,Arizona,M,College,6047,20396,76,1,Personal Auto,Four-Door Car,365
FH69597,California,F,High School or Below,7172,73836,182,3,Personal Auto,Luxury,553
UT76436,Nevada,F,Bachelor,3439,55910,86,0,Personal Auto,Four-Door Car,324
VA94160,California,F,High School or Below,5418,43054,68,0,Personal Auto,Four-Door Car,326
NJ55678,Arizona,F,Bachelor,7824,64543,65,0,Personal Auto,Four-Door Car,200
OJ60800,Oregon,M,Bachelor,7931,75988,67,0,Personal Auto,Four-Door Car,201
PG20605,Arizona,M,College,9321,0,64,0,Personal Auto,Four-Door Car,573
UT88283,Arizona,F,College,2775,29051,73,0,Personal Auto,Two-Door Car,153
AF48816,Arizona,F,Bachelor,5793,87382,72,0,Personal Auto,Four-Door Car,346
SY93381,California,F,College,3597,30694,91,1,Personal Auto,Four-Door Car,437
ZI63885,Washington,M,High School or Below,14714,0,85,0,Personal Auto,Four-Door Car,877
SD41771,California,M,High School or Below,44520,49259,144,0,Personal Auto,Luxury,820
IG80910,Oregon,F,High School or Below,3072,47528,77,1,Personal Auto,Four-Door Car,278
RA62452,Nevada,M,Bachelor,8471,70624,106,0,Corporate Auto,SUV,49
NI88122,California,F,College,7205,0,64,0,Corporate Auto,Four-Door Car,506
LG90006,Oregon,F,Doctor,11155,31409,93,0,Personal Auto,Four-Door Car,382
XZ83249,Nevada,F,High School or Below,10168,35504,128,0,Personal Auto,SUV,404
EP26605,Washington,F,Bachelor,5688,44833,72,0,Personal Auto,Two-Door Car,346
LW29130,Washington,F,High School or Below,5273,24423,67,0,Corporate Auto,Two-Door Car,322
UD61088,California,M,Bachelor,13799,0,127,0,Personal Auto,SUV,610
UY81122,Oregon,F,College,4168,0,69,3,Personal Auto,Four-Door Car,434
ED87136,Arizona,M,High School or Below,4243,0,61,0,Personal Auto,Four-Door Car,439
PK58026,Nevada,F,Bachelor,5736,96917,71,0,Personal Auto,Two-Door Car,373
OD79784,Arizona,M,Bachelor,2680,84450,68,0,Corporate Auto,Four-Door Car,291
OO79691,Arizona,F,College,11829,0,111,0,Personal Auto,SUV,1019
PE72393,Arizona,F,High School or Below,11905,0,115,0,Corporate Auto,Four-Door Car,840
QG39997,Arizona,F,College,4213,10097,110,0,Personal Auto,Four-Door Car,219
ET45138,California,F,College,5553,33255,138,0,Personal Auto,Luxury,662
WP46383,Oregon,F,Bachelor,26539,94132,73,0,Personal Auto,Four-Door Car,350
FJ12205,Oregon,M,Master,6511,42602,85,3,Personal Auto,Two-Door Car,63
KE42114,Nevada,M,Doctor,4730,17250,62,0,Personal Auto,Four-Door Car,176
CO15448,California,M,College,2908,74212,73,0,Personal Auto,Four-Door Car,189
SU31072,Washington,M,Bachelor,4821,85756,61,0,Personal Auto,Four-Door Car,117
LC87490,Arizona,F,Bachelor,2248,24910,63,1,Personal Auto,Four-Door Car,348
OT36536,Oregon,M,Bachelor,5232,41596,66,0,Personal Auto,Four-Door Car,317
DE59454,Nevada,M,Bachelor,2558,72202,63,0,Corporate Auto,Two-Door Car,454
VS63956,California,M,Bachelor,5871,33967,76,0,Personal Auto,Four-Door Car,365
TR39403,California,F,Master,3682,77951,93,3,Corporate Auto,Two-Door Car,20
AB62982,Oregon,F,Doctor,5918,77521,73,0,Personal Auto,Two-Door Car,350
QP76867,Oregon,M,College,16153,0,109,0,Personal Auto,Luxury,852
MO41014,Arizona,M,Bachelor,4985,86305,62,0,Corporate Auto,Four-Door Car,81
EK56325,Arizona,M,High School or Below,6637,0,92,2,Personal Auto,Four-Door Car,662
LB59405,California,F,High School or Below,5980,57693,76,0,Personal Auto,Four-Door Car,547
JI37927,Oregon,F,College,7736,0,112,3,Corporate Auto,SUV,79
OJ43280,California,M,Bachelor,5644,33137,74,0,Personal Auto,Two-Door Car,473
YW43854,Washington,M,High School or Below,6945,0,68,0,Personal Auto,Four-Door Car,490
AL43475,California,F,College,7373,44938,183,0,Personal Auto,Luxury,2069
XY80192,Oregon,M,High School or Below,13979,33617,117,0,Personal Auto,Four-Door Car,762
PI71828,Arizona,M,College,2396,38460,61,0,Personal Auto,Four-Door Car,191
RQ94849,California,M,College,2388,0,67,0,Personal Auto,Four-Door Car,482
JX93039,Washington,F,College,4883,40171,123,0,Personal Auto,SUV,577
KF44948,Washington,F,High School or Below,20497,0,64,0,Personal Auto,Four-Door Car,307
OK14812,Nevada,M,Doctor,2491,36631,62,0,Personal Auto,Four-Door Car,68
UV49359,Nevada,F,Bachelor,7372,74335,187,0,Corporate Auto,Luxury,896
IZ88103,California,F,Bachelor,12625,79421,104,0,Personal Auto,Four-Door Car,115
QC27179,Oregon,M,Bachelor,5261,38466,68,0,Personal Auto,Two-Door Car,205
VC47959,Arizona,F,College,4896,54495,61,0,Personal Auto,Four-Door Car,182
BN45584,Oregon,F,College,4035,0,112,0,Special Auto,Luxury,806
YP53257,Oregon,F,Bachelor,10180,14290,271,0,Personal Auto,Luxury,1301
VP84987,California,M,College,17498,0,73,0,Personal Auto,Two-Door Car,350
LK57934,Nevada,M,Bachelor,10570,45776,89,0,Personal Auto,Four-Door Car,96
AV49798,Arizona,M,College,7843,94263,98,0,Personal Auto,Four-Door Car,112
RD73104,Washington,F,High School or Below,7942,12181,108,0,Personal Auto,Four-Door Car,592
IZ17303,California,M,Bachelor,17002,97268,85,0,Personal Auto,Four-Door Car,35
PK79296,California,F,College,2602,28995,67,0,Personal Auto,Four-Door Car,322
VA82895,Oregon,F,High School or Below,4113,25030,113,4,Personal Auto,Luxury,542
WC66749,Oregon,F,College,5213,12613,70,0,Personal Auto,Four-Door Car,336
JO68735,California,F,Bachelor,2293,0,64,0,Personal Auto,Two-Door Car,461
JA55700,California,M,High School or Below,3934,25927,103,0,Personal Auto,SUV,675
IX97339,Arizona,F,College,9234,0,134,0,Corporate Auto,SUV,643
DH93540,Oregon,M,College,4650,28215,65,0,Personal Auto,Two-Door Car,468
KV56995,Nevada,M,Bachelor,3954,18375,103,0,Personal Auto,Luxury,535
PA15141,California,F,High School or Below,6954,43221,87,0,Special Auto,Four-Door Car,399
FC48492,California,M,Bachelor,2877,0,84,0,Personal Auto,Four-Door Car,849
ZJ29643,Washington,F,Doctor,6265,0,84,1,Personal Auto,Four-Door Car,481
EC22495,Oregon,M,High School or Below,3145,52082,79,0,Personal Auto,Four-Door Car,379
RO87000,California,M,High School or Below,2689,50719,68,0,Personal Auto,Four-Door Car,394
YU35148,Washington,F,Bachelor,4749,0,123,0,Personal Auto,SUV,590
BW51534,California,F,High School or Below,8365,0,110,0,Corporate Auto,SUV,528
ER50891,California,M,High School or Below,3450,39248,87,0,Personal Auto,Four-Door Car,387
LM63497,Oregon,F,College,2936,0,82,0,Personal Auto,Four-Door Car,590
DE71115,Washington,M,High School or Below,2773,68463,70,1,Personal Auto,Four-Door Car,336
AX71238,California,M,High School or Below,3963,38096,99,0,Personal Auto,Two-Door Car,475
IZ50034,Washington,M,College,8063,42124,101,0,Personal Auto,SUV,485
AR75105,California,F,College,7805,21073,106,1,Personal Auto,SUV,509
LX77880,Oregon,F,Bachelor,4856,24149,61,0,Personal Auto,Four-Door Car,293
PQ72803,Washington,F,High School or Below,2886,10312,78,0,Personal Auto,Four-Door Car,486
PV99529,Arizona,M,Bachelor,2724,0,77,0,Personal Auto,Two-Door Car,405
UW10841,California,M,Bachelor,9976,74115,63,0,Personal Auto,Four-Door Car,275
UO93347,California,M,High School or Below,3755,34624,95,0,Personal Auto,Four-Door Car,270
WK46492,Arizona,F,Bachelor,9642,36108,128,2,Personal Auto,SUV,614
DO70918,Nevada,F,High School or Below,4574,0,127,0,Special Auto,Luxury,914
KG71396,Nevada,M,High School or Below,4017,0,118,0,Corporate Auto,Two-Door Car,960
MI16758,Nevada,F,High School or Below,12053,43184,102,0,Personal Auto,SUV,377
AT98182,California,F,Doctor,2525,0,67,0,Corporate Auto,Four-Door Car,146
GP67583,Arizona,M,College,8208,35349,102,0,Personal Auto,Four-Door Car,490
DY73849,California,F,Bachelor,4570,0,124,0,Personal Auto,SUV,251
UR42360,California,M,Bachelor,16980,35095,73,0,Personal Auto,Two-Door Car,526
IK74329,Arizona,F,High School or Below,18062,13164,70,0,Personal Auto,Two-Door Car,75
WJ20394,Nevada,M,High School or Below,5191,0,141,0,Corporate Auto,SUV,677
PF26758,Oregon,F,College,6271,94880,79,3,Special Auto,Four-Door Car,348
DK81475,Nevada,M,College,4619,95301,114,0,Personal Auto,SUV,547
DK93464,Nevada,F,Bachelor,8571,56202,107,0,Personal Auto,Two-Door Car,514
XS76166,Oregon,F,College,3245,35592,82,0,Personal Auto,Two-Door Car,497
TZ76531,California,M,High School or Below,12489,0,113,0,Personal Auto,Four-Door Car,542
RC22595,Arizona,F,College,3800,0,102,0,Personal Auto,Four-Door Car,490
IA90990,California,F,High School or Below,10005,0,89,0,Corporate Auto,Two-Door Car,641
QQ69088,Washington,M,Doctor,5578,11097,73,0,Corporate Auto,Two-Door Car,350
ED59130,Arizona,M,Bachelor,16705,74900,208,0,Personal Auto,Luxury,998
SC90717,California,M,Doctor,31865,23576,89,0,Personal Auto,Four-Door Car,384
PP36346,Nevada,F,High School or Below,3709,23393,95,0,Corporate Auto,Four-Door Car,456
JU75786,Oregon,F,Master,7203,0,95,0,Personal Auto,Two-Door Car,150
TU68427,Arizona,F,High School or Below,2650,0,73,0,Personal Auto,Two-Door Car,350
YD28431,California,F,Master,6992,66346,87,1,Personal Auto,Four-Door Car,78
MY56715,Oregon,M,Bachelor,3381,58109,86,0,Corporate Auto,Two-Door Car,413
NF60680,Arizona,F,High School or Below,20097,92766,71,0,Personal Auto,Two-Door Car,379
BD70337,California,M,High School or Below,24707,26307,73,0,Personal Auto,Four-Door Car,313
DM77491,Oregon,M,Bachelor,7416,0,69,0,Personal Auto,Four-Door Car,238
EV57176,California,F,High School or Below,5605,21171,72,0,Corporate Auto,Four-Door Car,346
CQ76876,California,F,College,13749,82753,114,0,Personal Auto,Four-Door Car,265
QI89498,Oregon,F,College,2204,0,64,0,Personal Auto,Four-Door Car,757
BH43020,California,M,Bachelor,3370,39754,85,0,Personal Auto,Four-Door Car,62
EC66666,Arizona,F,College,7296,0,67,0,Personal Auto,Two-Door Car,322
EO74797,Arizona,F,Bachelor,7841,0,76,1,Personal Auto,Four-Door Car,365
IA30254,Nevada,M,High School or Below,14838,0,70,0,Corporate Auto,Four-Door Car,713
KC79907,Arizona,F,College,7441,91915,186,0,Personal Auto,Luxury,94
XW34862,Nevada,F,Master,11982,21514,62,0,Special Auto,Two-Door Car,257
RI76930,California,F,College,4163,43276,104,0,Personal Auto,SUV,499
XZ40716,California,F,High School or Below,8055,75531,102,0,Personal Auto,Four-Door Car,490
ZC75052,California,M,Bachelor,22659,23665,67,0,Personal Auto,Four-Door Car,405
DH51686,Arizona,F,Bachelor,4049,0,118,0,Personal Auto,Four-Door Car,566
HJ89045,California,F,Bachelor,10289,96337,127,0,Personal Auto,SUV,610
DJ34695,California,M,High School or Below,21921,60180,183,0,Corporate Auto,Luxury,989
KR89806,Oregon,F,High School or Below,16468,0,63,0,Personal Auto,Four-Door Car,685
OX62816,Washington,M,Master,5167,30376,66,0,Personal Auto,Four-Door Car,317
WM36886,California,M,Master,5757,88997,72,0,Corporate Auto,Four-Door Car,174
BE92692,Oregon,M,Bachelor,2488,69236,63,1,Personal Auto,Four-Door Car,111
JV79596,Oregon,F,Bachelor,14594,27627,63,0,Special Auto,Two-Door Car,454
KA49711,Nevada,M,Bachelor,5320,77524,68,3,Corporate Auto,Four-Door Car,65
YI68606,Oregon,F,High School or Below,2442,75449,61,0,Corporate Auto,Two-Door Car,131
AU11344,Oregon,F,Bachelor,5142,35666,131,0,Personal Auto,SUV,312
BG42047,Nevada,M,College,2512,17658,65,0,Personal Auto,Four-Door Car,312
CF73234,Oregon,M,High School or Below,2629,0,71,0,Corporate Auto,Four-Door Car,341
VE85103,Nevada,M,College,2449,20567,72,4,Personal Auto,Four-Door Car,346
LN99977,California,F,College,4062,30061,104,0,Special Auto,Luxury,499
CR56473,Nevada,M,High School or Below,5253,0,74,0,Corporate Auto,Four-Door Car,533
YP32443,Oregon,M,Bachelor,4372,20354,116,0,Personal Auto,SUV,557
MQ46375,Oregon,M,Bachelor,15320,36637,192,0,Corporate Auto,Luxury,922
VU30980,California,M,High School or Below,9658,0,131,0,Personal Auto,SUV,629
JX50349,Oregon,F,College,2472,63860,62,0,Personal Auto,Four-Door Car,209
DH34004,California,M,College,6191,0,199,3,Personal Auto,Luxury,955
DU66880,Arizona,M,High School or Below,13584,58544,114,0,Personal Auto,Four-Door Car,770
QH87479,Oregon,F,High School or Below,27528,54586,76,0,Personal Auto,Two-Door Car,123
MF87270,California,F,High School or Below,2953,57248,74,0,Personal Auto,Four-Door Car,355
PX99904,California,F,Bachelor,4949,0,134,0,Corporate Auto,Luxury,965
TD43065,California,M,Bachelor,8210,66037,69,0,Personal Auto,Four-Door Car,69
DU39756,Nevada,F,Master,4171,29462,107,1,Corporate Auto,SUV,514
GY65868,California,M,Bachelor,20600,64541,86,0,Personal Auto,Four-Door Car,256
NG15645,California,F,Master,2858,27382,71,0,Personal Auto,Four-Door Car,134
HH69970,California,F,Bachelor,6282,32311,79,0,Corporate Auto,Four-Door Car,207
YJ57293,California,M,College,2777,23830,76,1,Corporate Auto,Two-Door Car,365
BV22194,Arizona,F,High School or Below,14194,88178,70,0,Personal Auto,Two-Door Car,336
UH22701,Oregon,F,Master,9727,72236,80,0,Personal Auto,Four-Door Car,518
IA85970,California,F,Bachelor,8099,0,112,0,Personal Auto,SUV,439
TC18240,Oregon,M,College,5020,67890,63,0,Personal Auto,Four-Door Car,174
GE58317,Arizona,F,College,4835,38713,66,4,Personal Auto,Four-Door Car,317
GW42895,Oregon,F,Bachelor,17626,77803,63,0,Personal Auto,Four-Door Car,218
FH77504,California,F,Bachelor,11009,51643,283,0,Personal Auto,Luxury,1358
XK87182,Oregon,F,College,4502,46402,113,0,Personal Auto,Four-Door Car,476
HB17438,Washington,M,Bachelor,10571,92044,132,0,Personal Auto,SUV,617
DH18269,Arizona,M,College,10615,16040,96,0,Personal Auto,Two-Door Car,611
DP19820,Oregon,M,College,11436,0,135,4,Personal Auto,SUV,981
IK64989,Washington,M,Bachelor,4458,17622,65,1,Personal Auto,Four-Door Car,312
MP85571,Arizona,F,Bachelor,5558,0,188,4,Personal Auto,SUV,2156
VO29645,Oregon,M,High School or Below,5169,12430,73,0,Personal Auto,Four-Door Car,350
GP83239,California,M,College,7840,58414,210,2,Personal Auto,Luxury,1008
GQ21970,Nevada,F,Bachelor,24108,17257,70,0,Personal Auto,Four-Door Car,551
HP40365,Oregon,F,College,5638,70492,70,0,Personal Auto,Two-Door Car,328
UX87150,California,M,College,7680,68229,96,0,Corporate Auto,Four-Door Car,461
OZ30867,Oregon,F,High School or Below,8409,33397,106,0,Personal Auto,SUV,509
LC60153,California,M,Bachelor,12342,72503,106,0,Personal Auto,SUV,296
OX87524,California,F,Master,2611,90349,64,0,Personal Auto,Four-Door Car,436
ZY78741,California,M,High School or Below,6081,0,87,0,Corporate Auto,Four-Door Car,626
DB79306,California,M,College,4416,25480,117,3,Personal Auto,SUV,487
EM77767,Oregon,F,College,10932,72462,68,0,Personal Auto,Two-Door Car,273
PH78214,Oregon,F,College,5427,27677,72,1,Personal Auto,Four-Door Car,346
LY17996,California,M,High School or Below,6190,25743,79,0,Personal Auto,Two-Door Car,596
XV76553,Oregon,M,High School or Below,4524,74935,112,0,Corporate Auto,SUV,193
SD38003,California,M,Bachelor,2482,0,71,0,Personal Auto,Four-Door Car,511
QC30094,Oregon,F,High School or Below,6904,15921,92,1,Corporate Auto,Four-Door Car,572
KH92987,Arizona,F,High School or Below,21740,30095,136,0,Personal Auto,SUV,653
OB32671,Oregon,F,High School or Below,37939,20587,106,0,Personal Auto,SUV,364
CD26907,California,M,Bachelor,31216,0,117,0,Personal Auto,Luxury,1228
YY46839,Washington,F,High School or Below,8482,29628,106,0,Corporate Auto,Two-Door Car,763
HY36253,California,M,Bachelor,8490,28677,78,0,Personal Auto,Four-Door Car,132
KA62728,California,M,High School or Below,8887,87094,113,1,Personal Auto,Four-Door Car,65
GH98275,California,F,College,4671,0,64,0,Corporate Auto,Four-Door Car,182
DJ87316,Oregon,M,High School or Below,10210,43736,128,0,Personal Auto,SUV,614
XC85830,Oregon,F,Bachelor,4119,69379,103,0,Corporate Auto,Two-Door Car,494
VK85405,California,F,High School or Below,7410,80415,62,0,Corporate Auto,Two-Door Car,281
ZP27971,California,M,High School or Below,3804,26050,97,0,Personal Auto,Four-Door Car,466
QC95625,California,M,High School or Below,12157,57449,103,0,Personal Auto,Four-Door Car,494
DN34058,Washington,F,Bachelor,28119,68211,99,0,Corporate Auto,Four-Door Car,475
VS80344,Arizona,F,Bachelor,8219,28445,103,0,Special Auto,Two-Door Car,428
SJ24275,Nevada,F,College,4803,37313,62,0,Personal Auto,Four-Door Car,247
YB58105,California,M,High School or Below,10866,0,110,1,Corporate Auto,Four-Door Car,1067
BP35803,California,F,College,3426,29194,89,0,Personal Auto,Four-Door Car,424
CL73599,Arizona,F,Bachelor,8609,79090,107,0,Personal Auto,SUV,289
ZR22245,Washington,F,College,4605,22571,63,0,Personal Auto,Four-Door Car,302
JJ57298,Oregon,M,College,18635,0,139,0,Corporate Auto,SUV,1067
FF53048,Arizona,F,Master,3466,48744,86,0,Personal Auto,Two-Door Car,413
HD83496,Arizona,M,Bachelor,2478,0,71,0,Corporate Auto,Four-Door Car,511
DD94148,California,M,College,5792,29530,74,0,Personal Auto,Two-Door Car,222
FM52759,Nevada,M,Bachelor,5548,67798,69,0,Personal Auto,Four-Door Car,331
OI39918,California,M,Bachelor,3443,16208,93,0,Personal Auto,Two-Door Car,446
PC72443,Oregon,F,College,4529,94757,112,0,Personal Auto,Four-Door Car,5
OQ15169,Washington,F,High School or Below,5597,37995,139,0,Corporate Auto,SUV,667
ZO89996,Oregon,M,College,2617,72302,66,0,Personal Auto,Two-Door Car,317
OP70207,Oregon,M,College,10507,37934,137,1,Personal Auto,Luxury,385
ID39569,Washington,M,High School or Below,10759,19382,94,0,Personal Auto,Four-Door Car,677
RJ80405,Arizona,M,Bachelor,5499,33191,70,0,Personal Auto,Four-Door Car,444
NT21324,Arizona,M,College,2792,72389,70,0,Personal Auto,Four-Door Car,206
IY98928,Arizona,F,Master,5176,91475,64,0,Personal Auto,Four-Door Car,73
XJ81725,California,M,College,8167,0,111,0,Personal Auto,Four-Door Car,799
FE62142,Oregon,F,Bachelor,4267,43682,107,0,Corporate Auto,SUV,148
ZH55575,California,F,Bachelor,5218,39854,66,0,Corporate Auto,Two-Door Car,262
WI86229,Oregon,M,Master,7807,52162,99,0,Personal Auto,Two-Door Car,251
QR42111,Arizona,F,High School or Below,5059,0,134,0,Special Auto,SUV,643
DN71979,Arizona,M,College,7773,74755,195,0,Personal Auto,Luxury,1404
IC22580,California,M,College,11534,85339,95,0,Personal Auto,Four-Door Car,393
MX93069,Oregon,M,Doctor,5073,57709,125,0,Personal Auto,SUV,600
TG37225,California,M,College,4637,26802,66,1,Personal Auto,Two-Door Car,317
GY69750,Oregon,M,Master,5297,0,73,0,Personal Auto,Four-Door Car,152
KX99703,Oregon,F,College,6274,18577,86,0,Personal Auto,Four-Door Car,413
AA35519,Arizona,F,College,8002,0,107,0,Personal Auto,SUV,514
FE99816,Nevada,F,Bachelor,15563,0,253,5,Personal Auto,Luxury,1214
YP92773,Washington,F,Bachelor,4724,21546,119,1,Corporate Auto,Two-Door Car,625
CF26052,Arizona,F,Bachelor,8436,49182,70,0,Personal Auto,Two-Door Car,165
PR37714,California,F,Bachelor,7153,32238,91,0,Personal Auto,Four-Door Car,440
CE92675,California,F,College,6991,0,68,0,Personal Auto,Four-Door Car,326
BK47926,California,M,High School or Below,6375,98118,83,3,Personal Auto,Four-Door Car,398
BY62906,Arizona,M,High School or Below,27990,22971,101,0,Personal Auto,SUV,562
UY95661,California,M,Master,4972,49161,63,2,Personal Auto,Two-Door Car,172
OS84395,Nevada,M,Bachelor,7612,90252,95,0,Corporate Auto,Four-Door Car,123
JS53793,Arizona,F,Doctor,2422,25036,61,1,Corporate Auto,Four-Door Car,293
BV25135,California,M,Bachelor,4647,28314,121,0,Personal Auto,SUV,581
AF17671,Washington,F,Bachelor,7765,56337,97,0,Personal Auto,Four-Door Car,466
AY30324,Oregon,F,Bachelor,6189,99074,77,1,Special Auto,Two-Door Car,208
XE17270,California,M,High School or Below,3521,31708,94,1,Personal Auto,Two-Door Car,451
LS46182,Nevada,M,Bachelor,2678,0,83,1,Personal Auto,Four-Door Car,398
LH33181,Arizona,M,Bachelor,6275,0,67,1,Personal Auto,Four-Door Car,431
AT84725,Washington,M,College,4650,28215,65,0,Personal Auto,Two-Door Car,468
TP33286,Washington,M,High School or Below,12011,0,119,0,Corporate Auto,Four-Door Car,857
YB79192,California,F,Bachelor,10194,21119,128,0,Personal Auto,SUV,614
SC43870,California,M,Bachelor,15862,0,66,0,Corporate Auto,Four-Door Car,475
OO72857,Oregon,M,Bachelor,17254,0,69,1,Personal Auto,Four-Door Car,331
MO38559,Arizona,F,Doctor,5294,0,70,0,Personal Auto,Four-Door Car,21
RL65736,Oregon,F,High School or Below,6274,13662,85,0,Personal Auto,Four-Door Car,408
ID30085,Arizona,F,High School or Below,8007,0,112,0,Personal Auto,Luxury,538
CO68055,Oregon,M,Bachelor,30966,0,109,0,Personal Auto,SUV,691
NX37589,Washington,F,Bachelor,2667,79251,67,1,Personal Auto,Four-Door Car,322
BX88206,Nevada,F,High School or Below,18572,51294,116,0,Corporate Auto,SUV,113
AA30683,California,M,Bachelor,6595,0,105,2,Personal Auto,Four-Door Car,848
BD13927,California,F,High School or Below,2243,0,62,0,Personal Auto,Two-Door Car,675
SJ71233,California,F,College,7424,0,107,0,Personal Auto,SUV,514
WK52692,Oregon,F,College,4627,29124,129,4,Personal Auto,SUV,619
OG67387,California,M,College,4413,0,65,0,Personal Auto,Four-Door Car,312
XR99310,California,M,College,3163,97266,79,0,Special Auto,Two-Door Car,546
GU84478,Oregon,M,High School or Below,4908,48207,63,2,Personal Auto,Four-Door Car,165
ZX29705,California,F,College,7851,0,69,0,Corporate Auto,Four-Door Car,331
WN67367,California,F,Bachelor,3210,0,88,0,Personal Auto,Four-Door Car,326
QN67807,Arizona,M,Bachelor,5387,97316,67,0,Personal Auto,Two-Door Car,309
AU77281,Oregon,F,College,2472,63860,62,0,Personal Auto,Four-Door Car,209
DN46994,California,F,Bachelor,5404,72633,67,0,Personal Auto,Four-Door Car,156
OW97322,Oregon,M,Bachelor,31411,28013,266,0,Personal Auto,Luxury,1277
ZC97171,Arizona,F,High School or Below,7627,60479,96,0,Personal Auto,Four-Door Car,85
NG69817,California,F,Bachelor,7540,0,68,0,Personal Auto,Two-Door Car,520
BS95225,California,M,College,2618,14151,72,1,Personal Auto,Four-Door Car,346
AE93522,Washington,M,Bachelor,7212,75891,61,0,Corporate Auto,Two-Door Car,61
LP15901,Nevada,M,Bachelor,6672,0,183,0,Personal Auto,Luxury,1318
FB95495,California,M,College,5678,53078,73,0,Personal Auto,Four-Door Car,764
PE59735,Oregon,F,High School or Below,22952,20031,86,0,Personal Auto,Four-Door Car,110
WR73970,Arizona,M,Bachelor,2961,92070,74,0,Corporate Auto,Four-Door Car,369
JD15492,Oregon,F,High School or Below,2447,44509,61,0,Personal Auto,Four-Door Car,227
OF46381,California,M,High School or Below,7660,0,73,0,Personal Auto,Two-Door Car,526
GP85044,Arizona,M,Bachelor,4534,91967,113,0,Special Auto,SUV,157
OO64005,Oregon,F,Bachelor,2355,0,63,0,Personal Auto,Four-Door Car,302
VB42222,Nevada,F,Bachelor,14317,97379,119,0,Personal Auto,Four-Door Car,355
ZR79373,Arizona,F,Bachelor,10180,14290,271,0,Personal Auto,Luxury,1301
KH12081,Arizona,F,High School or Below,8130,0,119,1,Personal Auto,SUV,729
WV64743,Washington,M,High School or Below,13272,0,194,0,Personal Auto,Luxury,1397
ZT58755,Oregon,F,High School or Below,17817,0,68,0,Personal Auto,Four-Door Car,257
WX52894,Nevada,M,College,25002,21927,71,0,Personal Auto,Four-Door Car,129
EO51920,Oregon,F,High School or Below,19955,69096,99,0,Corporate Auto,Four-Door Car,65
AQ34238,Oregon,M,Bachelor,4606,0,72,2,Corporate Auto,Four-Door Car,518
EI10204,Oregon,F,High School or Below,15114,28513,100,1,Personal Auto,SUV,480
GY23881,Oregon,M,High School or Below,4782,81687,61,0,Personal Auto,Four-Door Car,293
FL59259,Nevada,F,High School or Below,6317,13792,87,2,Personal Auto,Four-Door Car,620
RN45606,Nevada,F,High School or Below,16225,32184,136,1,Personal Auto,SUV,266
OJ64812,Washington,M,Bachelor,9586,26432,88,3,Personal Auto,Four-Door Car,422
AK11669,Arizona,F,Doctor,10131,59232,85,0,Corporate Auto,Two-Door Car,408
EM53324,Oregon,F,College,7344,0,72,3,Personal Auto,Four-Door Car,346
JE99638,Arizona,M,Bachelor,7700,23577,68,0,Personal Auto,Four-Door Car,92
LR69185,Nevada,M,College,5740,0,80,0,Personal Auto,Four-Door Car,848
AS55478,Oregon,M,Bachelor,3875,26670,98,0,Corporate Auto,Four-Door Car,541
OB52091,Washington,M,Bachelor,8112,87403,68,0,Personal Auto,Four-Door Car,456
AM28777,Oregon,F,College,2707,51455,67,0,Personal Auto,Four-Door Car,11
AQ70385,Oregon,M,High School or Below,5687,30242,72,0,Personal Auto,Four-Door Car,48
FL22732,Oregon,M,Bachelor,7382,64311,62,0,Personal Auto,Four-Door Car,157
JD75068,Oregon,F,College,2724,0,70,0,Corporate Auto,Four-Door Car,405
MM70762,Arizona,M,Master,9076,37722,116,0,Personal Auto,Luxury,158
JT46803,Oregon,F,Bachelor,2757,42336,69,0,Personal Auto,Four-Door Car,26
VO25938,Oregon,M,Bachelor,8382,25998,71,0,Personal Auto,Four-Door Car,792
FP31685,Oregon,F,Bachelor,7868,24887,68,0,Personal Auto,Four-Door Car,326
LP69867,Oregon,M,High School or Below,2852,0,82,0,Personal Auto,Four-Door Car,590
BX88330,Washington,F,College,7615,90918,64,0,Personal Auto,Four-Door Car,163
QQ86648,Oregon,M,High School or Below,5659,78834,72,2,Personal Auto,Two-Door Car,346
VE80757,Oregon,M,Bachelor,4307,0,62,0,Personal Auto,Two-Door Car,434
BE69929,Arizona,F,College,4821,27872,61,0,Personal Auto,Two-Door Car,187
BM31989,Arizona,M,College,8754,24012,112,1,Personal Auto,Four-Door Car,82
HW27766,Arizona,M,College,7259,16367,94,0,Personal Auto,Four-Door Car,516
BC90645,California,F,Master,2675,55479,68,1,Personal Auto,Four-Door Car,118
GC36679,Oregon,M,High School or Below,3305,40778,86,0,Personal Auto,Four-Door Car,413
VI74176,Arizona,M,High School or Below,8984,0,137,3,Personal Auto,SUV,1532
BX24569,California,M,Bachelor,3568,0,102,0,Personal Auto,SUV,660
DR32525,Arizona,M,College,23747,0,96,4,Personal Auto,Four-Door Car,461
CP76842,Nevada,F,College,3353,95438,83,0,Corporate Auto,Two-Door Car,99
IH20118,Oregon,M,High School or Below,5169,12430,73,0,Personal Auto,Four-Door Car,350
DA20472,California,M,High School or Below,8565,95697,107,0,Personal Auto,Luxury,178
DN67273,Oregon,F,High School or Below,8028,0,74,0,Personal Auto,Two-Door Car,533
ZZ20738,California,F,High School or Below,9000,28108,114,0,Personal Auto,Luxury,547
AS18084,California,F,College,11639,25370,102,0,Personal Auto,Luxury,490
FY21364,California,M,Bachelor,7377,0,105,0,Corporate Auto,SUV,756
LL73047,California,F,High School or Below,7892,28672,71,0,Personal Auto,Four-Door Car,341
CG15505,California,F,Master,19161,22705,239,0,Personal Auto,Luxury,1295
ZZ22047,Washington,M,Bachelor,5548,67798,69,0,Corporate Auto,Four-Door Car,331
NG56399,Arizona,M,High School or Below,8320,61367,70,0,Personal Auto,Two-Door Car,499
MD45928,Arizona,F,High School or Below,13771,59207,116,0,Personal Auto,Four-Door Car,557
OV29928,Washington,F,College,5225,67423,65,0,Corporate Auto,Four-Door Car,293
OR28030,California,M,Bachelor,16980,35095,73,0,Corporate Auto,Two-Door Car,526
LO48748,Oregon,F,Master,7485,26380,96,0,Personal Auto,Four-Door Car,177
FX95323,Oregon,M,College,2640,88731,66,0,Personal Auto,Four-Door Car,149
AG85127,Oregon,M,Bachelor,8085,61409,68,0,Special Auto,Four-Door Car,264
JN33628,California,M,Bachelor,12317,0,167,0,Personal Auto,SUV,1986
QU69375,Nevada,M,High School or Below,5569,0,79,1,Corporate Auto,Two-Door Car,407
FM37864,California,F,Bachelor,3572,74931,89,0,Personal Auto,Two-Door Car,231
IL23615,Oregon,M,College,3350,74770,86,0,Personal Auto,Four-Door Car,413
FZ44411,Arizona,M,Bachelor,2716,0,95,5,Corporate Auto,Four-Door Car,619
JE32215,California,F,Bachelor,38888,44299,107,0,Personal Auto,Two-Door Car,180
FQ88964,Arizona,M,College,2272,0,71,1,Personal Auto,Two-Door Car,390
WW22291,California,M,Master,2849,63326,72,0,Personal Auto,Four-Door Car,362
EV39637,Oregon,F,High School or Below,5328,0,73,0,Personal Auto,Four-Door Car,794
TG36139,California,F,High School or Below,4680,21720,128,0,Corporate Auto,SUV,838
XN25550,Oregon,M,College,5345,55571,135,0,Personal Auto,SUV,905
NG94966,California,M,College,2437,34759,61,0,Personal Auto,Four-Door Car,302
AD28349,Arizona,M,High School or Below,4638,0,68,0,Personal Auto,Four-Door Car,352
VZ56705,Oregon,M,Bachelor,8805,38638,74,0,Personal Auto,Four-Door Car,355
TQ82322,California,F,Bachelor,2439,80927,62,0,Personal Auto,Two-Door Car,212
CB77819,California,M,High School or Below,4736,0,65,0,Personal Auto,Two-Door Car,585
VG68427,Arizona,M,High School or Below,5608,81914,70,0,Corporate Auto,Four-Door Car,199
WO42164,Oregon,M,High School or Below,6465,0,92,0,Personal Auto,Four-Door Car,662
NL87371,Oregon,M,Bachelor,2435,0,72,0,Personal Auto,Two-Door Car,346
QW24080,Oregon,F,College,2112,0,74,4,Personal Auto,Four-Door Car,370
ZL53118,Arizona,M,High School or Below,2348,0,69,1,Personal Auto,Four-Door Car,758
GT19025,Oregon,F,Bachelor,3637,25407,98,0,Personal Auto,Four-Door Car,284
VN44400,California,F,College,5693,86073,70,0,Personal Auto,Two-Door Car,292
JF45126,Nevada,M,Bachelor,4041,23818,104,1,Personal Auto,SUV,499
SW94040,Oregon,F,College,7756,21326,99,0,Personal Auto,Four-Door Car,633
XI36396,California,M,Bachelor,3151,18486,86,0,Personal Auto,Four-Door Car,413
CL38926,Oregon,M,Bachelor,7198,10458,102,0,Corporate Auto,SUV,490
CU10179,California,F,College,5264,82528,131,0,Personal Auto,Luxury,258
BK57087,California,F,College,4347,38223,112,2,Personal Auto,SUV,538
LF94282,Nevada,M,Bachelor,2885,63438,72,0,Personal Auto,Two-Door Car,37
BO46265,Oregon,M,College,6906,13432,92,0,Personal Auto,Four-Door Car,611
VJ45879,California,M,Bachelor,4450,26848,114,0,Personal Auto,Two-Door Car,101
FR12423,Oregon,M,Bachelor,24128,14072,71,0,Personal Auto,Four-Door Car,511
IY87065,California,F,Bachelor,5246,28909,66,0,Corporate Auto,Two-Door Car,457
LR49944,Nevada,F,Doctor,2745,35159,68,0,Personal Auto,Two-Door Car,151
LU40443,Oregon,M,Master,5544,64255,70,0,Personal Auto,Four-Door Car,194
HN54181,California,F,College,6013,0,84,0,Personal Auto,Four-Door Car,605
GC52187,Nevada,F,College,3651,88842,90,0,Personal Auto,Two-Door Car,351
FH22095,California,M,College,2521,39377,64,0,Corporate Auto,Two-Door Car,307
KY55245,California,M,High School or Below,5169,12430,73,0,Personal Auto,Four-Door Car,350
ST43920,Arizona,F,Doctor,2396,21986,63,0,Personal Auto,Two-Door Car,334
GG84614,Oregon,F,High School or Below,3032,27435,76,0,Personal Auto,Two-Door Car,456
JW94491,California,M,College,11790,25251,66,0,Personal Auto,Four-Door Car,317
EW51866,Arizona,F,College,6755,29881,85,0,Personal Auto,Four-Door Car,18
KU13616,California,F,Bachelor,11315,11885,101,0,Personal Auto,Four-Door Car,485
CB15842,California,M,High School or Below,8208,40420,104,0,Special Auto,SUV,499
RN66968,California,M,High School or Below,5333,74837,66,0,Personal Auto,Four-Door Car,377
IQ30108,Oregon,M,High School or Below,3087,67591,77,0,Special Auto,Four-Door Car,198
VB23257,Oregon,M,Bachelor,4653,47590,119,0,Special Auto,SUV,121
CV13878,California,F,High School or Below,2490,75474,62,0,Personal Auto,Two-Door Car,298
FD14790,Oregon,M,Bachelor,18197,57177,92,0,Personal Auto,Four-Door Car,442
VZ61940,Nevada,F,Doctor,2669,52344,66,0,Personal Auto,Four-Door Car,183
PX66705,California,F,High School or Below,8257,20072,70,0,Personal Auto,Four-Door Car,488
XG66314,California,M,College,12466,33604,105,0,Personal Auto,SUV,358
ZM40672,Oregon,F,Master,6743,0,61,0,Corporate Auto,Two-Door Car,293
VF21523,Nevada,F,High School or Below,2883,37741,74,0,Corporate Auto,Two-Door Car,355
OM50417,Arizona,F,Bachelor,29973,48471,83,1,Personal Auto,Four-Door Car,209
SO54368,Oregon,M,College,4686,58089,118,0,Personal Auto,SUV,566
XZ62430,Arizona,M,Bachelor,6057,27681,83,0,Personal Auto,Two-Door Car,398
RZ51338,Arizona,M,Bachelor,6895,28992,74,4,Personal Auto,Four-Door Car,355
NV13794,Nevada,F,High School or Below,9549,55986,119,0,Personal Auto,SUV,389
JB23570,California,M,College,10594,94042,132,0,Corporate Auto,SUV,634
MH24522,California,M,College,7735,0,101,0,Personal Auto,Luxury,563
TD78032,Washington,M,High School or Below,2306,0,67,0,Corporate Auto,Four-Door Car,482
WW41496,Nevada,F,Bachelor,31235,70164,88,0,Personal Auto,Two-Door Car,375
IF32545,Nevada,F,Master,5097,22886,65,0,Corporate Auto,Four-Door Car,312
HF72557,Washington,M,Bachelor,3227,19948,89,0,Personal Auto,Four-Door Car,427
MD41042,Arizona,F,College,5897,39293,74,0,Personal Auto,Two-Door Car,353
UP31333,Washington,M,College,13870,28432,118,0,Corporate Auto,SUV,612
UC35517,Oregon,M,College,18532,0,70,0,Corporate Auto,Four-Door Car,504
HS89788,Arizona,F,High School or Below,7716,0,107,0,Personal Auto,Luxury,1167
SG82836,Oregon,M,High School or Below,6440,47412,81,0,Personal Auto,Two-Door Car,422
VM50666,California,M,Doctor,9718,0,65,0,Special Auto,Four-Door Car,312
MD70513,Washington,M,College,12759,68351,107,0,Personal Auto,SUV,725
YX96463,Oregon,F,Bachelor,5927,58733,74,0,Corporate Auto,Four-Door Car,355
LH38387,Nevada,F,Bachelor,11390,58187,95,0,Personal Auto,Two-Door Car,77
BY59578,California,M,College,3497,63189,88,0,Personal Auto,Four-Door Car,569
RN12107,Oregon,F,High School or Below,9477,0,254,0,Corporate Auto,Luxury,1829
MZ84108,Arizona,M,Bachelor,9854,44006,130,0,Personal Auto,Luxury,495
JG68387,Nevada,F,Bachelor,8099,60932,101,0,Corporate Auto,SUV,485
AQ94108,Oregon,F,College,8508,56704,71,0,Corporate Auto,Four-Door Car,85
NE85389,Oregon,F,High School or Below,23904,0,74,1,Personal Auto,Four-Door Car,355
JQ35849,California,M,High School or Below,5361,24254,68,0,Personal Auto,Four-Door Car,326
QU93024,California,M,Bachelor,29707,0,128,0,Personal Auto,SUV,1345
EQ90867,Oregon,M,College,5431,57125,68,0,Corporate Auto,Four-Door Car,326
PG67485,Nevada,M,High School or Below,9049,0,119,0,Personal Auto,Luxury,571
OX62244,California,M,Bachelor,4360,0,64,0,Personal Auto,Four-Door Car,307
MW98508,Oregon,F,College,2889,72075,73,2,Special Auto,Four-Door Car,23
MM50888,Arizona,F,High School or Below,3056,34317,78,2,Personal Auto,Two-Door Car,264
QZ19741,Oregon,F,College,13816,96745,179,5,Personal Auto,SUV,859
ET10831,Oregon,M,College,5117,95427,65,0,Personal Auto,Four-Door Car,443
OL72669,Arizona,M,Bachelor,10033,0,146,0,Corporate Auto,SUV,1405
BM46418,Nevada,M,College,2773,30606,71,0,Personal Auto,Two-Door Car,253
VD78722,Oregon,M,College,2648,37876,69,0,Personal Auto,Four-Door Car,300
FL69981,California,F,Bachelor,4039,0,110,0,Personal Auto,SUV,528
EG10175,California,F,Master,7782,57474,97,0,Personal Auto,Two-Door Car,280
WS60888,California,M,Bachelor,16473,22828,106,0,Personal Auto,SUV,509
LM58227,Oregon,F,High School or Below,5285,65096,67,3,Personal Auto,Four-Door Car,322
IK49861,Oregon,M,Bachelor,3108,0,88,0,Personal Auto,Two-Door Car,87
RM87465,Arizona,M,High School or Below,5780,51066,74,0,Personal Auto,Four-Door Car,788
BY75330,California,M,Bachelor,26940,96866,113,1,Personal Auto,SUV,377
CF41619,Nevada,M,College,2329,20934,61,1,Personal Auto,Four-Door Car,293
ZZ54454,Nevada,M,Master,4590,32510,119,0,Personal Auto,Two-Door Car,571
CU84967,California,F,High School or Below,4428,58577,110,0,Personal Auto,SUV,304
UR56056,Oregon,M,Bachelor,10882,73268,137,0,Personal Auto,SUV,41
VN30344,California,M,College,5413,0,80,0,Personal Auto,Four-Door Car,576
YE67531,Oregon,M,High School or Below,8383,19683,117,1,Personal Auto,Luxury,562
EW67348,Nevada,F,College,4835,38713,66,4,Personal Auto,Four-Door Car,317
PD69398,Washington,M,College,21710,62370,94,2,Corporate Auto,Four-Door Car,32
YT43943,California,F,High School or Below,2431,28476,62,0,Personal Auto,Four-Door Car,298
ON74557,California,M,Bachelor,14652,74915,122,0,Personal Auto,SUV,393
JL52508,Oregon,M,Doctor,5073,57709,125,0,Personal Auto,SUV,600
UI62725,Oregon,M,Bachelor,5520,94676,69,0,Corporate Auto,Four-Door Car,331
LO75919,Arizona,M,Bachelor,6008,43543,76,0,Personal Auto,Two-Door Car,339
SM62247,Nevada,F,High School or Below,24543,68297,212,3,Corporate Auto,Luxury,1272
AF20716,Oregon,M,Bachelor,2429,74241,61,0,Personal Auto,Two-Door Car,139
LQ22609,Arizona,F,College,3452,61385,86,0,Personal Auto,Four-Door Car,199
ZP80265,Oregon,M,Bachelor,4109,0,62,0,Personal Auto,Two-Door Car,446
BO87401,Nevada,F,College,8715,0,118,0,Personal Auto,SUV,566
SX20211,Oregon,M,College,8110,52548,101,0,Personal Auto,Four-Door Car,588
EK61334,California,F,Bachelor,3670,0,95,0,Personal Auto,Four-Door Car,430
QJ49871,Oregon,M,College,3893,26605,100,0,Personal Auto,SUV,933
OO65445,Oregon,F,Bachelor,2496,0,67,0,Personal Auto,Four-Door Car,181
WP55297,Washington,M,Bachelor,4630,0,70,0,Personal Auto,Four-Door Car,755
WY12393,Washington,F,High School or Below,17685,82667,64,1,Special Auto,Two-Door Car,307
JF32940,Oregon,F,Bachelor,15664,31789,130,0,Personal Auto,SUV,316
WX84274,Oregon,F,Bachelor,4940,0,71,0,Corporate Auto,Four-Door Car,552
CW85845,California,F,High School or Below,2754,25151,69,0,Corporate Auto,Four-Door Car,318
IO57824,Arizona,M,Bachelor,2954,0,87,2,Personal Auto,Four-Door Car,414
AX86552,California,M,College,6199,24053,87,1,Personal Auto,Four-Door Car,625
LM84078,Oregon,M,College,12176,0,117,0,Personal Auto,SUV,1373
GG87344,Oregon,F,College,4035,55407,101,1,Personal Auto,SUV,275
LA35379,Oregon,F,Master,2954,62461,73,0,Personal Auto,Four-Door Car,129
EZ43738,California,F,Bachelor,5205,29406,68,0,Personal Auto,Four-Door Car,326
DF49110,Oregon,M,Doctor,8100,89420,67,0,Personal Auto,Four-Door Car,212
IL32727,California,F,High School or Below,4444,0,121,0,Personal Auto,SUV,644
QV55524,Washington,M,College,7503,52464,95,0,Personal Auto,Four-Door Car,516
EB55390,Oregon,F,Master,2549,43731,64,2,Special Auto,Four-Door Car,162
KB54415,Arizona,M,High School or Below,2473,13449,68,0,Personal Auto,Four-Door Car,326
PG14554,Arizona,M,Bachelor,32777,0,115,0,Personal Auto,SUV,552
QI63521,Nevada,M,High School or Below,19228,0,187,0,Personal Auto,Luxury,898
DC85335,Oregon,M,College,4538,49821,61,4,Personal Auto,Four-Door Car,333
SR26762,California,F,Bachelor,7664,34837,63,0,Personal Auto,Four-Door Car,73
UH86550,Oregon,F,College,4177,44222,104,0,Personal Auto,Four-Door Car,413
ON72594,California,F,Master,11776,58881,97,0,Personal Auto,Four-Door Car,355
LE28486,Oregon,F,College,3997,46210,100,0,Personal Auto,SUV,46
EJ86526,Oregon,F,Bachelor,5491,49480,70,1,Corporate Auto,Four-Door Car,73
DQ92905,Arizona,M,Bachelor,12990,0,65,0,Personal Auto,Four-Door Car,312
JL25091,California,M,Bachelor,4600,79284,117,1,Special Auto,Four-Door Car,156
HP42153,Washington,F,High School or Below,2352,12928,64,0,Personal Auto,Four-Door Car,307
OQ27893,Oregon,M,High School or Below,2903,20510,74,0,Personal Auto,Two-Door Car,355
PB31909,California,M,College,3808,0,115,0,Corporate Auto,Four-Door Car,828
AL43715,Nevada,M,Master,8311,67541,104,0,Personal Auto,Four-Door Car,204
YA70612,Oregon,M,Bachelor,8963,97924,74,0,Personal Auto,Two-Door Car,355
LO37570,Arizona,M,High School or Below,12158,40432,77,0,Personal Auto,Four-Door Car,370
XC83045,Nevada,M,Bachelor,16460,16869,222,0,Personal Auto,Luxury,1066
NC47038,Arizona,M,High School or Below,8789,91171,110,0,Personal Auto,SUV,771
DS31990,Oregon,M,High School or Below,5093,0,71,0,Personal Auto,Two-Door Car,151
CR99369,Arizona,M,High School or Below,5378,34528,69,2,Corporate Auto,Four-Door Car,184
RE68901,Washington,F,College,5636,20303,71,0,Corporate Auto,Four-Door Car,341
VQ97965,Oregon,F,Bachelor,3514,73643,89,0,Corporate Auto,Four-Door Car,147
ZK83518,California,M,College,4386,10621,67,0,Personal Auto,Four-Door Car,322
EJ77557,California,M,High School or Below,7295,76407,91,0,Personal Auto,Four-Door Car,437
QJ62033,Arizona,M,High School or Below,2415,0,71,0,Personal Auto,Four-Door Car,511
OH23652,Oregon,F,Bachelor,4694,26607,122,0,Personal Auto,SUV,586
NE51159,Oregon,M,College,7482,61783,94,0,Personal Auto,Four-Door Car,658
GU56606,Nevada,M,Bachelor,5953,20283,77,0,Personal Auto,Two-Door Car,370
HR28499,California,M,Bachelor,3891,43578,98,0,Personal Auto,Two-Door Car,106
VK92827,California,M,Bachelor,5352,93606,67,0,Personal Auto,Four-Door Car,322
DZ85842,California,M,High School or Below,8106,17920,72,0,Personal Auto,Four-Door Car,424
HX87528,California,M,College,3510,51800,92,0,Personal Auto,Four-Door Car,299
FJ57446,Oregon,F,College,8434,27694,108,0,Personal Auto,SUV,742
GU91528,Oregon,F,High School or Below,4255,11904,61,2,Personal Auto,Two-Door Car,293
LR92373,Nevada,F,Bachelor,2840,53444,72,1,Personal Auto,Four-Door Car,316
LC90366,Nevada,M,Bachelor,16473,22828,106,0,Personal Auto,SUV,509
UI36597,Oregon,M,Bachelor,31707,50719,131,0,Personal Auto,SUV,871
MD33155,California,M,College,2581,46900,66,0,Corporate Auto,Four-Door Car,317
MB20764,Oregon,M,High School or Below,17622,0,252,0,Corporate Auto,Luxury,1814
JA76884,California,M,Master,14436,60880,119,0,Personal Auto,Two-Door Car,110
BQ32117,California,M,Doctor,12732,40870,105,0,Personal Auto,SUV,504
ZM45168,Oregon,M,College,2398,14321,65,0,Personal Auto,Four-Door Car,424
BE25221,Arizona,M,High School or Below,6183,20072,82,0,Corporate Auto,Four-Door Car,473
II92123,Oregon,M,High School or Below,9431,77365,79,0,Personal Auto,Two-Door Car,3
PN35535,California,F,College,4651,98475,115,0,Personal Auto,SUV,552
EI17022,Washington,M,Bachelor,12169,14973,115,0,Corporate Auto,SUV,828
OH41318,Washington,M,Master,26122,83385,131,2,Personal Auto,SUV,704
ER52041,California,M,College,3237,0,90,0,Personal Auto,Four-Door Car,659
PY57181,Oregon,M,College,9416,0,86,1,Personal Auto,Four-Door Car,413
CY12922,Arizona,M,College,2506,0,73,0,Personal Auto,Four-Door Car,526
YV85096,Oregon,F,Bachelor,5272,98110,65,0,Corporate Auto,Four-Door Car,176
DG34434,California,F,Bachelor,5246,28909,66,0,Corporate Auto,Two-Door Car,457
DL14445,California,F,College,10612,0,96,0,Personal Auto,Four-Door Car,950
QL80621,Oregon,F,Bachelor,2250,0,62,0,Personal Auto,Four-Door Car,298
NY57065,California,M,Bachelor,2817,42937,71,0,Corporate Auto,Two-Door Car,252
EO17010,California,M,Master,4751,30887,119,0,Personal Auto,SUV,444
LC47479,Oregon,M,College,28622,35442,239,0,Personal Auto,Luxury,1147
GB92679,Nevada,F,High School or Below,8422,95139,103,0,Personal Auto,Four-Door Car,34
VQ78876,Oregon,F,Bachelor,4660,89834,116,0,Corporate Auto,SUV,43
YQ24856,California,M,Bachelor,6844,0,66,0,Corporate Auto,Two-Door Car,479
XV11038,California,F,College,9224,18814,122,0,Personal Auto,Luxury,586
MG88768,California,M,College,4939,82733,62,0,Corporate Auto,Four-Door Car,72
RN36393,California,F,High School or Below,15114,28513,100,1,Personal Auto,SUV,480
BU59722,Washington,M,High School or Below,5038,0,68,1,Personal Auto,Four-Door Car,326
JD86991,Oregon,M,Bachelor,5097,67233,63,0,Personal Auto,Two-Door Car,247
QM60216,Oregon,M,College,8907,58718,226,0,Personal Auto,Luxury,1085
NJ43658,California,M,Master,22721,21724,198,0,Corporate Auto,Luxury,1505
GL34504,California,F,High School or Below,9095,65103,115,4,Personal Auto,Four-Door Car,552
YX51934,California,F,High School or Below,4899,55071,61,0,Personal Auto,Four-Door Car,232
FO83170,California,M,Doctor,2916,85817,72,0,Personal Auto,Four-Door Car,155
JW33458,California,F,Master,5730,92254,70,0,Corporate Auto,Four-Door Car,246
JP10227,California,M,College,12281,88340,102,0,Corporate Auto,Two-Door Car,490
HX90683,California,F,College,2472,63860,62,0,Personal Auto,Four-Door Car,209
UC19334,California,F,High School or Below,4698,26411,126,1,Corporate Auto,SUV,605
ED61615,California,M,High School or Below,7950,26189,69,0,Personal Auto,Four-Door Car,331
CB78049,California,M,College,3299,66114,92,4,Personal Auto,Four-Door Car,179
OS70004,California,M,College,7507,49561,193,0,Personal Auto,SUV,926
SM67119,California,F,College,7124,16139,62,0,Personal Auto,Four-Door Car,298
RO77709,California,M,High School or Below,8008,63775,100,0,Corporate Auto,SUV,463
QT27514,California,F,Bachelor,5319,25134,67,0,Personal Auto,Four-Door Car,322
ZT53375,California,M,Bachelor,5484,87777,68,0,Personal Auto,Two-Door Car,258
LB35863,California,F,Bachelor,7244,0,103,0,Personal Auto,SUV,494
JL95389,California,F,Bachelor,15558,62922,194,0,Corporate Auto,Luxury,1122
MF30956,California,M,College,8946,83761,112,0,Corporate Auto,SUV,270
FD36230,California,F,High School or Below,8442,50801,72,3,Personal Auto,Four-Door Car,43
OE75629,California,M,College,2799,48675,71,1,Corporate Auto,Four-Door Car,341
VV97308,California,M,High School or Below,7523,55916,63,0,Personal Auto,Four-Door Car,302
LU17507,California,F,Bachelor,39033,0,180,0,Personal Auto,Luxury,864
TW11115,California,F,High School or Below,2595,30064,65,0,Personal Auto,Two-Door Car,297
ND42562,California,M,High School or Below,8991,0,127,0,Personal Auto,Luxury,1176
FZ29605,California,M,College,2332,0,67,0,Corporate Auto,Four-Door Car,482
SC30127,California,F,Doctor,9244,12081,82,0,Personal Auto,Two-Door Car,548
HI26883,California,M,Bachelor,6291,0,95,0,Personal Auto,Two-Door Car,684
EW15755,California,F,Master,9880,62326,122,0,Personal Auto,SUV,96
GH48839,California,M,College,11790,25251,66,0,Corporate Auto,Four-Door Car,317
IX46908,California,F,College,5477,21289,71,0,Corporate Auto,Four-Door Car,341
OO89057,California,F,Master,4014,54054,99,0,Personal Auto,Four-Door Car,6
LX95134,California,F,College,3675,84814,90,0,Corporate Auto,Four-Door Car,513
CX89767,California,F,High School or Below,4714,46097,61,4,Personal Auto,Four-Door Car,197
DI45039,California,F,College,2754,58705,69,0,Personal Auto,Two-Door Car,49
AI14767,California,F,High School or Below,40689,37455,114,0,Personal Auto,SUV,547
OJ38536,California,F,Doctor,4564,62010,112,0,Personal Auto,SUV,538
TI90592,California,M,College,7430,61568,93,0,Corporate Auto,Four-Door Car,241
UN63889,California,M,Bachelor,2645,90443,66,0,Personal Auto,Two-Door Car,235
FZ94690,California,M,High School or Below,26220,24743,84,0,Personal Auto,Four-Door Car,1008
TL60066,California,F,High School or Below,2397,22283,65,0,Personal Auto,Four-Door Car,572
OL61964,California,M,Bachelor,5208,74627,65,0,Corporate Auto,Four-Door Car,177
DN77617,California,F,College,5907,47306,74,0,Corporate Auto,Four-Door Car,98
BV12771,California,M,College,27421,0,112,0,Personal Auto,SUV,538
NA14154,California,M,Bachelor,5045,59292,64,0,Corporate Auto,Two-Door Car,218
ZO54248,California,F,High School or Below,3090,23970,77,0,Personal Auto,Four-Door Car,44
CW13886,California,M,College,8514,48428,72,1,Personal Auto,Four-Door Car,224
TT63451,California,F,High School or Below,20926,44342,74,0,Personal Auto,Four-Door Car,355
OW54561,California,M,College,3515,0,103,2,Personal Auto,Luxury,742
EE34821,California,F,Bachelor,17667,0,74,0,Corporate Auto,Two-Door Car,355
ZB85648,California,F,College,30313,67117,85,0,Personal Auto,Two-Door Car,329
IE57921,California,F,Bachelor,4727,13037,124,0,Personal Auto,SUV,839
OY47486,California,M,College,5285,71960,67,0,Personal Auto,Two-Door Car,151
LV51815,California,F,High School or Below,2990,73137,74,1,Corporate Auto,Four-Door Car,228
VU99672,California,M,College,3548,0,96,0,Corporate Auto,Four-Door Car,446
SN69015,California,M,College,6371,23797,81,0,Personal Auto,Four-Door Car,389
UO54843,California,M,Bachelor,5372,70286,67,0,Corporate Auto,Four-Door Car,130
ES34753,California,F,Master,5165,12904,132,0,Personal Auto,SUV,634
KE91683,California,F,High School or Below,8265,42045,103,0,Personal Auto,SUV,41
YU23754,California,F,Master,5194,24948,65,0,Personal Auto,Four-Door Car,280
AS77287,California,M,College,8100,25452,107,0,Personal Auto,Luxury,955
PD36660,California,F,High School or Below,8845,95850,109,0,Corporate Auto,Luxury,329
BQ20851,California,M,Master,8296,73556,104,0,Personal Auto,SUV,498
PW91494,California,F,High School or Below,9344,0,64,1,Personal Auto,Two-Door Car,307
NZ83890,California,F,High School or Below,5082,0,69,0,Personal Auto,Two-Door Car,94
QV24282,California,F,Bachelor,5364,43879,69,0,Corporate Auto,Four-Door Car,242
YF67162,California,F,High School or Below,2430,23941,61,0,Corporate Auto,Four-Door Car,293
YE20366,California,M,Bachelor,7183,14390,65,0,Personal Auto,Four-Door Car,403
PN77420,California,M,College,5377,30039,70,0,Corporate Auto,Four-Door Car,499
CF26207,California,M,College,7019,26806,63,0,Personal Auto,Four-Door Car,302
WH24638,California,F,College,7079,24450,90,0,Personal Auto,Four-Door Car,251
YQ16427,California,F,High School or Below,2416,0,64,0,Personal Auto,Four-Door Car,360
AZ90068,California,M,College,8193,89219,73,4,Personal Auto,Four-Door Car,350
PL59209,California,F,College,6953,0,73,3,Corporate Auto,Four-Door Car,526
VK93542,California,M,High School or Below,7466,0,109,0,Personal Auto,SUV,785
NE70589,California,M,College,13221,29504,117,0,Personal Auto,SUV,809
AT52647,California,F,High School or Below,4015,0,113,0,Personal Auto,SUV,1305
CW38361,California,M,Bachelor,8745,61706,110,0,Corporate Auto,SUV,224
BZ92811,California,F,High School or Below,5949,88122,148,0,Corporate Auto,SUV,840
ON68006,California,F,Bachelor,5520,26129,70,0,Personal Auto,Four-Door Car,419
VG58889,California,F,Bachelor,5041,22350,66,0,Corporate Auto,Two-Door Car,317
MI42935,California,F,Bachelor,5655,0,83,0,Personal Auto,Four-Door Car,598
OS21957,California,F,High School or Below,8897,26201,112,0,Personal Auto,SUV,169
JG21385,California,M,Bachelor,8716,0,84,0,Personal Auto,Four-Door Car,605
CT62892,California,F,Bachelor,7869,0,107,0,Personal Auto,SUV,514
IE97795,California,M,High School or Below,6878,39020,87,0,Corporate Auto,Four-Door Car,485
DM59629,California,F,Bachelor,6412,47606,81,0,Personal Auto,Two-Door Car,389
SH48087,California,F,College,10144,27231,88,0,Personal Auto,Four-Door Car,422
WG93963,California,F,College,8576,39946,218,0,Personal Auto,Luxury,1046
OQ88395,California,M,College,4511,84300,111,0,Corporate Auto,SUV,202
XH46220,California,F,College,3747,41479,94,1,Corporate Auto,Two-Door Car,20
BK61065,California,M,Master,5480,56005,68,1,Personal Auto,Four-Door Car,326
UD87700,California,M,High School or Below,7164,0,108,0,Corporate Auto,SUV,1260
CO19402,California,F,Bachelor,13266,99617,109,0,Personal Auto,SUV,75
KJ29915,California,F,Bachelor,5246,28909,66,0,Personal Auto,Two-Door Car,457
JX52708,California,M,Bachelor,4556,25617,63,0,Personal Auto,Two-Door Car,302
OT42923,California,M,High School or Below,2751,86788,70,0,Personal Auto,Four-Door Car,336
DL34364,California,M,High School or Below,2914,28523,77,0,Corporate Auto,Four-Door Car,370
WX16610,California,F,Bachelor,5825,38492,72,0,Personal Auto,Four-Door Car,208
NH76558,California,F,High School or Below,5755,97657,71,0,Personal Auto,Two-Door Car,107
SQ14756,California,M,Master,2425,49008,61,1,Personal Auto,Four-Door Car,293
EP64069,California,F,Bachelor,5138,72264,64,0,Corporate Auto,Four-Door Car,273
IS63817,California,M,College,6047,20396,76,1,Corporate Auto,Four-Door Car,365
UC83161,California,F,High School or Below,6106,60234,152,0,Personal Auto,SUV,136
DL45122,California,M,Bachelor,3330,75556,84,0,Corporate Auto,Four-Door Car,499
KB90953,California,F,Bachelor,40132,98710,123,0,Personal Auto,Luxury,587
EX72956,California,F,Bachelor,5095,69461,64,0,Personal Auto,Two-Door Car,101
YN15016,California,M,High School or Below,4472,0,68,2,Personal Auto,Four-Door Car,490
GW56797,California,M,High School or Below,8774,0,87,0,Personal Auto,Four-Door Car,626
QR57842,California,F,College,10351,73895,129,0,Corporate Auto,SUV,825
TB53616,California,M,High School or Below,10409,20228,101,1,Personal Auto,SUV,524
JN10602,California,F,Master,8201,81785,67,0,Personal Auto,Four-Door Car,322
VI94769,California,F,Bachelor,2248,24910,63,1,Personal Auto,Four-Door Car,348
BQ60673,California,M,Bachelor,5205,32946,66,0,Corporate Auto,Two-Door Car,317
JK68578,California,F,High School or Below,15306,83868,189,0,Corporate Auto,Luxury,135
OI39449,California,F,College,8002,0,107,0,Personal Auto,SUV,514
NJ29981,California,M,High School or Below,4553,0,124,0,Corporate Auto,SUV,714
ZO16199,California,F,High School or Below,5354,17099,69,0,Personal Auto,Four-Door Car,331
HB12866,California,F,High School or Below,7450,0,206,0,Personal Auto,Luxury,1483
DQ19344,California,M,College,3112,33046,79,0,Personal Auto,Four-Door Car,182
GH35369,California,M,College,4386,10621,67,0,Personal Auto,Four-Door Car,322
QR26617,California,M,Bachelor,4866,21498,63,0,Corporate Auto,Four-Door Car,302
QZ34525,California,M,Bachelor,6993,0,66,0,Personal Auto,Four-Door Car,440
IU62399,California,F,Bachelor,5860,36889,74,1,Personal Auto,Four-Door Car,192
OH23893,California,F,Bachelor,9116,69588,114,0,Personal Auto,SUV,173
ZX83542,California,M,Master,5301,26585,69,0,Corporate Auto,Four-Door Car,309
CO16841,California,F,Bachelor,3630,0,101,0,Corporate Auto,SUV,727
MV81355,California,M,High School or Below,8819,99845,110,1,Personal Auto,SUV,528
HU22390,California,M,College,5389,66429,136,0,Corporate Auto,Luxury,58
YS74016,California,M,Bachelor,3123,0,101,4,Personal Auto,SUV,960
PU33703,California,F,College,2435,43721,61,0,Personal Auto,Four-Door Car,293
PJ59176,California,M,High School or Below,8754,51209,109,0,Personal Auto,SUV,39
ML68781,California,F,College,2629,84498,65,0,Personal Auto,Four-Door Car,255
JI93499,California,M,High School or Below,6669,0,65,1,Corporate Auto,Four-Door Car,312
NY90858,California,M,College,6766,59034,85,0,Personal Auto,Four-Door Car,379
IZ76711,California,F,Bachelor,10014,0,135,0,Personal Auto,Luxury,774
BT78461,California,F,College,11288,96399,70,0,Personal Auto,Four-Door Car,308
PS68884,California,M,College,4686,58089,118,0,Corporate Auto,SUV,566
EY71439,California,M,High School or Below,7132,0,103,0,Corporate Auto,Luxury,742
TO84268,California,M,Master,9052,60964,113,0,Personal Auto,Four-Door Car,328
UH93563,California,M,College,5306,42871,67,0,Corporate Auto,Four-Door Car,322
GD57363,California,M,College,5134,38795,65,0,Personal Auto,Four-Door Car,98
LU36517,California,M,Bachelor,11125,0,112,0,Personal Auto,Two-Door Car,806
DO93657,California,M,Master,7285,57134,91,1,Personal Auto,Two-Door Car,437
EF41225,California,F,College,14628,40711,121,0,Personal Auto,SUV,581
CY97519,California,M,College,17087,26334,63,2,Corporate Auto,Two-Door Car,454
FO36473,California,F,Bachelor,4298,31414,116,4,Personal Auto,SUV,557
OD66412,California,F,Doctor,5019,74423,62,0,Personal Auto,Four-Door Car,51
IW54903,California,F,College,7201,0,66,0,Personal Auto,Four-Door Car,317
RF64040,California,F,Bachelor,9591,0,128,0,Corporate Auto,SUV,151
CB17191,California,F,High School or Below,3241,30646,81,0,Corporate Auto,Four-Door Car,129
OI39301,California,F,High School or Below,8907,0,118,0,Personal Auto,SUV,566
VY90611,California,F,Master,2499,28264,63,0,Corporate Auto,Two-Door Car,365
KF96171,California,F,High School or Below,8168,0,117,0,Personal Auto,Two-Door Car,842
IJ36435,California,F,College,5812,0,79,0,Personal Auto,Four-Door Car,305
GX40957,California,F,College,18732,70187,117,0,Personal Auto,Luxury,632
RT36566,California,F,Bachelor,5261,31006,67,0,Personal Auto,Four-Door Car,322
ML38237,California,F,High School or Below,8870,0,119,0,Corporate Auto,SUV,571
RR74547,California,M,High School or Below,2879,0,85,0,Personal Auto,Four-Door Car,612
PK26805,California,M,High School or Below,2811,20371,71,1,Personal Auto,Four-Door Car,341
KS36311,California,F,College,2701,39141,68,0,Personal Auto,Four-Door Car,402
ZZ69693,California,M,High School or Below,2450,0,69,0,Corporate Auto,Four-Door Car,497
FS70572,California,M,College,9446,76837,78,0,Corporate Auto,Four-Door Car,24
LN87823,California,F,High School or Below,4415,0,61,0,Personal Auto,Four-Door Car,644
XL81489,California,F,Bachelor,6786,0,197,0,Corporate Auto,Luxury,1440
NQ32487,California,F,High School or Below,3601,25147,101,0,Personal Auto,SUV,695
XF60649,California,F,Bachelor,7453,0,106,0,Personal Auto,SUV,763
VA95584,California,M,Master,12723,34665,64,0,Personal Auto,Two-Door Car,451
FN80010,California,F,Master,4313,25404,112,0,Personal Auto,SUV,578
QX22025,California,F,High School or Below,12149,37025,101,0,Corporate Auto,SUV,427
ZU63258,California,M,Bachelor,3550,0,100,1,Personal Auto,SUV,480
IC74050,California,F,High School or Below,6153,23939,160,1,Personal Auto,SUV,768
JX80723,California,M,College,6272,76673,80,1,Personal Auto,Four-Door Car,56
CT50487,California,F,High School or Below,2851,55274,71,0,Corporate Auto,Two-Door Car,485
VT16570,California,F,College,6781,30324,86,0,Corporate Auto,Four-Door Car,144
YW94562,California,F,College,4985,31702,63,1,Personal Auto,Four-Door Car,302
JG83075,California,F,College,6725,0,95,0,Corporate Auto,Four-Door Car,684
SZ61563,California,M,Bachelor,36633,70908,132,1,Personal Auto,SUV,521
JO60130,California,M,High School or Below,5839,81082,73,0,Personal Auto,Four-Door Car,281
BG55927,California,F,College,12207,17705,108,1,Personal Auto,Two-Door Car,669
BS53322,California,F,High School or Below,14197,77738,118,0,Personal Auto,SUV,463
FZ13256,California,F,Bachelor,2671,0,72,0,Corporate Auto,Four-Door Car,366
CM38959,California,F,College,8034,70311,66,0,Personal Auto,Two-Door Car,341
FS38926,California,F,Bachelor,9686,66022,239,0,Personal Auto,Luxury,538
EN31802,California,M,High School or Below,36168,74140,101,2,Personal Auto,SUV,485
TO18404,California,F,Bachelor,10453,73604,88,0,Corporate Auto,Two-Door Car,398
VQ53427,California,M,College,5407,21855,74,1,Corporate Auto,Four-Door Car,355
OT50011,California,F,Master,2671,23305,68,0,Personal Auto,Four-Door Car,127
OO96627,California,M,High School or Below,3531,0,98,0,Corporate Auto,Two-Door Car,959
BN77676,California,M,High School or Below,4836,0,71,0,Personal Auto,Four-Door Car,511
JT64945,California,F,College,13422,65024,67,0,Personal Auto,Four-Door Car,190
BO58202,California,F,Bachelor,2424,22590,67,0,Personal Auto,Two-Door Car,86
UR71715,California,M,College,2983,0,91,0,Personal Auto,Four-Door Car,437
GM84292,California,F,Master,14723,38401,92,0,Corporate Auto,Four-Door Car,442
DW20514,California,M,College,8438,25539,112,0,Personal Auto,SUV,585
WZ45123,California,M,Master,14436,60880,119,0,Personal Auto,Two-Door Car,110
LW11571,California,M,Bachelor,2690,87313,67,0,Personal Auto,Four-Door Car,322
TI48450,California,M,College,7949,23916,68,0,Corporate Auto,Two-Door Car,481
CZ62883,California,F,Bachelor,11379,34854,95,0,Corporate Auto,Four-Door Car,456
BY88565,California,F,College,5220,48203,66,0,Personal Auto,Four-Door Car,413
EB61889,California,M,High School or Below,9486,25322,126,0,Corporate Auto,Luxury,886
GX22027,California,F,Bachelor,4763,16656,63,1,Personal Auto,Two-Door Car,302
BN91755,California,F,Master,4975,44723,124,0,Personal Auto,SUV,341
OZ89964,California,M,High School or Below,4423,35979,116,2,Personal Auto,Luxury,557
PV62467,California,F,College,4850,36413,61,0,Personal Auto,Four-Door Car,153
QZ71100,California,M,Bachelor,19238,0,196,0,Corporate Auto,Luxury,2093
UA63517,California,F,Doctor,8519,0,112,1,Personal Auto,Luxury,538
BD69478,California,M,College,5195,51883,66,0,Personal Auto,Two-Door Car,624
GV41938,California,F,High School or Below,46302,0,151,1,Personal Auto,SUV,1087
UA73107,California,M,Bachelor,2539,18608,71,0,Corporate Auto,Four-Door Car,341
XU43725,California,F,College,14071,0,127,0,Corporate Auto,SUV,678
MT78037,California,M,High School or Below,2749,55964,69,0,Personal Auto,Four-Door Car,497
FH81263,California,M,High School or Below,6006,85510,74,0,Corporate Auto,Four-Door Car,355
SZ94413,California,M,High School or Below,3286,30706,84,0,Personal Auto,Four-Door Car,226
HI48554,California,F,High School or Below,2648,29587,69,0,Personal Auto,Two-Door Car,331
YR30159,California,M,College,20936,20309,181,0,Personal Auto,Luxury,1580
EV15014,California,M,Bachelor,7194,0,71,0,Personal Auto,Four-Door Car,599
BM16805,California,F,College,11435,12470,103,1,Corporate Auto,SUV,619
IB60476,California,M,Master,4064,0,107,0,Personal Auto,Luxury,514
YC63458,California,F,Bachelor,5893,86498,74,1,Personal Auto,Two-Door Car,9
VS42598,California,F,Bachelor,8256,62902,69,0,Personal Auto,Two-Door Car,159
BB65725,California,M,College,8061,57293,102,0,Corporate Auto,Luxury,348
UZ86963,California,F,High School or Below,9333,0,129,0,Corporate Auto,Luxury,929
RR39300,California,F,High School or Below,34244,51255,122,0,Personal Auto,SUV,422
IU25994,California,M,College,31517,0,125,0,Corporate Auto,SUV,626
IO81315,California,F,College,2460,69241,61,0,Personal Auto,Four-Door Car,48
JC93010,California,M,Bachelor,4930,25632,63,0,Personal Auto,Two-Door Car,351
XO56170,California,F,High School or Below,2867,87428,72,0,Personal Auto,Four-Door Car,224
QS65968,California,M,Master,8429,98796,104,0,Personal Auto,SUV,499
PT42203,California,M,College,8052,78617,101,0,Corporate Auto,Four-Door Car,233
SX87181,California,F,Bachelor,4916,0,65,0,Personal Auto,Two-Door Car,312
RE85409,California,M,High School or Below,5387,93893,67,0,Personal Auto,Four-Door Car,99
YW95322,California,M,Bachelor,3509,23629,88,0,Personal Auto,Four-Door Car,634
TL39187,California,M,Bachelor,6511,0,91,0,Corporate Auto,Two-Door Car,655
XP41644,California,M,High School or Below,4336,30574,114,1,Corporate Auto,Luxury,396
FZ89300,California,F,Bachelor,3674,69555,92,0,Personal Auto,Four-Door Car,255
ED80746,California,M,Bachelor,7426,19634,98,0,Corporate Auto,Two-Door Car,470
BD35524,California,M,Bachelor,2640,15776,69,0,Personal Auto,Two-Door Car,338
EW68125,California,F,Bachelor,4890,46819,62,0,Personal Auto,Four-Door Car,158
TT86956,California,F,Master,10537,47950,65,0,Personal Auto,Four-Door Car,302
KA67497,California,F,High School or Below,6386,0,63,1,Personal Auto,Two-Door Car,302
TM68292,California,F,Master,4565,12626,69,4,Personal Auto,Four-Door Car,331
SC23927,California,M,High School or Below,4773,20993,133,0,Personal Auto,SUV,638
BO92934,California,M,High School or Below,10387,24392,93,0,Personal Auto,Four-Door Car,446
XR82418,California,M,Bachelor,4985,86305,62,0,Personal Auto,Four-Door Car,81
XS56253,California,M,Bachelor,6600,0,110,3,Personal Auto,Luxury,1012
UC34044,California,F,College,2592,56701,65,0,Personal Auto,Four-Door Car,333
MU64306,California,M,College,8356,57074,105,0,Personal Auto,SUV,80
UI33675,California,M,Bachelor,5142,0,72,0,Personal Auto,Two-Door Car,346
UX24010,California,F,Bachelor,5205,53614,65,1,Personal Auto,Four-Door Car,726
GC69429,California,M,Master,14817,0,135,0,Personal Auto,SUV,648
XA27299,California,M,Bachelor,12812,0,128,0,Personal Auto,SUV,790
MT39460,California,M,Master,2472,76441,62,0,Personal Auto,Four-Door Car,294
NM33351,California,F,Bachelor,35186,86134,98,0,Corporate Auto,Two-Door Car,3
IR29181,California,M,High School or Below,9336,45262,117,0,Corporate Auto,Four-Door Car,842
TE79454,California,F,Bachelor,14980,0,222,0,Personal Auto,Luxury,1123
US34108,California,F,Bachelor,4774,27725,63,4,Personal Auto,Four-Door Car,302
LG45849,California,M,Doctor,4699,27985,117,0,Personal Auto,Two-Door Car,562
FI25204,California,F,Master,3491,29673,92,2,Corporate Auto,Two-Door Car,328
YM24620,California,M,Master,4506,24790,113,0,Personal Auto,SUV,767
UG49494,California,F,High School or Below,5766,57846,73,1,Personal Auto,Four-Door Car,481
VM77872,California,M,High School or Below,7686,0,111,0,Corporate Auto,Four-Door Car,799
EY49684,California,F,Bachelor,2310,0,61,0,Personal Auto,Four-Door Car,32
XB70333,California,M,High School or Below,6582,10738,109,4,Personal Auto,Four-Door Car,852
BC75105,California,M,College,2860,45587,81,5,Personal Auto,Four-Door Car,381
BR22486,California,F,College,5039,82940,63,0,Personal Auto,Four-Door Car,333
JT27173,California,M,College,3979,42633,101,0,Corporate Auto,SUV,285
AT31367,California,F,College,6274,18577,86,0,Corporate Auto,Four-Door Car,413
EW17514,California,M,Master,14436,60880,119,0,Personal Auto,Two-Door Car,110
QJ31447,California,M,Master,19339,22582,61,0,Personal Auto,Four-Door Car,293
BC85847,California,F,Bachelor,6872,0,64,0,Corporate Auto,Four-Door Car,585
FP53421,California,M,High School or Below,7614,25944,70,0,Personal Auto,Four-Door Car,336
ZF54421,California,M,High School or Below,6369,34498,83,0,Personal Auto,Two-Door Car,398
EG81847,California,F,High School or Below,14255,31027,124,1,Personal Auto,SUV,598
SE21603,California,M,Bachelor,2469,0,71,0,Corporate Auto,Four-Door Car,485
RA47157,California,M,High School or Below,3451,45609,87,0,Corporate Auto,Two-Door Car,247
ZA45956,California,F,Master,13736,16181,181,0,Personal Auto,SUV,1261
PB93081,California,M,High School or Below,6361,41195,160,0,Corporate Auto,SUV,323
ZE49470,California,F,Master,4771,76194,119,0,Personal Auto,SUV,388
QW72605,California,F,Bachelor,10297,0,138,0,Personal Auto,SUV,667
MG53211,California,F,College,3238,60097,82,0,Personal Auto,Four-Door Car,279
YB49540,California,F,College,5254,95017,65,0,Personal Auto,Four-Door Car,325
FY77803,California,F,High School or Below,10130,0,68,0,Corporate Auto,Four-Door Car,326
KX64629,California,F,College,2229,0,64,0,Personal Auto,Four-Door Car,745
IN28584,California,F,Bachelor,16501,83547,137,1,Personal Auto,SUV,76
FP66891,California,M,Bachelor,2179,0,65,0,Personal Auto,Four-Door Car,319
TT97465,California,M,College,14642,57561,62,1,Corporate Auto,Four-Door Car,298
AM88377,California,F,Bachelor,5050,10180,65,0,Corporate Auto,Two-Door Car,456
JA47688,California,M,Master,3545,40658,90,0,Personal Auto,Two-Door Car,503
GP87031,California,F,College,3210,23554,86,0,Corporate Auto,Four-Door Car,413
ZV43350,California,F,Bachelor,4531,0,119,0,Personal Auto,Four-Door Car,571
TG37259,California,M,Master,3374,28989,85,0,Personal Auto,Four-Door Car,408
KM22467,California,M,Bachelor,5452,55898,69,0,Personal Auto,Two-Door Car,442
JB32090,California,F,High School or Below,3045,53441,76,0,Personal Auto,Two-Door Car,365
EY78874,California,M,Doctor,2716,20848,71,0,Corporate Auto,Four-Door Car,350
ZT60177,California,F,High School or Below,3803,0,108,0,Personal Auto,Luxury,933
RV92809,California,M,College,5499,22520,73,0,Personal Auto,Four-Door Car,350
VI69768,California,M,Bachelor,23990,69781,119,0,Personal Auto,SUV,849
NP40205,California,M,Bachelor,7901,99711,98,0,Corporate Auto,Four-Door Car,12
LZ56963,California,F,College,8597,25785,112,1,Corporate Auto,SUV,538
CO56168,California,M,High School or Below,3965,62638,100,0,Personal Auto,SUV,442
HJ64239,California,F,College,8263,0,113,0,Corporate Auto,SUV,814
WX80471,California,M,High School or Below,6677,56875,84,0,Personal Auto,Two-Door Car,145
EH51056,California,M,High School or Below,2751,93102,68,0,Personal Auto,Two-Door Car,579
DK19711,California,M,College,5495,25564,71,0,Personal Auto,Four-Door Car,229
ZJ71004,California,F,Bachelor,2471,29918,62,0,Personal Auto,Four-Door Car,109
CE68841,California,F,Bachelor,4128,95891,102,0,Corporate Auto,SUV,34
HX41374,California,M,High School or Below,15235,72988,127,0,Personal Auto,SUV,277
QE13586,California,M,High School or Below,6366,44368,80,0,Personal Auto,Two-Door Car,384
PA20570,California,M,Bachelor,6575,84146,82,0,Personal Auto,Four-Door Car,465
MB91424,California,M,College,7425,36259,63,0,Corporate Auto,Four-Door Car,302
QW98193,California,M,College,3924,56480,101,0,Corporate Auto,SUV,618
TS53731,California,F,College,8661,79674,107,0,Personal Auto,SUV,9
WK55963,California,M,College,8131,61036,68,0,Corporate Auto,Two-Door Car,413
CE71123,California,F,Bachelor,12751,33235,110,0,Personal Auto,SUV,114
KK38827,California,F,Master,4171,29462,107,1,Personal Auto,SUV,514
YH81239,California,M,High School or Below,6406,48131,82,0,Personal Auto,Four-Door Car,394
MD32702,California,F,Bachelor,3573,0,109,1,Personal Auto,SUV,523
UK79109,California,M,College,9095,37937,116,0,Corporate Auto,SUV,557
TV37646,California,F,College,4794,70012,119,0,Personal Auto,SUV,755
QS35019,California,M,Master,14436,60880,119,0,Personal Auto,Two-Door Car,110
RJ62038,California,M,High School or Below,8167,0,82,0,Personal Auto,Four-Door Car,590
VX94337,California,M,High School or Below,8808,59762,113,0,Corporate Auto,SUV,542
GM54723,California,M,Bachelor,9062,0,65,0,Corporate Auto,Four-Door Car,413
ET39822,California,F,Bachelor,8256,62902,69,0,Personal Auto,Two-Door Car,159
WA94988,California,F,Bachelor,19328,57245,124,0,Corporate Auto,Luxury,682
WZ23060,California,F,Bachelor,7051,39040,174,0,Personal Auto,SUV,835
HK84372,California,M,High School or Below,2410,0,70,0,Personal Auto,Four-Door Car,504
WG28563,California,F,Doctor,5520,70914,68,0,Personal Auto,Four-Door Car,78
KE70943,California,F,College,10090,97238,126,0,Personal Auto,SUV,605
LD76400,California,F,Bachelor,31317,42522,132,0,Corporate Auto,SUV,910
DR54244,California,F,High School or Below,2591,0,67,0,Personal Auto,Four-Door Car,322
FV63234,California,F,Bachelor,4957,0,67,0,Personal Auto,Four-Door Car,322
IV60781,California,F,Doctor,4014,37384,99,0,Personal Auto,Four-Door Car,475
AK59340,California,M,High School or Below,5601,42360,71,0,Corporate Auto,Four-Door Car,100
NF78904,California,F,Bachelor,7371,67871,61,0,Corporate Auto,Four-Door Car,10
IS55638,California,F,College,15504,29932,64,0,Personal Auto,Two-Door Car,320
RD40721,California,M,High School or Below,5385,0,78,0,Corporate Auto,Four-Door Car,749
ZF70768,California,M,High School or Below,4050,82758,101,0,Personal Auto,Two-Door Car,179
FH68849,California,F,Bachelor,12766,0,117,0,Personal Auto,SUV,842
ZO42514,California,F,Bachelor,9159,96331,114,0,Personal Auto,Two-Door Car,491
FR66336,California,M,High School or Below,5326,0,73,0,Personal Auto,Two-Door Car,496
MQ84363,California,M,Bachelor,11072,58971,94,1,Corporate Auto,Four-Door Car,319
UC75204,California,F,High School or Below,12851,0,186,0,Personal Auto,Luxury,1339
WN56695,California,M,College,8607,0,118,0,Personal Auto,Four-Door Car,566
MF59279,California,M,Bachelor,4223,0,63,0,Personal Auto,Two-Door Car,302
US30122,California,M,College,61135,0,198,0,Corporate Auto,Luxury,2275
IM15403,California,M,College,9368,44980,81,0,Corporate Auto,Two-Door Car,333
IH18704,California,M,Master,4365,23566,112,0,Personal Auto,SUV,538
FP27229,California,F,College,3384,54603,86,0,Corporate Auto,Four-Door Car,413
ZA60820,California,M,High School or Below,2409,0,67,0,Personal Auto,Two-Door Car,482
WT65970,California,F,High School or Below,7209,0,99,0,Personal Auto,Four-Door Car,715
IX10511,California,M,College,3876,0,117,0,Personal Auto,Luxury,842
XB71208,California,F,College,2735,96314,69,0,Personal Auto,Four-Door Car,297
QI99143,California,F,Bachelor,3093,31168,78,0,Corporate Auto,Four-Door Car,289
XQ19310,California,F,High School or Below,5007,0,71,0,Personal Auto,Two-Door Car,359
HK40573,California,M,College,14383,52174,121,0,Personal Auto,SUV,404
NN65590,California,F,College,2763,72335,69,0,Personal Auto,Four-Door Car,331
NG15940,California,M,High School or Below,3997,0,62,1,Corporate Auto,Four-Door Car,553
UE96503,California,M,Doctor,5600,0,73,0,Corporate Auto,Four-Door Car,350
AE90216,California,M,Bachelor,4975,75644,65,3,Personal Auto,Two-Door Car,468
LJ20215,California,F,High School or Below,3436,0,95,0,Corporate Auto,Four-Door Car,679
PF78020,California,M,College,5575,20075,71,0,Personal Auto,Four-Door Car,372
IU71285,California,F,Bachelor,6890,33786,89,1,Personal Auto,Two-Door Car,75
RM93459,California,M,College,17498,0,73,0,Personal Auto,Two-Door Car,350
XV53963,California,M,High School or Below,10986,96721,138,1,Personal Auto,SUV,662
ZK71157,California,F,Bachelor,5358,40833,69,0,Corporate Auto,Four-Door Car,295
FS31523,California,F,High School or Below,8533,0,122,2,Personal Auto,SUV,586
NH99355,California,M,High School or Below,4635,0,62,0,Personal Auto,Four-Door Car,298
EZ11341,California,M,College,8081,85210,68,0,Personal Auto,Two-Door Car,33
QE52050,California,F,Bachelor,5678,0,76,0,Corporate Auto,Four-Door Car,365
YT92071,California,F,Master,5244,44851,66,0,Corporate Auto,Four-Door Car,440
LO14234,California,M,High School or Below,12263,0,174,0,Personal Auto,SUV,1724
HH49378,California,M,Master,30859,69872,111,2,Corporate Auto,Luxury,218
JY66887,California,F,High School or Below,16321,0,247,3,Personal Auto,Luxury,1778
HZ39601,California,F,College,13447,26708,122,0,Personal Auto,SUV,586
TV35668,California,F,College,2722,17576,71,0,Personal Auto,Four-Door Car,399
BK83393,California,F,Bachelor,32317,55475,116,0,Personal Auto,SUV,412
ZN98560,California,M,College,7897,0,111,0,Corporate Auto,SUV,190
ZR81759,California,M,Master,2821,35855,70,0,Personal Auto,Two-Door Car,278
SV46904,California,F,High School or Below,6904,0,98,0,Personal Auto,Four-Door Car,1032
YN69214,California,M,Bachelor,7690,0,73,0,Personal Auto,Four-Door Car,618
ZI69514,California,M,College,4821,63391,64,4,Corporate Auto,Four-Door Car,120
NL33789,California,F,Bachelor,4078,53093,103,0,Corporate Auto,SUV,99
LU53495,California,M,College,2889,65412,73,1,Personal Auto,Four-Door Car,102
HN89408,California,M,College,3653,0,107,0,Corporate Auto,Four-Door Car,770
PF71940,California,F,Bachelor,4837,0,136,0,Personal Auto,SUV,979
VJ49806,California,M,College,13009,0,61,0,Personal Auto,Two-Door Car,380
GY40926,California,M,College,2613,37073,66,0,Personal Auto,Four-Door Car,317
II32272,California,F,High School or Below,25391,19359,129,0,Personal Auto,Luxury,929
NG68910,California,M,High School or Below,8901,46814,113,0,Corporate Auto,SUV,542
XK43825,California,M,College,4704,0,68,1,Personal Auto,Two-Door Car,326
LA29810,California,F,College,6241,68332,79,3,Personal Auto,Four-Door Car,379
BU71528,California,M,College,8053,17301,105,0,Personal Auto,Four-Door Car,639
OM73267,California,F,High School or Below,5229,69545,65,0,Corporate Auto,Four-Door Car,312
IW72280,California,F,Doctor,5035,37405,63,3,Corporate Auto,Four-Door Car,288
PH47195,California,M,Bachelor,5492,74271,136,0,Personal Auto,Luxury,174
KU85991,California,M,High School or Below,2592,72421,65,0,Corporate Auto,Four-Door Car,312
LK49091,California,F,Bachelor,3658,62650,92,0,Personal Auto,Four-Door Car,149
OK96130,California,M,High School or Below,5319,37331,134,0,Personal Auto,SUV,899
MN83273,California,F,High School or Below,41788,46587,119,2,Personal Auto,Four-Door Car,571
NY89701,California,F,Bachelor,5977,25320,76,1,Personal Auto,Four-Door Car,269
FL30667,California,F,College,9299,22094,79,1,Corporate Auto,Four-Door Car,461
AW27717,California,F,High School or Below,20532,12503,92,0,Personal Auto,Four-Door Car,121
OL28568,California,M,Bachelor,8725,69772,112,0,Personal Auto,Four-Door Car,538
EA52579,California,F,Bachelor,7687,0,109,0,Personal Auto,SUV,523
WZ96432,California,F,Master,9150,32370,115,0,Corporate Auto,SUV,552
HC90344,California,F,Bachelor,20371,0,73,1,Corporate Auto,Four-Door Car,526
SG59507,California,F,College,2776,38222,71,0,Personal Auto,Four-Door Car,167
HE85298,California,F,High School or Below,4384,32272,110,0,Corporate Auto,SUV,6
CR83581,California,M,College,7712,27816,118,5,Personal Auto,SUV,566
MB15338,California,M,College,11472,62134,73,0,Personal Auto,Two-Door Car,25
YR10848,California,F,Bachelor,4119,69379,103,0,Personal Auto,Two-Door Car,494
KA69047,California,M,Bachelor,3450,68082,88,0,Personal Auto,Four-Door Car,40
XE72624,California,F,High School or Below,2537,34653,64,0,Corporate Auto,Four-Door Car,307
UN77671,California,F,College,7330,26906,92,0,Personal Auto,Two-Door Car,107
RN72721,California,F,High School or Below,8886,20903,117,0,Personal Auto,SUV,562
LO94085,California,F,College,3193,80580,81,2,Personal Auto,Two-Door Car,42
JR89623,California,F,High School or Below,2699,76025,67,0,Corporate Auto,Four-Door Car,151
VF65535,California,F,College,42937,64937,122,0,Corporate Auto,SUV,329
CF95802,California,M,College,8152,0,114,0,Personal Auto,SUV,821
XX88364,California,M,Bachelor,8623,97361,73,0,Corporate Auto,Four-Door Car,350
CK15380,California,F,High School or Below,2785,20814,72,0,Personal Auto,Four-Door Car,289
HS97983,California,F,High School or Below,30648,0,105,0,Personal Auto,Four-Door Car,1212
CC92362,California,M,Bachelor,8936,18141,116,0,Personal Auto,Four-Door Car,722
JW21133,California,M,Bachelor,6480,18820,95,4,Personal Auto,Two-Door Car,456
YP72749,California,F,Bachelor,2450,44662,63,1,Corporate Auto,Four-Door Car,165
KW99972,California,F,High School or Below,10525,40332,132,2,Personal Auto,Luxury,464
NW62233,California,M,Master,5315,66467,66,0,Personal Auto,Two-Door Car,295
HJ62427,California,F,College,3522,90804,87,0,Personal Auto,Four-Door Car,169
TA31436,California,F,Bachelor,8133,36737,102,0,Corporate Auto,Luxury,513
ZK67670,California,F,Master,31758,44207,99,0,Corporate Auto,Four-Door Car,408
QK82654,California,M,College,19850,0,286,0,Personal Auto,Luxury,2059
GY43856,California,F,College,4349,75648,108,0,Corporate Auto,SUV,113
BA87216,California,M,College,20878,50555,88,0,Personal Auto,Four-Door Car,422
OH83983,California,M,Doctor,3528,31278,92,4,Personal Auto,Two-Door Car,442
ZU83252,California,F,Master,8704,61897,72,0,Personal Auto,Four-Door Car,3
DN92191,California,M,Master,8384,68717,70,0,Personal Auto,Four-Door Car,811
XR74007,California,F,Bachelor,3540,62863,88,0,Corporate Auto,Four-Door Car,95
GB32334,California,F,College,5379,24702,68,0,Personal Auto,Four-Door Car,215
QW59726,California,F,Master,2945,87274,73,1,Personal Auto,Four-Door Car,350
XO43812,California,M,Master,8028,56482,199,0,Personal Auto,Luxury,955
UI75273,California,F,High School or Below,7522,47727,94,0,Corporate Auto,Two-Door Car,451
MR76405,California,F,College,9470,46530,80,1,Corporate Auto,Four-Door Car,119
VF65251,California,M,College,6674,0,189,0,Personal Auto,Luxury,1737
GH31245,California,F,High School or Below,12695,73274,105,0,Corporate Auto,SUV,284
UW20734,California,F,College,3591,82918,89,0,Personal Auto,Two-Door Car,30
KK61203,California,M,High School or Below,3934,20920,103,0,Personal Auto,Four-Door Car,494
UQ54273,California,M,College,11790,25251,66,0,Personal Auto,Four-Door Car,317
PV48046,California,M,Master,5268,39722,133,0,Personal Auto,SUV,638
QW21219,California,F,High School or Below,16468,0,63,0,Corporate Auto,Four-Door Car,685
PR80703,California,F,Bachelor,5746,51335,71,0,Personal Auto,Four-Door Car,172
OI44122,California,M,Bachelor,8845,45600,113,0,Personal Auto,SUV,618
YM44855,California,F,Master,6571,52951,167,1,Personal Auto,SUV,290
CS35098,California,M,College,10212,93920,84,0,Corporate Auto,Four-Door Car,213
VV57998,California,M,Bachelor,2557,0,71,0,Corporate Auto,Four-Door Car,341
ZC17826,California,M,Bachelor,15552,0,64,0,Personal Auto,Four-Door Car,307
WD85096,California,F,Master,4904,27593,63,0,Corporate Auto,Two-Door Car,241
LZ57827,California,M,Bachelor,13931,37695,118,0,Personal Auto,SUV,352
CV70978,California,M,Bachelor,7756,97592,65,0,Personal Auto,Four-Door Car,312
GQ42004,California,M,College,11233,0,74,0,Personal Auto,Four-Door Car,355
AV93209,California,F,High School or Below,12488,31283,104,0,Personal Auto,Four-Door Car,499
BV27017,California,F,College,17603,0,161,1,Corporate Auto,SUV,773
VU71619,California,M,Bachelor,13277,96402,110,0,Personal Auto,SUV,380
FM12425,California,M,College,19338,26488,247,0,Personal Auto,Luxury,1322
DY27031,California,M,High School or Below,4449,0,70,3,Personal Auto,Four-Door Car,433
UE75424,California,M,Doctor,10733,75728,133,0,Corporate Auto,SUV,44
MU67498,California,F,College,7201,0,66,0,Corporate Auto,Four-Door Car,317
IX32007,California,M,Bachelor,2865,0,109,4,Personal Auto,SUV,1146
DF86803,California,M,High School or Below,5308,0,73,0,Corporate Auto,Four-Door Car,526
JS10224,California,F,College,18321,76726,65,0,Personal Auto,Four-Door Car,10
HA93483,California,F,Bachelor,4319,11811,110,0,Personal Auto,Luxury,809
WW80551,California,M,High School or Below,6556,0,63,0,Personal Auto,Four-Door Car,454
WI89701,California,F,College,5706,0,74,0,Personal Auto,Two-Door Car,432
JQ81164,California,F,College,6656,26628,85,0,Corporate Auto,Two-Door Car,408
KA25468,California,M,Master,4905,46177,61,0,Personal Auto,Four-Door Car,379
IW31117,California,M,Doctor,5621,21142,71,0,Personal Auto,Two-Door Car,79
MI91352,California,M,Bachelor,8382,25998,71,0,Personal Auto,Four-Door Car,792
CP93345,California,F,Bachelor,2858,85300,73,2,Corporate Auto,Four-Door Car,320
CZ20440,California,F,High School or Below,4291,0,62,1,Corporate Auto,Four-Door Car,404
KZ35883,California,F,College,33288,91541,118,0,Personal Auto,Four-Door Car,52
SJ30138,California,M,High School or Below,4145,0,118,0,Corporate Auto,SUV,566
AO77635,California,F,College,4006,28987,102,0,Personal Auto,SUV,246
PJ36160,California,M,Bachelor,16273,83589,103,0,Personal Auto,SUV,366
XT41916,California,F,High School or Below,5144,0,72,0,Personal Auto,Four-Door Car,375
EA61783,California,F,Bachelor,26233,35868,110,0,Personal Auto,SUV,528
IS12075,California,F,High School or Below,5100,0,71,1,Corporate Auto,Four-Door Car,654
QV14053,California,M,High School or Below,2708,53807,68,0,Personal Auto,Two-Door Car,64
ZZ68210,California,M,High School or Below,30746,0,110,0,Personal Auto,Four-Door Car,1005
BT57285,California,M,High School or Below,4564,0,124,0,Personal Auto,SUV,595
UF88512,California,M,Bachelor,7443,57517,96,0,Corporate Auto,Four-Door Car,461
RI76399,California,F,High School or Below,17636,37109,63,0,Corporate Auto,Two-Door Car,302
OY95386,California,F,Bachelor,8419,0,115,0,Personal Auto,SUV,552
BJ58596,California,F,High School or Below,2486,0,72,0,Corporate Auto,Two-Door Car,518
HV75193,California,F,Master,2867,26924,73,0,Personal Auto,Four-Door Car,262
LI81655,California,M,Master,6638,21586,167,1,Personal Auto,Luxury,802
XP61922,California,F,Bachelor,2531,89451,63,0,Personal Auto,Four-Door Car,62
JA12512,California,F,Bachelor,5556,97424,68,0,Personal Auto,Two-Door Car,230
FP20500,California,M,Bachelor,6265,0,89,0,Corporate Auto,Two-Door Car,850
MS88882,California,M,College,5639,24636,77,0,Personal Auto,Two-Door Car,481
QH52104,California,M,Master,3903,0,104,0,Personal Auto,Four-Door Car,499
BM92346,California,F,High School or Below,3919,66676,97,0,Personal Auto,Four-Door Car,558
NS23754,California,F,High School or Below,2567,21375,65,0,Corporate Auto,Four-Door Car,312
ZG54759,California,F,College,2837,41408,73,1,Corporate Auto,Four-Door Car,269
LI31082,California,F,Bachelor,12742,73054,106,1,Personal Auto,SUV,419
UY51200,California,M,College,8889,77104,112,1,Corporate Auto,SUV,436
UV44323,California,F,College,4903,0,133,0,Personal Auto,SUV,638
TO55166,California,M,Bachelor,2600,72766,65,0,Personal Auto,Two-Door Car,91
TZ28073,California,M,Bachelor,4341,23352,112,0,Personal Auto,SUV,538
UF31027,California,F,College,4299,76778,107,1,Personal Auto,SUV,501
UV48386,California,M,Master,2698,40154,67,0,Corporate Auto,Four-Door Car,361
HO74982,California,F,Bachelor,5383,74888,68,3,Personal Auto,Two-Door Car,336
BD12981,California,F,College,5733,39337,74,1,Personal Auto,Four-Door Car,277
JC18314,California,M,Bachelor,7089,28121,90,0,Personal Auto,Two-Door Car,432
BP90016,California,M,Master,8302,78032,103,0,Corporate Auto,SUV,324
PS23376,California,F,High School or Below,5671,69668,70,0,Corporate Auto,Two-Door Car,65
LX30483,California,F,College,3372,0,102,3,Personal Auto,SUV,490
FQ93665,California,F,High School or Below,18940,21911,67,0,Corporate Auto,Four-Door Car,705
LG73224,California,M,High School or Below,2671,52572,68,0,Personal Auto,Four-Door Car,379
WJ92113,California,F,Bachelor,14032,91061,116,0,Personal Auto,Four-Door Car,557
ZT26848,California,M,High School or Below,8314,40447,105,0,Personal Auto,SUV,378
SO42230,California,F,Master,7126,22490,90,0,Personal Auto,Two-Door Car,89
VB65967,California,M,Bachelor,27430,49331,138,0,Personal Auto,SUV,386
ED82243,California,M,College,7019,26806,63,0,Personal Auto,Four-Door Car,302
AU62013,California,F,Doctor,24827,67572,102,0,Personal Auto,Luxury,296
TT68630,California,F,Bachelor,3351,90213,83,0,Personal Auto,Two-Door Car,398
RV82726,California,M,High School or Below,4438,22768,112,0,Personal Auto,Four-Door Car,538
VC11777,California,F,High School or Below,5188,80521,65,2,Personal Auto,Four-Door Car,343
HZ68892,California,M,College,4584,85245,115,0,Personal Auto,Luxury,557
RY44243,California,F,College,5946,65602,73,0,Personal Auto,Four-Door Car,62
DR77989,California,M,College,4786,0,68,0,Personal Auto,Four-Door Car,199
PU25344,California,M,Bachelor,7276,0,106,0,Personal Auto,SUV,1248
NC80854,California,F,College,4941,0,71,0,Personal Auto,Four-Door Car,512
PG90331,California,M,College,18636,11656,70,0,Personal Auto,Two-Door Car,336
TI14001,California,M,College,7507,60920,64,0,Corporate Auto,Two-Door Car,231
FP51143,California,M,College,2130,0,62,0,Corporate Auto,Two-Door Car,446
LK19630,California,F,High School or Below,2907,52216,72,1,Personal Auto,Four-Door Car,362
JK16503,California,M,High School or Below,4916,0,67,0,Personal Auto,Two-Door Car,322
WG29557,California,M,Master,5068,74919,63,0,Personal Auto,Four-Door Car,206
EQ96084,California,F,Bachelor,7822,33963,99,0,Corporate Auto,Four-Door Car,223
WH28633,California,M,College,2897,75041,74,0,Personal Auto,Four-Door Car,56
KN50049,California,M,College,18883,24054,176,0,Personal Auto,SUV,1134
RN48574,California,F,College,6274,18577,86,0,Corporate Auto,Four-Door Car,413
PD11073,California,F,College,7615,35045,96,0,Personal Auto,Four-Door Car,421
FS86064,California,M,Bachelor,2118,0,64,0,Personal Auto,Four-Door Car,426
JU47573,California,F,Bachelor,2291,0,64,0,Personal Auto,Four-Door Car,483
VN59368,California,F,College,6521,72608,82,3,Personal Auto,Four-Door Car,394
UI19516,California,M,College,16910,65620,213,0,Corporate Auto,Luxury,766
ZV55368,California,M,High School or Below,5709,75650,71,0,Corporate Auto,Four-Door Car,105
OS54451,California,M,Bachelor,2628,31964,67,0,Personal Auto,Four-Door Car,120
IP93821,California,F,High School or Below,3601,25147,101,0,Personal Auto,SUV,695
AR17553,California,M,Master,6111,22944,80,0,Corporate Auto,Four-Door Car,488
SM10031,California,M,Master,2933,0,78,0,Personal Auto,Four-Door Car,398
CK14803,California,M,College,4325,94242,107,0,Personal Auto,SUV,52
CJ35075,California,F,High School or Below,4665,0,68,1,Personal Auto,Four-Door Car,326
NA56063,California,M,College,43019,0,132,0,Corporate Auto,SUV,904
CA62597,California,F,Bachelor,7483,0,101,0,Corporate Auto,SUV,978
ZO23305,California,M,Bachelor,4930,25632,63,0,Personal Auto,Two-Door Car,351
UD20999,California,M,Master,2538,0,68,0,Corporate Auto,Four-Door Car,326
FQ66351,California,F,Bachelor,5322,33681,138,1,Personal Auto,SUV,873
AB69140,California,M,Master,25094,36007,70,0,Personal Auto,Four-Door Car,336
CT53265,California,F,College,2657,18834,69,0,Personal Auto,Two-Door Car,454
WN91223,California,M,Master,11073,82807,92,0,Personal Auto,Four-Door Car,302
MP48946,California,F,High School or Below,2499,72021,62,0,Corporate Auto,Two-Door Car,51
NE79174,California,M,Bachelor,5387,41228,70,3,Personal Auto,Two-Door Car,336
UI77960,California,F,High School or Below,6656,39834,83,0,Personal Auto,Four-Door Car,398
VD69291,California,M,College,2703,22415,69,0,Personal Auto,Four-Door Car,353
XD54132,California,F,High School or Below,2567,61900,64,0,Corporate Auto,Four-Door Car,307
AT33529,California,F,Doctor,2777,30893,70,0,Corporate Auto,Four-Door Car,85
AT79008,California,F,Bachelor,9065,40006,114,1,Personal Auto,Two-Door Car,133
UZ14076,California,F,High School or Below,32105,89546,266,1,Corporate Auto,Luxury,2453
EP10645,California,M,College,18678,0,86,0,Personal Auto,Four-Door Car,539
PW78930,California,M,Bachelor,2982,79523,74,0,Personal Auto,Four-Door Car,132
ZC97968,California,M,College,2736,17533,73,0,Personal Auto,Two-Door Car,350
SF30642,California,M,High School or Below,8997,49706,113,0,Personal Auto,SUV,618
AH22694,California,M,Doctor,5850,24317,73,1,Corporate Auto,Four-Door Car,350
SM87252,California,M,College,5844,77498,74,0,Personal Auto,Two-Door Car,249
MA60552,California,M,Bachelor,4015,28088,102,0,Personal Auto,SUV,490
PE51299,California,M,High School or Below,10782,73026,67,0,Personal Auto,Four-Door Car,322
JR22900,California,F,College,18485,36153,117,1,Corporate Auto,Luxury,323
DP19210,California,F,Master,9192,23823,115,0,Corporate Auto,Luxury,567
XP76338,California,M,Bachelor,4711,24843,61,2,Personal Auto,Four-Door Car,331
MW46400,California,F,High School or Below,7635,0,106,0,Corporate Auto,Four-Door Car,763
FB71914,California,M,College,30205,0,89,0,Personal Auto,Four-Door Car,469
OH15780,California,M,College,12281,88340,102,0,Personal Auto,Two-Door Car,490
QO56615,California,F,College,2980,13535,80,1,Personal Auto,Four-Door Car,384
EL67979,California,M,College,17223,22346,64,0,Personal Auto,Four-Door Car,307
OW68478,California,M,High School or Below,12299,17101,113,0,Corporate Auto,SUV,542
SF13677,California,M,High School or Below,2843,0,81,0,Personal Auto,Four-Door Car,583
MP80287,California,F,College,9498,0,90,0,Personal Auto,Two-Door Car,432
UK45178,California,F,Bachelor,2225,0,67,1,Personal Auto,Two-Door Car,482
JC29850,California,M,Bachelor,7507,0,67,1,Corporate Auto,Two-Door Car,322
IK44574,California,M,Bachelor,5609,28483,72,0,Corporate Auto,Four-Door Car,346
KE98143,California,F,Master,2701,89362,67,0,Personal Auto,Four-Door Car,116
XN28388,California,F,College,4130,0,66,2,Corporate Auto,Four-Door Car,523
AX38728,California,M,College,2967,0,81,0,Personal Auto,Two-Door Car,389
IX18485,California,F,High School or Below,9594,27443,86,2,Personal Auto,Four-Door Car,685
KB42322,California,F,Bachelor,6761,70829,85,0,Personal Auto,Four-Door Car,553
RW54189,California,M,Bachelor,5747,23504,73,0,Personal Auto,Four-Door Car,350
FV70604,California,F,Bachelor,5049,0,142,0,Corporate Auto,SUV,880
PC23709,California,F,Bachelor,5715,74905,72,0,Personal Auto,Four-Door Car,167
RB75458,California,M,High School or Below,2230,0,65,0,Personal Auto,Four-Door Car,713
RX14132,California,M,High School or Below,7228,25926,61,0,Personal Auto,Two-Door Car,293
AF36894,California,M,Bachelor,4393,33640,113,0,Corporate Auto,SUV,542
UY32623,California,F,College,3593,18213,96,1,Corporate Auto,Four-Door Car,461
AL95338,California,F,High School or Below,6679,0,91,0,Personal Auto,Four-Door Car,655
WL28610,California,F,High School or Below,4146,0,116,1,Corporate Auto,SUV,557
AC73173,California,M,Bachelor,3695,0,102,0,Personal Auto,SUV,611
GV76798,California,F,Master,4782,30361,119,1,Personal Auto,Four-Door Car,373
SP29219,California,M,College,3885,0,105,0,Personal Auto,Four-Door Car,504
CI30899,California,F,College,4737,0,68,0,Personal Auto,Two-Door Car,326
MI49191,California,M,Bachelor,9411,96060,117,0,Corporate Auto,Four-Door Car,562
YP16210,California,F,College,5878,25398,74,0,Personal Auto,Four-Door Car,466
CO91673,California,F,Bachelor,4547,29031,61,2,Personal Auto,Four-Door Car,293
CC93587,California,M,College,5926,92949,74,0,Personal Auto,Two-Door Car,337
MX48796,California,F,Bachelor,4874,0,68,0,Corporate Auto,Four-Door Car,356
IC80537,California,M,College,2581,46900,66,0,Corporate Auto,Four-Door Car,317
AA93585,California,M,College,7084,97024,177,0,Personal Auto,SUV,687
SR41132,California,F,High School or Below,30105,0,94,0,Corporate Auto,Two-Door Car,849
IT11766,California,F,Bachelor,4149,61896,104,0,Personal Auto,SUV,461
QO68842,California,F,Doctor,2519,39317,64,0,Personal Auto,Four-Door Car,78
RY47606,California,M,Bachelor,3844,43987,96,0,Personal Auto,Four-Door Car,461
CX22458,California,M,Master,9076,37722,116,0,Personal Auto,Luxury,158
TL44525,California,M,Bachelor,2619,78618,66,0,Corporate Auto,Two-Door Car,226
CZ57208,California,F,Bachelor,15245,30205,195,0,Personal Auto,Luxury,1330
LM97847,California,M,College,2615,57023,67,0,Personal Auto,Four-Door Car,251
IK96366,California,M,College,5551,36918,76,3,Personal Auto,Two-Door Car,365
SJ86522,California,M,High School or Below,6827,0,102,0,Corporate Auto,SUV,957
UU42868,California,M,High School or Below,5620,0,153,0,Corporate Auto,SUV,1027
GX11087,California,F,High School or Below,3907,0,109,0,Personal Auto,SUV,666
JR41742,California,M,College,3623,0,108,0,Corporate Auto,SUV,1254
RA89822,California,F,High School or Below,34611,20090,109,0,Personal Auto,Luxury,523
IJ25462,California,M,Bachelor,2846,86631,73,1,Personal Auto,Four-Door Car,401
ZP86347,California,F,College,5501,44019,138,0,Personal Auto,SUV,165
HO82823,California,F,Bachelor,3359,59367,84,0,Personal Auto,Four-Door Car,7
EA54906,California,F,High School or Below,7502,38874,94,0,Corporate Auto,Four-Door Car,331
BC64697,California,F,College,11664,0,107,0,Personal Auto,Four-Door Car,514
VV68726,California,F,High School or Below,5133,28647,69,0,Personal Auto,Four-Door Car,331
QR91631,California,F,High School or Below,8732,51205,72,0,Personal Auto,Two-Door Car,186
OT56964,California,M,Master,9424,46897,118,0,Corporate Auto,SUV,323
YX35990,California,M,Master,5480,56005,68,1,Corporate Auto,Four-Door Car,326
RN61682,California,F,Bachelor,2115,0,72,5,Personal Auto,Four-Door Car,518
BB10681,California,F,College,4141,0,123,2,Corporate Auto,SUV,590
FH43628,California,F,College,25465,13663,97,0,Personal Auto,Four-Door Car,466
WZ45103,California,F,Bachelor,5678,0,76,0,Personal Auto,Four-Door Car,365
CB59349,California,M,Master,16262,60646,134,0,Personal Auto,SUV,643
RX91025,California,M,High School or Below,19872,0,185,0,Personal Auto,SUV,1951
AC13887,California,M,Bachelor,4629,0,67,0,Corporate Auto,Two-Door Car,482
TF56202,California,M,College,5032,66367,64,0,Personal Auto,Two-Door Car,307
YM19146,California,F,College,4100,47761,104,0,Personal Auto,Four-Door Car,541
LA72316,California,M,Bachelor,23406,71941,73,0,Personal Auto,Four-Door Car,198
PK87824,California,F,College,3097,21604,79,0,Corporate Auto,Four-Door Car,379
TD14365,California,M,Bachelor,8164,0,85,3,Corporate Auto,Four-Door Car,791
UP19263,California,M,College,7524,21941,96,0,Personal Auto,Four-Door Car,691
Y167826,California,M,College,2612,0,77,0,Corporate Auto,Two-Door Car,370
